Sample_name,Label,Hash,nReads
MFU-KAT-B25-d1-1_S88,MFU,c9c48b5f462ccce8114d54f0d51233f0c269c725,164
MFU-KAT-B26-d1-1_S89,MFU,c9c48b5f462ccce8114d54f0d51233f0c269c725,186
MFU-OCNMS-2022-15-d10-1_S31,MFU,f58165a03d83170c45f1abbea86a652f8ba78a84,188
MFU-OCNMS-2022-12-d10-1_S28,MFU,f58165a03d83170c45f1abbea86a652f8ba78a84,116
MFU-OCNMS-2022-8-d10-1_S24,MFU,f58165a03d83170c45f1abbea86a652f8ba78a84,30
MFU-OCNMS-2022-21-d10-1_S37,MFU,f58165a03d83170c45f1abbea86a652f8ba78a84,101
MFU-OCNMS-2022-17-d10-1_S33,MFU,f58165a03d83170c45f1abbea86a652f8ba78a84,353
MFU-OCNMS-2022-6-d1-1_S22,MFU,f58165a03d83170c45f1abbea86a652f8ba78a84,95
MFU-OCNMS-2022-19-d10-1_S35,MFU,f58165a03d83170c45f1abbea86a652f8ba78a84,273
MFU-OCNMS-2022-23-d10-1_S39,MFU,f58165a03d83170c45f1abbea86a652f8ba78a84,85
MFU-OCNMS-2022-20-d10-1_S36,MFU,f58165a03d83170c45f1abbea86a652f8ba78a84,113
MFU-OCNMS-2022-9-d10-1_S25,MFU,f58165a03d83170c45f1abbea86a652f8ba78a84,37
MFU-OCNMS-2022-18-d10-1_S34,MFU,f58165a03d83170c45f1abbea86a652f8ba78a84,229
MFU-OCNMS-2022-16-d1-1_S32,MFU,f58165a03d83170c45f1abbea86a652f8ba78a84,230
MFU-OCNMS-2022-14-d10-1_S30,MFU,f58165a03d83170c45f1abbea86a652f8ba78a84,249
MFU-OCNMS-2022-22-d10-1_S38,MFU,f58165a03d83170c45f1abbea86a652f8ba78a84,124
MFU-OCNMS-2022-11-d10-1_S27,MFU,f58165a03d83170c45f1abbea86a652f8ba78a84,20
MFU-OCNMS-2022-11-d10-1_S27,MFU,eb1ac15ac295c07215c3ffe956cdeb44b7c55905,122
MFU-OCNMS-2022-9-d10-1_S25,MFU,820e6701db73e94e407ee9cd282a4881d0fd058b,221
MFU-OCNMS-2022-17-d10-1_S33,MFU,820e6701db73e94e407ee9cd282a4881d0fd058b,119
MFU-mock1-even-d1-1_S41,MFU,d3958c2683bfcc60fdfbf2b7c0626c0a888cd71e,3
MFU-CPS-mock4-skew-d1-2_S131,MFU,aadf4002ce87df70f0b9eb9e0e6e0dc120f36e3c,6
MFU-CPS-mock4-skew-d1-1_S130,MFU,aadf4002ce87df70f0b9eb9e0e6e0dc120f36e3c,12
MFU-OCNMS-2022-12-d10-1_S28,MFU,059c327da4cdb05ea2f4aab27961710fbf9c2678,1309
MFU-mock1-even-d1-1_S41,MFU,8c809f31ba47cb763af8f107c98dbc223a74b669,3
MFU-CPS-mock4-even-d1-2_S128,MFU,c9b2ac58b69c44e7de8a3fddf1bec5f4d5c5500e,3
MFU-CPS-mock4-skew-d1-2_S131,MFU,c9b2ac58b69c44e7de8a3fddf1bec5f4d5c5500e,15
MFU-CPS-mock4-skew-d1-1_S130,MFU,c9b2ac58b69c44e7de8a3fddf1bec5f4d5c5500e,14
MFU-OCNMS-2022-16-d1-1_S32,MFU,ac877ce0b7c31d4700275e34f32213b021200d5a,139
MFU-OCNMS-2022-14-d10-1_S30,MFU,ac877ce0b7c31d4700275e34f32213b021200d5a,107
MFU-OCNMS-2022-22-d10-1_S38,MFU,ac877ce0b7c31d4700275e34f32213b021200d5a,143
MFU-OCNMS-2022-11-d10-1_S27,MFU,ac877ce0b7c31d4700275e34f32213b021200d5a,222
MFU-OCNMS-2022-4-d1-1_S20,MFU,f4a3e4f6ba8f38ce7b8345acdb55102103c8f010,47
MFU-mock1-even-d1-2_S42,MFU,63473f90db74e7f04895e6f63eeb65e33811e82f,5
MFU-CPS-mock4-skew-d1-2_S131,MFU,5c22cad2a6062dceb68168e9ed3f4e5728a2b115,8
MFU-CPS-mock4-skew-d1-1_S130,MFU,dbfacf0f4fc32d62e26b7e955224c475b3a0a176,8
MFU-CPS-mock4-skew-d1-2_S131,MFU,8e4830787ea0cd106c5235c7b24548f55bfa3bdd,25
MFU-CPS-mock4-skew-d1-1_S130,MFU,8e4830787ea0cd106c5235c7b24548f55bfa3bdd,32
MFU-CPS-mock4-skew-d1-1_S130,MFU,8c9c73613ed377f0a78d21e6a246036d53af0399,23
MFU-CPS-mock4-skew-d1-3_S132,MFU,8c9c73613ed377f0a78d21e6a246036d53af0399,10
MFU-CPS-mock4-skew-d1-2_S131,MFU,8c9c73613ed377f0a78d21e6a246036d53af0399,23
MFU-CPS-mock4-even-d1-3_S129,MFU,8c9c73613ed377f0a78d21e6a246036d53af0399,4
MFU-OCNMS-2022-14-d10-1_S30,MFU,14c64a261a2c85467c78121198a9029fc11c1594,107
MFU-CPS-mock4-skew-d1-3_S132,MFU,b64eadd92bf744b96b872f1cb8806546e71d7808,5
MFU-CPS-mock4-skew-d1-1_S130,MFU,b64eadd92bf744b96b872f1cb8806546e71d7808,15
MFU-CPS-mock4-even-d1-2_S128,MFU,b64eadd92bf744b96b872f1cb8806546e71d7808,2
MFU-CPS-mock4-skew-d1-2_S131,MFU,b64eadd92bf744b96b872f1cb8806546e71d7808,29
MFU-OCNMS-2022-9-d10-1_S25,MFU,611af8fb2121b3d9ee9348ee5ca812d629a0fa4a,129
MFU-mock1-even-d1-3_S43,MFU,aa6ce908117326de02645020a33f408658c76d60,9428
MFU-mock1-skew-d1-3_S46,MFU,aa6ce908117326de02645020a33f408658c76d60,1759
MFU-mock1-skew-d1-1_S44,MFU,aa6ce908117326de02645020a33f408658c76d60,866
MFU-mock1-even-d1-1_S41,MFU,aa6ce908117326de02645020a33f408658c76d60,15565
MFU-mock1-skew-d1-2_S45,MFU,aa6ce908117326de02645020a33f408658c76d60,1021
MFU-mock1-even-d1-2_S42,MFU,aa6ce908117326de02645020a33f408658c76d60,14832
MFU-OCNMS-2022-19-d10-1_S35,MFU,d7465bb97050cf8e77e80e2da5db6dbabe728ecf,4
MFU-OCNMS-2022-7-d10-1_S23,MFU,aa6b526729a7472d97116bc23f9e9a81ce5b9991,34
MFU-OCNMS-2022-16-d1-1_S32,MFU,4b8ebe8d0682aa518a1a96d150741e6ded710b73,160
MFU-OCNMS-2022-5-d10-1_S21,MFU,631fd7e814ddfc96c8c9566740f8ac555402cf3c,159
MFU-OCNMS-2022-4-d1-1_S20,MFU,631fd7e814ddfc96c8c9566740f8ac555402cf3c,78
MFU-OCNMS-2022-7-d10-1_S23,MFU,47c0059ab492a2d15eb989e07a0b09e175027fb4,77
MFU-CPS-mock3-skew-d1-1_S12,MFU,57b8e6bb272d3b455e6af9bc845eab53580d2b01,11211
MFU-CPS-mock3-even-d1-2_S5,MFU,57b8e6bb272d3b455e6af9bc845eab53580d2b01,5719
MFU-CPS-mock3-even-d1-1_S4,MFU,57b8e6bb272d3b455e6af9bc845eab53580d2b01,3914
MFU-CPS-mock3-skew-d1-3_S14,MFU,57b8e6bb272d3b455e6af9bc845eab53580d2b01,12850
MFU-CPS-mock3-skew-d1-2_S13,MFU,57b8e6bb272d3b455e6af9bc845eab53580d2b01,14471
MFU-CPS-mock3-even-d1-3_S6,MFU,57b8e6bb272d3b455e6af9bc845eab53580d2b01,4643
MFU-OCNMS-2022-9-d10-1_S25,MFU,191a0612d8ddff9212ba6e5f412063f5e10aa0ed,2503
MFU-OCNMS-2022-8-d10-1_S24,MFU,191a0612d8ddff9212ba6e5f412063f5e10aa0ed,1061
MFU-OCNMS-2022-10-d10-1_S26,MFU,191a0612d8ddff9212ba6e5f412063f5e10aa0ed,197
MFU-OCNMS-2022-11-d10-1_S27,MFU,191a0612d8ddff9212ba6e5f412063f5e10aa0ed,275
MFU-OCNMS-2022-2-d10-1_S18,MFU,191a0612d8ddff9212ba6e5f412063f5e10aa0ed,418
MFU-OCNMS-2022-4-d1-1_S20,MFU,191a0612d8ddff9212ba6e5f412063f5e10aa0ed,323
MFU-OCNMS-2022-3-d10-1_S19,MFU,191a0612d8ddff9212ba6e5f412063f5e10aa0ed,1046
MFU-OCNMS-2022-7-d10-1_S23,MFU,191a0612d8ddff9212ba6e5f412063f5e10aa0ed,689
MFU-CPS-mock2-skew-d1-2_S10,MFU,56b85a262e73a6e60ef0c6d33c4d23a70da33cc0,31
MFU-OCNMS-2022-4-d1-1_S20,MFU,56b85a262e73a6e60ef0c6d33c4d23a70da33cc0,4779
MFU-OCNMS-2022-15-d10-1_S31,MFU,56b85a262e73a6e60ef0c6d33c4d23a70da33cc0,631
MFU-OCNMS-2022-7-d10-1_S23,MFU,56b85a262e73a6e60ef0c6d33c4d23a70da33cc0,14124
MFU-OCNMS-2022-2-d10-1_S18,MFU,56b85a262e73a6e60ef0c6d33c4d23a70da33cc0,2517
MFU-OCNMS-2022-19-d10-1_S35,MFU,56b85a262e73a6e60ef0c6d33c4d23a70da33cc0,357
MFU-OCNMS-2022-10-d10-1_S26,MFU,56b85a262e73a6e60ef0c6d33c4d23a70da33cc0,620
MFU-CPS-mock2-even-d1-3_S3,MFU,56b85a262e73a6e60ef0c6d33c4d23a70da33cc0,15
MFU-CPS-mock4-even-d1-3_S129,MFU,56b85a262e73a6e60ef0c6d33c4d23a70da33cc0,32
MFU-OCNMS-2022-9-d10-1_S25,MFU,56b85a262e73a6e60ef0c6d33c4d23a70da33cc0,23303
MFU-OCNMS-2022-20-d10-1_S36,MFU,56b85a262e73a6e60ef0c6d33c4d23a70da33cc0,352
MFU-CPS-mock2-even-d1-2_S2,MFU,56b85a262e73a6e60ef0c6d33c4d23a70da33cc0,18
MFU-OCNMS-2022-23-d10-1_S39,MFU,56b85a262e73a6e60ef0c6d33c4d23a70da33cc0,54
MFU-OCNMS-2022-3-d10-1_S19,MFU,56b85a262e73a6e60ef0c6d33c4d23a70da33cc0,801
MFU-CPS-mock2-skew-d1-1_S9,MFU,56b85a262e73a6e60ef0c6d33c4d23a70da33cc0,24
MFU-OCNMS-2022-18-d10-1_S34,MFU,56b85a262e73a6e60ef0c6d33c4d23a70da33cc0,389
MFU-OCNMS-2022-16-d1-1_S32,MFU,56b85a262e73a6e60ef0c6d33c4d23a70da33cc0,149
MFU-OCNMS-2022-22-d10-1_S38,MFU,56b85a262e73a6e60ef0c6d33c4d23a70da33cc0,109
MFU-OCNMS-2022-11-d10-1_S27,MFU,56b85a262e73a6e60ef0c6d33c4d23a70da33cc0,2655
MFU-CPS-mock2-skew-d1-3_S11,MFU,56b85a262e73a6e60ef0c6d33c4d23a70da33cc0,19
MFU-OCNMS-2022-14-d10-1_S30,MFU,56b85a262e73a6e60ef0c6d33c4d23a70da33cc0,390
MFU-OCNMS-2022-5-d10-1_S21,MFU,56b85a262e73a6e60ef0c6d33c4d23a70da33cc0,12708
MFU-OCNMS-2022-8-d10-1_S24,MFU,56b85a262e73a6e60ef0c6d33c4d23a70da33cc0,2055
MFU-OCNMS-2022-15-d10-1_S31,MFU,cf6f5dd80090448ae69a27b519d6cd0820e30ff4,32
MFU-OCNMS-2022-20-d10-1_S36,MFU,4987ed61a49e7ac29ca047ce7bdb0f428c8e7a1a,169
MFU-OCNMS-2022-5-d10-1_S21,MFU,c6b3f2122289e9636d1bd44c62ff200d9e1e263f,96
MFU-OCNMS-2022-4-d1-1_S20,MFU,c6b3f2122289e9636d1bd44c62ff200d9e1e263f,99
MFU-CPS-mock4-skew-d1-1_S130,MFU,b937d570b6ecf373a7b14d507d17a1f602facd8d,59
MFU-CPS-mock2-even-d1-1_S1,MFU,b937d570b6ecf373a7b14d507d17a1f602facd8d,7
MFU-CPS-mock4-skew-d1-2_S131,MFU,b937d570b6ecf373a7b14d507d17a1f602facd8d,70
MFU-OCNMS-2022-5-d10-1_S21,MFU,30ff5ffa835ac9e0bc624106a571dca5fd89d309,2152
MFU-OCNMS-2022-3-d10-1_S19,MFU,30ff5ffa835ac9e0bc624106a571dca5fd89d309,119
MFU-CPS-mock4-skew-d1-2_S131,MFU,30ff5ffa835ac9e0bc624106a571dca5fd89d309,56
MFU-OCNMS-2022-2-d10-1_S18,MFU,30ff5ffa835ac9e0bc624106a571dca5fd89d309,37
MFU-CPS-mock4-even-d1-2_S128,MFU,30ff5ffa835ac9e0bc624106a571dca5fd89d309,56
MFU-OCNMS-2022-4-d1-1_S20,MFU,30ff5ffa835ac9e0bc624106a571dca5fd89d309,2265
MFU-CPS-mock4-skew-d1-3_S132,MFU,30ff5ffa835ac9e0bc624106a571dca5fd89d309,22
MFU-OCNMS-2022-20-d10-1_S36,MFU,30ff5ffa835ac9e0bc624106a571dca5fd89d309,900
MFU-CPS-mock4-even-d1-1_S127,MFU,30ff5ffa835ac9e0bc624106a571dca5fd89d309,55
MFU-OCNMS-2022-9-d10-1_S25,MFU,30ff5ffa835ac9e0bc624106a571dca5fd89d309,739
MFU-KAT-B25-d1-1_S88,MFU,30ff5ffa835ac9e0bc624106a571dca5fd89d309,499
MFU-OCNMS-2022-7-d10-1_S23,MFU,30ff5ffa835ac9e0bc624106a571dca5fd89d309,870
MFU-KAT-B22-d1-1_S87,MFU,30ff5ffa835ac9e0bc624106a571dca5fd89d309,400
MFU-OCNMS-2022-23-d10-1_S39,MFU,30ff5ffa835ac9e0bc624106a571dca5fd89d309,38
MFU-OCNMS-2022-14-d10-1_S30,MFU,30ff5ffa835ac9e0bc624106a571dca5fd89d309,477
MFU-OCNMS-2022-11-d10-1_S27,MFU,30ff5ffa835ac9e0bc624106a571dca5fd89d309,418
MFU-CPS-mock4-even-d1-3_S129,MFU,30ff5ffa835ac9e0bc624106a571dca5fd89d309,121
MFU-OCNMS-2022-10-d10-1_S26,MFU,30ff5ffa835ac9e0bc624106a571dca5fd89d309,236
MFU-CPS-mock4-skew-d1-1_S130,MFU,30ff5ffa835ac9e0bc624106a571dca5fd89d309,21
MFU-KAT-B26-d1-1_S89,MFU,30ff5ffa835ac9e0bc624106a571dca5fd89d309,1665
MFU-OCNMS-2022-4-d1-1_S20,MFU,c0cfe17121bac093ed191dafbb3d1623ebc26b84,78
MFU-OCNMS-2022-5-d10-1_S21,MFU,0f135188c985c0e2e2f288712481dafb2f803272,39
MFU-mock1-even-d1-2_S42,MFU,4e425a62a06a4bc75fd852e02437a475ccb755b0,4
MFU-OCNMS-2022-7-d10-1_S23,MFU,15903b34a9ddf3e5fac7751a3fb4553cba9c950a,233
MFU-OCNMS-2022-8-d10-1_S24,MFU,15903b34a9ddf3e5fac7751a3fb4553cba9c950a,101
MFU-OCNMS-2022-4-d1-1_S20,MFU,15903b34a9ddf3e5fac7751a3fb4553cba9c950a,224
MFU-OCNMS-2022-5-d10-1_S21,MFU,15903b34a9ddf3e5fac7751a3fb4553cba9c950a,407
MFU-OCNMS-2022-9-d10-1_S25,MFU,5446467ccaa89e2d7bc0b43d7eabf702a5dd25fb,96
MFU-OCNMS-2022-10-d10-1_S26,MFU,34140d37af1db350426ba7f9a937b19ee189b852,70
MFU-OCNMS-2022-7-d10-1_S23,MFU,b722011cf06c5bb48aed72f5f237281798ae1364,78
MFU-OCNMS-2022-4-d1-1_S20,MFU,c449a1d59438d0dd660a5d371f24f7bd64855857,49
MFU-OCNMS-2022-7-d10-1_S23,MFU,c25a24eec2948797831af5a8f7e61883abda5257,93
MFU-OCNMS-2022-5-d10-1_S21,MFU,610e97dc9a5b0e665a08fd2da89891d4a3f27bf1,86
MFU-OCNMS-2022-9-d10-1_S25,MFU,61c6feb9bb339c9ea649c171905ffef5d82d0eb8,746
MFU-OCNMS-2022-19-d10-1_S35,MFU,61c6feb9bb339c9ea649c171905ffef5d82d0eb8,97
MFU-OCNMS-2022-3-d10-1_S19,MFU,61c6feb9bb339c9ea649c171905ffef5d82d0eb8,51
MFU-OCNMS-2022-17-d10-1_S33,MFU,61c6feb9bb339c9ea649c171905ffef5d82d0eb8,297
MFU-OCNMS-2022-7-d10-1_S23,MFU,61c6feb9bb339c9ea649c171905ffef5d82d0eb8,1326
MFU-mock1-even-d1-1_S41,MFU,aabaacb514c28f7a8f1ea297cb676935daba8092,2
MFU-CPS-mock2-even-d1-3_S3,MFU,aabaacb514c28f7a8f1ea297cb676935daba8092,18
MFU-CPS-mock2-even-d1-1_S1,MFU,aabaacb514c28f7a8f1ea297cb676935daba8092,19
MFU-CPS-mock2-even-d1-2_S2,MFU,aabaacb514c28f7a8f1ea297cb676935daba8092,16
MFU-CPS-mock2-skew-d1-1_S9,MFU,aabaacb514c28f7a8f1ea297cb676935daba8092,5
MFU-CPS-mock2-even-d1-1_S1,MFU,6c49506da20cc547068ee28d02b3031d23916380,5519
MFU-CPS-mock2-skew-d1-2_S10,MFU,6c49506da20cc547068ee28d02b3031d23916380,7008
MFU-CPS-mock2-even-d1-3_S3,MFU,6c49506da20cc547068ee28d02b3031d23916380,3443
MFU-CPS-mock2-skew-d1-3_S11,MFU,6c49506da20cc547068ee28d02b3031d23916380,6536
MFU-CPS-mock2-even-d1-2_S2,MFU,6c49506da20cc547068ee28d02b3031d23916380,5620
MFU-CPS-mock2-skew-d1-1_S9,MFU,6c49506da20cc547068ee28d02b3031d23916380,6231
MFU-OCNMS-2022-20-d10-1_S36,MFU,d6f69979e2e7c50e468fdb7a4ad00eb8296b8bf9,2
MFU-OCNMS-2022-3-d10-1_S19,MFU,d6f69979e2e7c50e468fdb7a4ad00eb8296b8bf9,5
MFU-OCNMS-2022-19-d10-1_S35,MFU,d6f69979e2e7c50e468fdb7a4ad00eb8296b8bf9,3
MFU-OCNMS-2022-5-d10-1_S21,MFU,d6f69979e2e7c50e468fdb7a4ad00eb8296b8bf9,9
MFU-OCNMS-2022-2-d10-1_S18,MFU,d6f69979e2e7c50e468fdb7a4ad00eb8296b8bf9,4
MFU-OCNMS-2022-16-d1-1_S32,MFU,d6f69979e2e7c50e468fdb7a4ad00eb8296b8bf9,21
MFU-OCNMS-2022-10-d10-1_S26,MFU,d6f69979e2e7c50e468fdb7a4ad00eb8296b8bf9,18
MFU-OCNMS-2022-EB-d1-1_S40,MFU,d6f69979e2e7c50e468fdb7a4ad00eb8296b8bf9,4
MFU-OCNMS-2022-4-d1-1_S20,MFU,d6f69979e2e7c50e468fdb7a4ad00eb8296b8bf9,15
MFU-OCNMS-2022-18-d10-1_S34,MFU,d6f69979e2e7c50e468fdb7a4ad00eb8296b8bf9,9
MFU-OCNMS-2022-9-d10-1_S25,MFU,d6f69979e2e7c50e468fdb7a4ad00eb8296b8bf9,6
MFU-OCNMS-2022-11-d10-1_S27,MFU,d6f69979e2e7c50e468fdb7a4ad00eb8296b8bf9,24
MFU-OCNMS-2022-6-d1-1_S22,MFU,d6f69979e2e7c50e468fdb7a4ad00eb8296b8bf9,20
MFU-OCNMS-2022-14-d10-1_S30,MFU,d6f69979e2e7c50e468fdb7a4ad00eb8296b8bf9,40
MFU-OCNMS-2022-13-d1-1_S29,MFU,d6f69979e2e7c50e468fdb7a4ad00eb8296b8bf9,96
MFU-CPS-mock4-even-d1-3_S129,MFU,843f1656a14e577563040e67758347c32306abf5,4
MFU-CPS-mock4-skew-d1-1_S130,MFU,843f1656a14e577563040e67758347c32306abf5,16
MFU-CPS-mock4-skew-d1-2_S131,MFU,843f1656a14e577563040e67758347c32306abf5,12
MFU-CPS-mock4-skew-d1-3_S132,MFU,843f1656a14e577563040e67758347c32306abf5,6
MFU-OCNMS-2022-1-d100-1_S17,MFU,da86e55cb2b03c4f47a877c184e63d907a48bc4e,6
MFU-mock1-skew-d1-1_S44,MFU,1e6ee3380a8bf057d35ea70cf5fb90207726ecdb,7
MFU-mock1-even-d1-2_S42,MFU,1e6ee3380a8bf057d35ea70cf5fb90207726ecdb,6
MFU-mock1-even-d1-3_S43,MFU,1e6ee3380a8bf057d35ea70cf5fb90207726ecdb,8
MFU-mock1-skew-d1-3_S46,MFU,1e6ee3380a8bf057d35ea70cf5fb90207726ecdb,9
MFU-mock1-even-d1-1_S41,MFU,1e6ee3380a8bf057d35ea70cf5fb90207726ecdb,10
MFU-CPS-mock3-skew-d1-2_S13,MFU,b2220b6b1670d495c936dd53008e7ca257b5d6bc,29926
MFU-CPS-mock3-skew-d1-3_S14,MFU,b2220b6b1670d495c936dd53008e7ca257b5d6bc,42235
MFU-CPS-mock3-even-d1-1_S4,MFU,b2220b6b1670d495c936dd53008e7ca257b5d6bc,21706
MFU-CPS-mock2-skew-d1-1_S9,MFU,b2220b6b1670d495c936dd53008e7ca257b5d6bc,6
MFU-CPS-mock3-even-d1-2_S5,MFU,b2220b6b1670d495c936dd53008e7ca257b5d6bc,48929
MFU-CPS-mock3-skew-d1-1_S12,MFU,b2220b6b1670d495c936dd53008e7ca257b5d6bc,32586
MFU-CPS-mock3-even-d1-3_S6,MFU,b2220b6b1670d495c936dd53008e7ca257b5d6bc,35944
MFU-CPS-mock2-skew-d1-2_S10,MFU,2a0197678300368ee235231d107a595a8efc3b42,3
MFU-CPS-mock3-skew-d1-3_S14,MFU,2a0197678300368ee235231d107a595a8efc3b42,105
MFU-CPS-mock3-even-d1-2_S5,MFU,2a0197678300368ee235231d107a595a8efc3b42,142
MFU-CPS-mock2-skew-d1-1_S9,MFU,0b1b4e6638c5642d0830e839e119412d160bcc3e,3
MFU-CPS-mock4-skew-d1-1_S130,MFU,0b1b4e6638c5642d0830e839e119412d160bcc3e,9
MFU-mock1-even-d1-2_S42,MFU,b308045b3d144a657b672740bfa6ec0f5a0a889d,3
MFU-mock1-even-d1-2_S42,MFU,98f2eee5cc4142147dc10600148935080b4c2653,71
MFU-mock1-skew-d1-3_S46,MFU,98f2eee5cc4142147dc10600148935080b4c2653,67
MFU-mock1-even-d1-1_S41,MFU,98f2eee5cc4142147dc10600148935080b4c2653,125
MFU-mock1-skew-d1-1_S44,MFU,98f2eee5cc4142147dc10600148935080b4c2653,18
MFU-mock1-skew-d1-2_S45,MFU,98f2eee5cc4142147dc10600148935080b4c2653,38
MFU-mock1-even-d1-3_S43,MFU,98f2eee5cc4142147dc10600148935080b4c2653,61
MFU-CPS-mock4-even-d1-1_S127,MFU,5b0bb764101ccfeb5228e44218865ac2f2a5d4be,98
MFU-CPS-mock4-skew-d1-3_S132,MFU,5b0bb764101ccfeb5228e44218865ac2f2a5d4be,341
MFU-CPS-mock4-even-d1-2_S128,MFU,5b0bb764101ccfeb5228e44218865ac2f2a5d4be,88
MFU-CPS-mock4-skew-d1-1_S130,MFU,5b0bb764101ccfeb5228e44218865ac2f2a5d4be,1529
MFU-CPS-mock4-skew-d1-2_S131,MFU,5b0bb764101ccfeb5228e44218865ac2f2a5d4be,1454
MFU-CPS-mock4-even-d1-3_S129,MFU,5b0bb764101ccfeb5228e44218865ac2f2a5d4be,173
MFU-OCNMS-2022-11-d10-1_S27,MFU,8f0df9364a01d21d9f981ac600c96abed0e83e67,6
MFU-OCNMS-2022-10-d10-1_S26,MFU,8f0df9364a01d21d9f981ac600c96abed0e83e67,69
MFU-OCNMS-2022-8-d10-1_S24,MFU,8f0df9364a01d21d9f981ac600c96abed0e83e67,5
MFU-OCNMS-2022-2-d10-1_S18,MFU,f07b8872105a01c3a5c59a381f070464febb66c7,11
MFU-pos-control-d1-2_S16,MFU,b01206a5c3894a926e2167b0766297f098896c5f,155
MFU-pos-control-d1-1_S8,MFU,3db492f4716a04f894bceb195ec2df6c0ff627ce,17
MFU-pos-control-d1-2_S16,MFU,3db492f4716a04f894bceb195ec2df6c0ff627ce,218
MFU-pos-control-d1-2_S16,MFU,5d9ab9485d4035fa7d5f23b4a07ebf85cd1f5218,55
MFU-pos-control-d1-2_S16,MFU,31f41238b2d21ab702054de79fed82ed77bc94f2,167
MFU-pos-control-d1-1_S8,MFU,31f41238b2d21ab702054de79fed82ed77bc94f2,33
MFU-pos-control-d1-2_S16,MFU,8fea6f2faf7d3f436c8507bd77aa9dbf32ad7a26,16
MFU-pos-control-d1-1_S8,MFU,0931f311afd850e26fa9c9327711f8730b0c3776,42
MFU-pos-control-d1-2_S16,MFU,0931f311afd850e26fa9c9327711f8730b0c3776,184
MFU-pos-control-d1-2_S16,MFU,6bd6f32447e324cdf909c901796e1b138c283939,20
MFU-pos-control-d1-1_S8,MFU,cd95a9d4b4b049792bb1cf2033b33c0dc30fef5d,73
MFU-pos-control-d1-2_S16,MFU,cd95a9d4b4b049792bb1cf2033b33c0dc30fef5d,543
MFU-pos-control-d1-2_S16,MFU,09f093bfcd98bd11c8beb13cdb216b19b8a8883c,196
MFU-pos-control-d1-1_S8,MFU,afb6e29d578074f7a4ffe420bed62b2babbaa2c1,79
MFU-pos-control-d1-2_S16,MFU,afb6e29d578074f7a4ffe420bed62b2babbaa2c1,918
MFU-pos-control-d1-1_S8,MFU,5681002d25373b0709e61bcde4aed27c530229d4,10
MFU-pos-control-d1-2_S16,MFU,5681002d25373b0709e61bcde4aed27c530229d4,53
MFU-pos-control-d1-2_S16,MFU,7430540c165c02777e5c7dddb5b163c733579c97,235
MFU-pos-control-d1-1_S8,MFU,bbb3bcc890abbefe2371f7ee55542ef8cb9debc9,348
MFU-pos-control-d1-2_S16,MFU,bbb3bcc890abbefe2371f7ee55542ef8cb9debc9,3263
MFU-pos-control-d1-2_S16,MFU,f0bf0562b2ed12e94effab09c2bc98b700d3e86b,53
MFU-pos-control-d1-1_S8,MFU,7aa929fd12fc38856e105d3092ae8752af4b44da,34267
MFU-pos-control-d1-2_S16,MFU,7aa929fd12fc38856e105d3092ae8752af4b44da,369587
MFU-mock1-even-d1-2_S42,MFU,e605f34aa97f3133bd37018d290ae19b4c567d18,181
MFU-mock1-skew-d1-1_S44,MFU,e605f34aa97f3133bd37018d290ae19b4c567d18,23
MFU-mock1-skew-d1-3_S46,MFU,e605f34aa97f3133bd37018d290ae19b4c567d18,48
MFU-mock1-even-d1-1_S41,MFU,e605f34aa97f3133bd37018d290ae19b4c567d18,280
MFU-mock1-even-d1-3_S43,MFU,e605f34aa97f3133bd37018d290ae19b4c567d18,143
MFU-mock1-skew-d1-2_S45,MFU,e605f34aa97f3133bd37018d290ae19b4c567d18,28
MFU-OCNMS-2022-7-d10-1_S23,MFU,d665a22273eb050425814dad353904c8b09a1f31,3
MFU-OCNMS-2022-14-d10-1_S30,MFU,d665a22273eb050425814dad353904c8b09a1f31,104
MFU-OCNMS-2022-16-d1-1_S32,MFU,f5830a0fa0f3970d3c4b836cfacb0ffa33ce7839,62
MFU-OCNMS-2022-3-d10-1_S19,MFU,c6d586dc78d8ef5cac238cba2d5714407775bd69,35
MFU-OCNMS-2022-22-d10-1_S38,MFU,c6d586dc78d8ef5cac238cba2d5714407775bd69,56
MFU-OCNMS-2022-5-d10-1_S21,MFU,c6d586dc78d8ef5cac238cba2d5714407775bd69,26
MFU-OCNMS-2022-16-d1-1_S32,MFU,c6d586dc78d8ef5cac238cba2d5714407775bd69,3139
MFU-OCNMS-2022-10-d10-1_S26,MFU,a3c37534c9c2a270e637ad9f83041e8ff3c4eb43,11
MFU-OCNMS-2022-17-d10-1_S33,MFU,a3c37534c9c2a270e637ad9f83041e8ff3c4eb43,6
MFU-OCNMS-2022-14-d10-1_S30,MFU,a3c37534c9c2a270e637ad9f83041e8ff3c4eb43,2
MFU-CPS-mock4-skew-d1-3_S132,MFU,552f7ec9297f038ded895bef6caf81c00fc55bf1,426
MFU-CPS-mock4-even-d1-1_S127,MFU,552f7ec9297f038ded895bef6caf81c00fc55bf1,97
MFU-CPS-mock4-even-d1-3_S129,MFU,552f7ec9297f038ded895bef6caf81c00fc55bf1,208
MFU-CPS-mock4-skew-d1-2_S131,MFU,552f7ec9297f038ded895bef6caf81c00fc55bf1,1694
MFU-CPS-mock4-skew-d1-1_S130,MFU,552f7ec9297f038ded895bef6caf81c00fc55bf1,1734
MFU-CPS-mock4-even-d1-2_S128,MFU,552f7ec9297f038ded895bef6caf81c00fc55bf1,96
MFU-mock1-even-d1-1_S41,MFU,5a410d1fde05dbeb2c71dca738549a9f69b1f869,173
MFU-mock1-even-d1-2_S42,MFU,5a410d1fde05dbeb2c71dca738549a9f69b1f869,117
MFU-mock1-even-d1-3_S43,MFU,5a410d1fde05dbeb2c71dca738549a9f69b1f869,81
MFU-mock1-skew-d1-2_S45,MFU,c50e6963e5241fb172b1dd5b7780ab38d2d9c41a,7
MFU-mock1-skew-d1-2_S45,MFU,d8ce921b87ee2a3603e306e0c556b24194c9d7c6,15
MFU-mock1-skew-d1-1_S44,MFU,d8ce921b87ee2a3603e306e0c556b24194c9d7c6,14
MFU-mock1-even-d1-3_S43,MFU,d8ce921b87ee2a3603e306e0c556b24194c9d7c6,23
MFU-mock1-skew-d1-3_S46,MFU,d8ce921b87ee2a3603e306e0c556b24194c9d7c6,40
MFU-mock1-even-d1-2_S42,MFU,d8ce921b87ee2a3603e306e0c556b24194c9d7c6,27
MFU-mock1-even-d1-1_S41,MFU,d8ce921b87ee2a3603e306e0c556b24194c9d7c6,42
MFU-mock1-even-d1-3_S43,MFU,2c0ecd2087b03e283b66c488815ba17791f487f5,58
MFU-mock1-skew-d1-3_S46,MFU,2c0ecd2087b03e283b66c488815ba17791f487f5,8
MFU-mock1-even-d1-2_S42,MFU,2c0ecd2087b03e283b66c488815ba17791f487f5,94
MFU-mock1-skew-d1-1_S44,MFU,2c0ecd2087b03e283b66c488815ba17791f487f5,8
MFU-mock1-even-d1-1_S41,MFU,2c0ecd2087b03e283b66c488815ba17791f487f5,127
MFU-CPS-mock4-skew-d1-1_S130,MFU,e9effe5c6e4864e10aa4323f07e717aab4903a09,24
MFU-mock1-even-d1-1_S41,MFU,6f15c44437f7ce31d0a433886c4a7af4bd98b904,25
MFU-mock1-even-d1-3_S43,MFU,6f15c44437f7ce31d0a433886c4a7af4bd98b904,18
MFU-mock1-even-d1-2_S42,MFU,6f15c44437f7ce31d0a433886c4a7af4bd98b904,21
MFU-CPS-mock4-skew-d1-1_S130,MFU,d7e4cbb3a05c61f87f728f1b99bad4e7be12e56e,23
MFU-CPS-mock4-skew-d1-3_S132,MFU,d7e4cbb3a05c61f87f728f1b99bad4e7be12e56e,11
MFU-CPS-mock4-skew-d1-2_S131,MFU,3c4370466d6aa02482624e26d934fa62268a392f,14
MFU-CPS-mock4-even-d1-3_S129,MFU,3c4370466d6aa02482624e26d934fa62268a392f,9
MFU-CPS-mock4-skew-d1-2_S131,MFU,2a912aa18cdfc77d4b3455e2d92caca9decd29fe,78
MFU-CPS-mock4-skew-d1-3_S132,MFU,2a912aa18cdfc77d4b3455e2d92caca9decd29fe,19
MFU-CPS-mock4-even-d1-2_S128,MFU,2a912aa18cdfc77d4b3455e2d92caca9decd29fe,7
MFU-CPS-mock4-even-d1-3_S129,MFU,2a912aa18cdfc77d4b3455e2d92caca9decd29fe,14
MFU-CPS-mock4-skew-d1-1_S130,MFU,2a912aa18cdfc77d4b3455e2d92caca9decd29fe,67
MFU-mock1-even-d1-3_S43,MFU,b288a795920dc4659d6a9aa9c3c99e936f7a9e4c,6
MFU-mock1-even-d1-2_S42,MFU,a210a55551b22693281313c8207fa9ce914b2340,126
MFU-mock1-skew-d1-3_S46,MFU,a210a55551b22693281313c8207fa9ce914b2340,142
MFU-mock1-even-d1-1_S41,MFU,a210a55551b22693281313c8207fa9ce914b2340,185
MFU-mock1-skew-d1-1_S44,MFU,a210a55551b22693281313c8207fa9ce914b2340,54
MFU-mock1-skew-d1-2_S45,MFU,a210a55551b22693281313c8207fa9ce914b2340,92
MFU-mock1-even-d1-3_S43,MFU,a210a55551b22693281313c8207fa9ce914b2340,83
MFU-mock1-even-d1-3_S43,MFU,e105a98286806fab56828ed516017c4661c2402a,21
MFU-mock1-skew-d1-2_S45,MFU,e105a98286806fab56828ed516017c4661c2402a,19
MFU-mock1-even-d1-2_S42,MFU,e105a98286806fab56828ed516017c4661c2402a,54
MFU-mock1-even-d1-1_S41,MFU,e105a98286806fab56828ed516017c4661c2402a,56
MFU-mock1-skew-d1-3_S46,MFU,e105a98286806fab56828ed516017c4661c2402a,22
MFU-CPS-mock4-skew-d1-1_S130,MFU,61658af968e00d88b7b3b4e5624457d29b67f427,4
MFU-mock1-skew-d1-3_S46,MFU,26914529b25aacc031240221e87052da21793c6f,22
MFU-mock1-skew-d1-1_S44,MFU,26914529b25aacc031240221e87052da21793c6f,4
MFU-mock1-even-d1-3_S43,MFU,26914529b25aacc031240221e87052da21793c6f,30
MFU-mock1-even-d1-1_S41,MFU,26914529b25aacc031240221e87052da21793c6f,49
MFU-mock1-skew-d1-2_S45,MFU,26914529b25aacc031240221e87052da21793c6f,15
MFU-mock1-even-d1-2_S42,MFU,26914529b25aacc031240221e87052da21793c6f,26
MFU-mock1-skew-d1-3_S46,MFU,7e4392f62e0959de26da328f4f1d57fc2faf5202,10
MFU-mock1-skew-d1-2_S45,MFU,7e4392f62e0959de26da328f4f1d57fc2faf5202,5
MFU-mock1-even-d1-1_S41,MFU,7e4392f62e0959de26da328f4f1d57fc2faf5202,46
MFU-mock1-even-d1-2_S42,MFU,7e4392f62e0959de26da328f4f1d57fc2faf5202,44
MFU-mock1-even-d1-3_S43,MFU,7e4392f62e0959de26da328f4f1d57fc2faf5202,28
MFU-mock1-even-d1-3_S43,MFU,d2d9f1847025c71ebd60dc7714b964bf5387ca81,18
MFU-mock1-skew-d1-3_S46,MFU,d2d9f1847025c71ebd60dc7714b964bf5387ca81,10
MFU-mock1-even-d1-2_S42,MFU,d2d9f1847025c71ebd60dc7714b964bf5387ca81,18
MFU-mock1-skew-d1-2_S45,MFU,d2d9f1847025c71ebd60dc7714b964bf5387ca81,6
MFU-mock1-even-d1-1_S41,MFU,d2d9f1847025c71ebd60dc7714b964bf5387ca81,31
MFU-CPS-mock4-skew-d1-1_S130,MFU,9afccb2ea3d931b675cedf1ec21760dbd913e591,19
MFU-CPS-mock4-skew-d1-2_S131,MFU,9afccb2ea3d931b675cedf1ec21760dbd913e591,16
MFU-CPS-mock4-skew-d1-2_S131,MFU,b63c8a44c1122de0bfffaf7658d239d31c1fa8ec,11
MFU-CPS-mock4-skew-d1-1_S130,MFU,b63c8a44c1122de0bfffaf7658d239d31c1fa8ec,17
MFU-CPS-mock4-skew-d1-3_S132,MFU,b63c8a44c1122de0bfffaf7658d239d31c1fa8ec,5
MFU-CPS-mock4-even-d1-1_S127,MFU,b63c8a44c1122de0bfffaf7658d239d31c1fa8ec,2
MFU-mock1-even-d1-3_S43,MFU,8051364f94926a50db74a9eaef53b6463a8f39f3,2
MFU-CPS-mock4-skew-d1-1_S130,MFU,8051364f94926a50db74a9eaef53b6463a8f39f3,2
MFU-CPS-mock4-skew-d1-2_S131,MFU,8051364f94926a50db74a9eaef53b6463a8f39f3,2
MFU-CPS-mock2-even-d1-3_S3,MFU,78b3cf7e5e18ec9a1310ac7b3bff84a153d2073c,5
MFU-CPS-mock3-even-d1-3_S6,MFU,78b3cf7e5e18ec9a1310ac7b3bff84a153d2073c,5
MFU-CPS-mock2-even-d1-1_S1,MFU,78b3cf7e5e18ec9a1310ac7b3bff84a153d2073c,3
MFU-OCNMS-2022-21-d10-1_S37,MFU,f4f74e2eceafaba1bc41b313477306a22be1b0df,11
MFU-OCNMS-2022-4-d1-1_S20,MFU,79ebef3308a23eeeb5d9c3dd5252033613a94ade,20
MFU-OCNMS-2022-6-d1-1_S22,MFU,87055249b3e2977faa9db7106d04bcede2d5a525,2514
MFU-OCNMS-2022-9-d10-1_S25,MFU,941de38457f3eae76bef716dcee28be997145559,684
MFU-OCNMS-2022-7-d10-1_S23,MFU,941de38457f3eae76bef716dcee28be997145559,624
MFU-OCNMS-2022-19-d10-1_S35,MFU,941de38457f3eae76bef716dcee28be997145559,190
MFU-CPS-mock4-even-d1-2_S128,MFU,941de38457f3eae76bef716dcee28be997145559,13629
MFU-CPS-mock4-skew-d1-2_S131,MFU,941de38457f3eae76bef716dcee28be997145559,56540
MFU-OCNMS-2022-21-d10-1_S37,MFU,941de38457f3eae76bef716dcee28be997145559,356
MFU-OCNMS-2022-20-d10-1_S36,MFU,941de38457f3eae76bef716dcee28be997145559,63
MFU-OCNMS-2022-5-d10-1_S21,MFU,941de38457f3eae76bef716dcee28be997145559,651
MFU-CPS-mock4-even-d1-3_S129,MFU,941de38457f3eae76bef716dcee28be997145559,20542
MFU-OCNMS-2022-23-d10-1_S39,MFU,941de38457f3eae76bef716dcee28be997145559,148
MFU-CPS-mock4-skew-d1-3_S132,MFU,941de38457f3eae76bef716dcee28be997145559,13765
MFU-CPS-mock4-even-d1-1_S127,MFU,941de38457f3eae76bef716dcee28be997145559,10349
MFU-OCNMS-2022-15-d10-1_S31,MFU,941de38457f3eae76bef716dcee28be997145559,156
MFU-OCNMS-2022-17-d10-1_S33,MFU,941de38457f3eae76bef716dcee28be997145559,387
MFU-CPS-mock4-skew-d1-1_S130,MFU,941de38457f3eae76bef716dcee28be997145559,56452
MFU-OCNMS-2022-16-d1-1_S32,MFU,941de38457f3eae76bef716dcee28be997145559,616
MFU-OCNMS-2022-22-d10-1_S38,MFU,941de38457f3eae76bef716dcee28be997145559,449
MFU-OCNMS-2022-14-d10-1_S30,MFU,941de38457f3eae76bef716dcee28be997145559,145
MFU-OCNMS-2022-18-d10-1_S34,MFU,941de38457f3eae76bef716dcee28be997145559,337
MFU-OCNMS-2022-8-d10-1_S24,MFU,941de38457f3eae76bef716dcee28be997145559,1409
MFU-OCNMS-2022-16-d1-1_S32,MFU,2cc0f5fd491a58b7b3764d49adcabbd81dfd35f2,84
MFU-CPS-mock2-skew-d1-3_S11,MFU,8c6e1dc9cf052a3f21536460a743303cc188b81b,15207
MFU-CPS-mock2-skew-d1-1_S9,MFU,8c6e1dc9cf052a3f21536460a743303cc188b81b,14057
MFU-CPS-mock4-even-d1-1_S127,MFU,8c6e1dc9cf052a3f21536460a743303cc188b81b,1933
MFU-CPS-mock4-skew-d1-1_S130,MFU,8c6e1dc9cf052a3f21536460a743303cc188b81b,6774
MFU-CPS-mock4-skew-d1-2_S131,MFU,8c6e1dc9cf052a3f21536460a743303cc188b81b,6608
MFU-CPS-mock2-skew-d1-2_S10,MFU,8c6e1dc9cf052a3f21536460a743303cc188b81b,16677
MFU-CPS-mock2-even-d1-2_S2,MFU,8c6e1dc9cf052a3f21536460a743303cc188b81b,6611
MFU-CPS-mock4-even-d1-2_S128,MFU,8c6e1dc9cf052a3f21536460a743303cc188b81b,2137
MFU-CPS-mock2-even-d1-3_S3,MFU,8c6e1dc9cf052a3f21536460a743303cc188b81b,4547
MFU-CPS-mock4-even-d1-3_S129,MFU,8c6e1dc9cf052a3f21536460a743303cc188b81b,3784
MFU-CPS-mock4-skew-d1-3_S132,MFU,8c6e1dc9cf052a3f21536460a743303cc188b81b,1452
MFU-CPS-mock2-even-d1-1_S1,MFU,8c6e1dc9cf052a3f21536460a743303cc188b81b,6310
MFU-CPS-mock4-skew-d1-1_S130,MFU,fc4c999c2696f3280db9277a1758183287ff844a,11
MFU-KAT-B25-d1-1_S88,MFU,b1095407a9c9a94fe1f569d080f80043a0d2d934,231
MFU-KAT-B22-d1-1_S87,MFU,9abad40fb6c002cb20ff9656a2a889a944ebef87,95
MFU-OCNMS-2022-8-d10-1_S24,MFU,77cd45c668fcdcad19807b3da188d79b6741129c,529
MFU-OCNMS-2022-15-d10-1_S31,MFU,6f60e53e9925eb1db41284160d30442713b4244b,101
MFU-OCNMS-2022-20-d10-1_S36,MFU,8276e849b1dbc5e394e085df7286064785795b36,90
MFU-OCNMS-2022-20-d10-1_S36,MFU,0fcb6874f9365b029acdc910e05870593f5cfdc7,75
MFU-OCNMS-2022-14-d10-1_S30,MFU,36f5034083b207ae5e88ae70dc4a5bc11eb2dccf,104
MFU-OCNMS-2022-22-d10-1_S38,MFU,db9c85a2bda5ee1c16d70da180a4769d6306ce28,102
MFU-OCNMS-2022-20-d10-1_S36,MFU,e7e3f58a38046ad7fe81a74807847daba4b1f06c,88
MFU-OCNMS-2022-15-d10-1_S31,MFU,16518db9abb6ec2fe6d15e9e14e49c5e182df05f,112
MFU-OCNMS-2022-19-d10-1_S35,MFU,16518db9abb6ec2fe6d15e9e14e49c5e182df05f,103
MFU-OCNMS-2022-20-d10-1_S36,MFU,480a22a2bbdacebe68aebdaaa8f16973fa5e5613,77
MFU-OCNMS-2022-21-d10-1_S37,MFU,6ae9a6ba2e76f2db330a6ecdee0b6f0492a8ea91,102
MFU-CPS-mock2-even-d1-2_S2,MFU,2491ffcd22c019c38661946d58a65159025d397d,3824
MFU-OCNMS-2022-9-d10-1_S25,MFU,2491ffcd22c019c38661946d58a65159025d397d,421
MFU-OCNMS-2022-5-d10-1_S21,MFU,2491ffcd22c019c38661946d58a65159025d397d,298
MFU-KAT-B25-d1-1_S88,MFU,2491ffcd22c019c38661946d58a65159025d397d,1883
MFU-CPS-mock4-even-d1-3_S129,MFU,2491ffcd22c019c38661946d58a65159025d397d,1104
MFU-OCNMS-2022-8-d10-1_S24,MFU,2491ffcd22c019c38661946d58a65159025d397d,219
MFU-CPS-mock2-skew-d1-3_S11,MFU,2491ffcd22c019c38661946d58a65159025d397d,666
MFU-CPS-mock2-even-d1-1_S1,MFU,2491ffcd22c019c38661946d58a65159025d397d,3644
MFU-KAT-B22-d1-1_S87,MFU,2491ffcd22c019c38661946d58a65159025d397d,968
MFU-OCNMS-2022-21-d10-1_S37,MFU,2491ffcd22c019c38661946d58a65159025d397d,10603
MFU-OCNMS-2022-17-d10-1_S33,MFU,2491ffcd22c019c38661946d58a65159025d397d,8601
MFU-CPS-mock4-skew-d1-2_S131,MFU,2491ffcd22c019c38661946d58a65159025d397d,659
MFU-KAT-B26-d1-1_S89,MFU,2491ffcd22c019c38661946d58a65159025d397d,4607
MFU-OCNMS-2022-18-d10-1_S34,MFU,2491ffcd22c019c38661946d58a65159025d397d,7822
MFU-OCNMS-2022-19-d10-1_S35,MFU,2491ffcd22c019c38661946d58a65159025d397d,11826
MFU-CPS-mock4-skew-d1-1_S130,MFU,2491ffcd22c019c38661946d58a65159025d397d,741
MFU-OCNMS-2022-10-d10-1_S26,MFU,2491ffcd22c019c38661946d58a65159025d397d,192
MFU-CPS-mock4-skew-d1-3_S132,MFU,2491ffcd22c019c38661946d58a65159025d397d,140
MFU-OCNMS-2022-23-d10-1_S39,MFU,2491ffcd22c019c38661946d58a65159025d397d,853
MFU-OCNMS-2022-14-d10-1_S30,MFU,2491ffcd22c019c38661946d58a65159025d397d,43739
MFU-OCNMS-2022-16-d1-1_S32,MFU,2491ffcd22c019c38661946d58a65159025d397d,13795
MFU-OCNMS-2022-3-d10-1_S19,MFU,2491ffcd22c019c38661946d58a65159025d397d,332
MFU-CPS-mock2-skew-d1-2_S10,MFU,2491ffcd22c019c38661946d58a65159025d397d,711
MFU-OCNMS-2022-15-d10-1_S31,MFU,2491ffcd22c019c38661946d58a65159025d397d,28144
MFU-OCNMS-2022-22-d10-1_S38,MFU,2491ffcd22c019c38661946d58a65159025d397d,26137
MFU-CPS-mock4-even-d1-2_S128,MFU,2491ffcd22c019c38661946d58a65159025d397d,676
MFU-OCNMS-2022-20-d10-1_S36,MFU,2491ffcd22c019c38661946d58a65159025d397d,16596
MFU-CPS-mock2-even-d1-3_S3,MFU,2491ffcd22c019c38661946d58a65159025d397d,2698
MFU-OCNMS-2022-4-d1-1_S20,MFU,2491ffcd22c019c38661946d58a65159025d397d,105
MFU-CPS-mock2-skew-d1-1_S9,MFU,2491ffcd22c019c38661946d58a65159025d397d,609
MFU-CPS-mock4-even-d1-1_S127,MFU,2491ffcd22c019c38661946d58a65159025d397d,580
MFU-OCNMS-2022-11-d10-1_S27,MFU,2491ffcd22c019c38661946d58a65159025d397d,117
MFU-OCNMS-2022-22-d10-1_S38,MFU,dd1b787a8d76ca649392067f38c6c79f8f730db8,158
MFU-OCNMS-2022-20-d10-1_S36,MFU,ef6cede479f79d3fc46a42bacef3bb2430bab804,286
MFU-OCNMS-2022-21-d10-1_S37,MFU,ef6cede479f79d3fc46a42bacef3bb2430bab804,20323
MFU-OCNMS-2022-14-d10-1_S30,MFU,ef6cede479f79d3fc46a42bacef3bb2430bab804,232
MFU-OCNMS-2022-15-d10-1_S31,MFU,4f50c3584e8b654a5f9e9c22f931a3e5acc38c11,112
MFU-OCNMS-2022-21-d10-1_S37,MFU,4f50c3584e8b654a5f9e9c22f931a3e5acc38c11,79
MFU-OCNMS-2022-17-d10-1_S33,MFU,3d0f5b1965285c0e28cffde7a45576bb1d00f536,202
MFU-OCNMS-2022-15-d10-1_S31,MFU,731f68d33fe001c6f1144ddd87449b2986f03e71,326
MFU-OCNMS-2022-20-d10-1_S36,MFU,731f68d33fe001c6f1144ddd87449b2986f03e71,153
MFU-OCNMS-2022-14-d10-1_S30,MFU,731f68d33fe001c6f1144ddd87449b2986f03e71,361
MFU-OCNMS-2022-21-d10-1_S37,MFU,731f68d33fe001c6f1144ddd87449b2986f03e71,510
MFU-OCNMS-2022-22-d10-1_S38,MFU,731f68d33fe001c6f1144ddd87449b2986f03e71,348
MFU-OCNMS-2022-16-d1-1_S32,MFU,731f68d33fe001c6f1144ddd87449b2986f03e71,214
MFU-OCNMS-2022-18-d10-1_S34,MFU,731f68d33fe001c6f1144ddd87449b2986f03e71,116
MFU-OCNMS-2022-23-d10-1_S39,MFU,731f68d33fe001c6f1144ddd87449b2986f03e71,61
MFU-KAT-B22-d1-1_S87,MFU,731f68d33fe001c6f1144ddd87449b2986f03e71,71
MFU-OCNMS-2022-19-d10-1_S35,MFU,731f68d33fe001c6f1144ddd87449b2986f03e71,321
MFU-OCNMS-2022-15-d10-1_S31,MFU,56b2769e5e1b243156f4db29981ce5126d80e2c3,2448
MFU-OCNMS-2022-14-d10-1_S30,MFU,91dc2d9505a03c2e2f60d1a54be36071908c159b,208
MFU-OCNMS-2022-14-d10-1_S30,MFU,f0bba01e1591e41c49ee0b1e9bba0419212e433e,183
MFU-KAT-B25-d1-1_S88,MFU,8bf79831ea40f889edc3fae75ff219b583e27db2,47
MFU-OCNMS-2022-14-d10-1_S30,MFU,2f6dff0fe9ebddde4d6684e3878334920a9c2f4f,208
MFU-OCNMS-2022-15-d10-1_S31,MFU,2f6dff0fe9ebddde4d6684e3878334920a9c2f4f,201
MFU-OCNMS-2022-20-d10-1_S36,MFU,8140a3cea89cdcb85ba042493579fe5a2e71a7b2,2208
MFU-mock1-even-d1-3_S43,MFU,eedc937a4c6868cf6c77409e1133bf9188d7d9fc,17486
MFU-OCNMS-2022-21-d10-1_S37,MFU,eedc937a4c6868cf6c77409e1133bf9188d7d9fc,80
MFU-mock1-skew-d1-2_S45,MFU,eedc937a4c6868cf6c77409e1133bf9188d7d9fc,21148
MFU-OCNMS-2022-19-d10-1_S35,MFU,eedc937a4c6868cf6c77409e1133bf9188d7d9fc,308
MFU-OCNMS-2022-23-d10-1_S39,MFU,eedc937a4c6868cf6c77409e1133bf9188d7d9fc,58
MFU-mock1-even-d1-2_S42,MFU,eedc937a4c6868cf6c77409e1133bf9188d7d9fc,30401
MFU-mock1-skew-d1-3_S46,MFU,eedc937a4c6868cf6c77409e1133bf9188d7d9fc,34825
MFU-OCNMS-2022-18-d10-1_S34,MFU,eedc937a4c6868cf6c77409e1133bf9188d7d9fc,132
MFU-OCNMS-2022-22-d10-1_S38,MFU,eedc937a4c6868cf6c77409e1133bf9188d7d9fc,987
MFU-mock1-skew-d1-1_S44,MFU,eedc937a4c6868cf6c77409e1133bf9188d7d9fc,21814
MFU-mock1-even-d1-1_S41,MFU,eedc937a4c6868cf6c77409e1133bf9188d7d9fc,24076
MFU-OCNMS-2022-14-d10-1_S30,MFU,eedc937a4c6868cf6c77409e1133bf9188d7d9fc,935
MFU-OCNMS-2022-15-d10-1_S31,MFU,eedc937a4c6868cf6c77409e1133bf9188d7d9fc,1416
MFU-OCNMS-2022-20-d10-1_S36,MFU,eedc937a4c6868cf6c77409e1133bf9188d7d9fc,470
MFU-OCNMS-2022-17-d10-1_S33,MFU,eedc937a4c6868cf6c77409e1133bf9188d7d9fc,112
MFU-KAT-B25-d1-1_S88,MFU,b4e61ad36fc2c03f18443dcb8faf5c0c278c423d,523
MFU-OCNMS-2022-18-d10-1_S34,MFU,0e64c7b35511ccfa69754b18723b89b3d18c4e6f,138
MFU-OCNMS-2022-18-d10-1_S34,MFU,e03737f6ec8da8825de4063b4874d98690d461c0,139
MFU-OCNMS-2022-15-d10-1_S31,MFU,fb5b374271f229a1b4ab7689f0814019355d5fe4,184
MFU-OCNMS-2022-16-d1-1_S32,MFU,92dd52e93c5eb19d5760858181ba1a2b65d48d2e,201
MFU-OCNMS-2022-22-d10-1_S38,MFU,92dd52e93c5eb19d5760858181ba1a2b65d48d2e,117
MFU-OCNMS-2022-15-d10-1_S31,MFU,dbf228b802929df53a750f507413ea30b6a4ef6a,88
MFU-OCNMS-2022-23-d10-1_S39,MFU,2187d7e24d5d6184cb6637507d7a9dd7fdc74a90,108
MFU-OCNMS-2022-16-d1-1_S32,MFU,efc217970005b1321dc2f6ee9f239bf0c5579a6e,207
MFU-OCNMS-2022-20-d10-1_S36,MFU,2e7a60c098597e771206087d3b59dabc72f555a7,89
MFU-OCNMS-2022-16-d1-1_S32,MFU,3fc7ad7b6264feb8401beb209720dc5373b92a0f,133
MFU-CPS-mock4-skew-d1-1_S130,MFU,f73b53947ba4f4022c11b6f53bd76b568a35cf84,5988
MFU-CPS-mock2-skew-d1-3_S11,MFU,f73b53947ba4f4022c11b6f53bd76b568a35cf84,11191
MFU-CPS-mock4-skew-d1-2_S131,MFU,f73b53947ba4f4022c11b6f53bd76b568a35cf84,5385
MFU-CPS-mock3-even-d1-3_S6,MFU,f73b53947ba4f4022c11b6f53bd76b568a35cf84,12007
MFU-CPS-mock3-skew-d1-3_S14,MFU,f73b53947ba4f4022c11b6f53bd76b568a35cf84,9435
MFU-CPS-mock4-even-d1-3_S129,MFU,f73b53947ba4f4022c11b6f53bd76b568a35cf84,9465
MFU-CPS-mock3-skew-d1-2_S13,MFU,f73b53947ba4f4022c11b6f53bd76b568a35cf84,10742
MFU-CPS-mock2-skew-d1-2_S10,MFU,f73b53947ba4f4022c11b6f53bd76b568a35cf84,11799
MFU-CPS-mock3-even-d1-2_S5,MFU,f73b53947ba4f4022c11b6f53bd76b568a35cf84,13567
MFU-CPS-mock3-skew-d1-1_S12,MFU,f73b53947ba4f4022c11b6f53bd76b568a35cf84,9047
MFU-CPS-mock2-skew-d1-1_S9,MFU,f73b53947ba4f4022c11b6f53bd76b568a35cf84,10330
MFU-CPS-mock4-even-d1-1_S127,MFU,f73b53947ba4f4022c11b6f53bd76b568a35cf84,4553
MFU-CPS-mock2-even-d1-3_S3,MFU,f73b53947ba4f4022c11b6f53bd76b568a35cf84,8250
MFU-CPS-mock2-even-d1-2_S2,MFU,f73b53947ba4f4022c11b6f53bd76b568a35cf84,11246
MFU-CPS-mock4-even-d1-2_S128,MFU,f73b53947ba4f4022c11b6f53bd76b568a35cf84,5123
MFU-CPS-mock4-skew-d1-3_S132,MFU,f73b53947ba4f4022c11b6f53bd76b568a35cf84,1344
MFU-CPS-mock3-even-d1-1_S4,MFU,f73b53947ba4f4022c11b6f53bd76b568a35cf84,9232
MFU-CPS-mock2-even-d1-1_S1,MFU,f73b53947ba4f4022c11b6f53bd76b568a35cf84,11530
MFU-mock1-even-d1-1_S41,MFU,815465bf4218c40e60200ea518c5d7cbabd61f1c,11882
MFU-KAT-B25-d1-1_S88,MFU,815465bf4218c40e60200ea518c5d7cbabd61f1c,66
MFU-mock1-even-d1-3_S43,MFU,815465bf4218c40e60200ea518c5d7cbabd61f1c,6796
MFU-OCNMS-2022-16-d1-1_S32,MFU,815465bf4218c40e60200ea518c5d7cbabd61f1c,74
MFU-mock1-skew-d1-1_S44,MFU,815465bf4218c40e60200ea518c5d7cbabd61f1c,1538
MFU-mock1-skew-d1-2_S45,MFU,815465bf4218c40e60200ea518c5d7cbabd61f1c,1929
MFU-mock1-skew-d1-3_S46,MFU,815465bf4218c40e60200ea518c5d7cbabd61f1c,2930
MFU-mock1-even-d1-2_S42,MFU,815465bf4218c40e60200ea518c5d7cbabd61f1c,10329
MFU-OCNMS-2022-7-d10-1_S23,MFU,5bfd56df60ed30516c21d7cf6f25adb54668d6d4,47
MFU-OCNMS-2022-9-d10-1_S25,MFU,5bfd56df60ed30516c21d7cf6f25adb54668d6d4,408
MFU-OCNMS-2022-10-d10-1_S26,MFU,5bfd56df60ed30516c21d7cf6f25adb54668d6d4,61
MFU-OCNMS-2022-21-d10-1_S37,MFU,5bfd56df60ed30516c21d7cf6f25adb54668d6d4,44
MFU-OCNMS-2022-11-d10-1_S27,MFU,5bfd56df60ed30516c21d7cf6f25adb54668d6d4,70
MFU-OCNMS-2022-4-d1-1_S20,MFU,5bfd56df60ed30516c21d7cf6f25adb54668d6d4,105
MFU-OCNMS-2022-17-d10-1_S33,MFU,6c77be0ab7dc80f6038b5e6f735865c79a900ce9,18
MFU-OCNMS-2022-15-d10-1_S31,MFU,ca746ac22883a266e9321d4eb35dfe66dcfbebc8,218
MFU-CPS-mock3-skew-d1-1_S12,MFU,954269e4284b3e220696c7a3bba8403502a02c88,116
MFU-CPS-mock3-even-d1-2_S5,MFU,954269e4284b3e220696c7a3bba8403502a02c88,170
MFU-CPS-mock3-even-d1-1_S4,MFU,954269e4284b3e220696c7a3bba8403502a02c88,83
MFU-CPS-mock3-skew-d1-2_S13,MFU,954269e4284b3e220696c7a3bba8403502a02c88,159
MFU-CPS-mock3-even-d1-3_S6,MFU,954269e4284b3e220696c7a3bba8403502a02c88,136
MFU-CPS-mock3-skew-d1-3_S14,MFU,954269e4284b3e220696c7a3bba8403502a02c88,128
MFU-CPS-mock4-even-d1-2_S128,MFU,31773b0b8fc7b99dfd32180d493e99ae8ca53d6c,7
MFU-OCNMS-2022-21-d10-1_S37,MFU,31773b0b8fc7b99dfd32180d493e99ae8ca53d6c,88
MFU-CPS-mock4-even-d1-1_S127,MFU,31773b0b8fc7b99dfd32180d493e99ae8ca53d6c,4
MFU-CPS-mock4-even-d1-3_S129,MFU,31773b0b8fc7b99dfd32180d493e99ae8ca53d6c,14
MFU-CPS-mock4-skew-d1-3_S132,MFU,31773b0b8fc7b99dfd32180d493e99ae8ca53d6c,2
MFU-CPS-mock4-skew-d1-2_S131,MFU,b810f89f6bc68080a4f1ae9d784dc4052a38a35c,11
MFU-OCNMS-2022-9-d10-1_S25,MFU,b810f89f6bc68080a4f1ae9d784dc4052a38a35c,429
MFU-KAT-B25-d1-1_S88,MFU,878da2bd0e2927f0ea94e2e0118e65a06a8db2a2,83
MFU-OCNMS-2022-5-d10-1_S21,MFU,878da2bd0e2927f0ea94e2e0118e65a06a8db2a2,119
MFU-OCNMS-2022-5-d10-1_S21,MFU,e2dfe354f857a597f4c6180ca1d5ad07fc139c2a,96
MFU-OCNMS-2022-13-d1-1_S29,MFU,c2ff2b055dc8be680f2715feb0d62439d89cfc15,230
MFU-CPS-mock3-skew-d1-1_S12,MFU,8d89880e66c53dde2efff8ad329dc8a6d57149c4,611
MFU-CPS-mock3-skew-d1-3_S14,MFU,8d89880e66c53dde2efff8ad329dc8a6d57149c4,586
MFU-CPS-mock3-even-d1-3_S6,MFU,8d89880e66c53dde2efff8ad329dc8a6d57149c4,554
MFU-CPS-mock3-even-d1-1_S4,MFU,8d89880e66c53dde2efff8ad329dc8a6d57149c4,472
MFU-CPS-mock3-even-d1-2_S5,MFU,8d89880e66c53dde2efff8ad329dc8a6d57149c4,653
MFU-CPS-mock3-skew-d1-2_S13,MFU,8d89880e66c53dde2efff8ad329dc8a6d57149c4,509
MFU-OCNMS-2022-19-d10-1_S35,MFU,dfd5878829f02483a36d0b60924aa7d5833c1f58,55
MFU-OCNMS-2022-20-d10-1_S36,MFU,96e344c80036e93f558b479d2482c6f46d724af5,40
MFU-CPS-mock3-even-d1-1_S4,MFU,a637bf43d5e132d153855d8251665d935ea12a0b,3209
MFU-CPS-mock2-skew-d1-2_S10,MFU,a637bf43d5e132d153855d8251665d935ea12a0b,5
MFU-OCNMS-2022-3-d10-1_S19,MFU,a637bf43d5e132d153855d8251665d935ea12a0b,299
MFU-OCNMS-2022-23-d10-1_S39,MFU,a637bf43d5e132d153855d8251665d935ea12a0b,52
MFU-OCNMS-2022-15-d10-1_S31,MFU,a637bf43d5e132d153855d8251665d935ea12a0b,333
MFU-OCNMS-2022-11-d10-1_S27,MFU,a637bf43d5e132d153855d8251665d935ea12a0b,459
MFU-CPS-mock2-even-d1-2_S2,MFU,a637bf43d5e132d153855d8251665d935ea12a0b,7
MFU-CPS-mock3-skew-d1-2_S13,MFU,a637bf43d5e132d153855d8251665d935ea12a0b,15429
MFU-OCNMS-2022-4-d1-1_S20,MFU,a637bf43d5e132d153855d8251665d935ea12a0b,737
MFU-OCNMS-2022-10-d10-1_S26,MFU,a637bf43d5e132d153855d8251665d935ea12a0b,499
MFU-OCNMS-2022-7-d10-1_S23,MFU,a637bf43d5e132d153855d8251665d935ea12a0b,1135
MFU-OCNMS-2022-5-d10-1_S21,MFU,a637bf43d5e132d153855d8251665d935ea12a0b,227
MFU-CPS-mock3-skew-d1-1_S12,MFU,a637bf43d5e132d153855d8251665d935ea12a0b,12880
MFU-OCNMS-2022-2-d10-1_S18,MFU,a637bf43d5e132d153855d8251665d935ea12a0b,721
MFU-CPS-mock3-even-d1-3_S6,MFU,a637bf43d5e132d153855d8251665d935ea12a0b,3915
MFU-mock1-skew-d1-3_S46,MFU,a637bf43d5e132d153855d8251665d935ea12a0b,3
MFU-CPS-mock3-skew-d1-3_S14,MFU,a637bf43d5e132d153855d8251665d935ea12a0b,14329
MFU-OCNMS-2022-8-d10-1_S24,MFU,a637bf43d5e132d153855d8251665d935ea12a0b,479
MFU-OCNMS-2022-20-d10-1_S36,MFU,a637bf43d5e132d153855d8251665d935ea12a0b,90
MFU-OCNMS-2022-9-d10-1_S25,MFU,a637bf43d5e132d153855d8251665d935ea12a0b,1651
MFU-CPS-mock3-even-d1-2_S5,MFU,a637bf43d5e132d153855d8251665d935ea12a0b,4492
MFU-CPS-mock4-even-d1-1_S127,MFU,a7ee008e2e67bead791d0aaf571a9960e43d8082,10
MFU-CPS-mock4-skew-d1-3_S132,MFU,a7ee008e2e67bead791d0aaf571a9960e43d8082,11
MFU-CPS-mock4-even-d1-2_S128,MFU,a7ee008e2e67bead791d0aaf571a9960e43d8082,2
MFU-CPS-mock4-skew-d1-1_S130,MFU,a7ee008e2e67bead791d0aaf571a9960e43d8082,54
MFU-CPS-mock4-skew-d1-2_S131,MFU,a7ee008e2e67bead791d0aaf571a9960e43d8082,23
MFU-CPS-mock4-even-d1-3_S129,MFU,a7ee008e2e67bead791d0aaf571a9960e43d8082,28
MFU-OCNMS-2022-10-d10-1_S26,MFU,364fa660e8d5a53b78787f8b5920c614aba43610,142
MFU-OCNMS-2022-12-d10-1_S28,MFU,7037767144816f0e8c3cac70d0598a5d9e555e74,1398
MFU-OCNMS-2022-2-d10-1_S18,MFU,3b1871026797c21835e2f0c4c02527a2b8607167,42
MFU-OCNMS-2022-8-d10-1_S24,MFU,3b1871026797c21835e2f0c4c02527a2b8607167,199
MFU-CPS-mock3-even-d1-1_S4,MFU,42bfc6303f5db0be106ce97e8a0f9f0454bf9218,584
MFU-CPS-mock3-skew-d1-1_S12,MFU,42bfc6303f5db0be106ce97e8a0f9f0454bf9218,960
MFU-CPS-mock3-even-d1-3_S6,MFU,42bfc6303f5db0be106ce97e8a0f9f0454bf9218,703
MFU-CPS-mock3-skew-d1-3_S14,MFU,42bfc6303f5db0be106ce97e8a0f9f0454bf9218,930
MFU-CPS-mock3-skew-d1-2_S13,MFU,42bfc6303f5db0be106ce97e8a0f9f0454bf9218,1003
MFU-CPS-mock3-even-d1-2_S5,MFU,42bfc6303f5db0be106ce97e8a0f9f0454bf9218,800
MFU-CPS-mock4-skew-d1-2_S131,MFU,8e445f971f8ba5281abd31b96174fc52fb9eb8a4,3872
MFU-CPS-mock3-skew-d1-2_S13,MFU,8e445f971f8ba5281abd31b96174fc52fb9eb8a4,56
MFU-CPS-mock4-skew-d1-3_S132,MFU,8e445f971f8ba5281abd31b96174fc52fb9eb8a4,958
MFU-CPS-mock3-even-d1-2_S5,MFU,8e445f971f8ba5281abd31b96174fc52fb9eb8a4,59
MFU-KAT-B25-d1-1_S88,MFU,8e445f971f8ba5281abd31b96174fc52fb9eb8a4,265
MFU-CPS-mock3-skew-d1-3_S14,MFU,8e445f971f8ba5281abd31b96174fc52fb9eb8a4,47
MFU-CPS-mock4-even-d1-2_S128,MFU,8e445f971f8ba5281abd31b96174fc52fb9eb8a4,7905
MFU-CPS-mock3-even-d1-3_S6,MFU,8e445f971f8ba5281abd31b96174fc52fb9eb8a4,58
MFU-OCNMS-2022-21-d10-1_S37,MFU,8e445f971f8ba5281abd31b96174fc52fb9eb8a4,85
MFU-KAT-B26-d1-1_S89,MFU,8e445f971f8ba5281abd31b96174fc52fb9eb8a4,229
MFU-CPS-mock3-even-d1-1_S4,MFU,8e445f971f8ba5281abd31b96174fc52fb9eb8a4,50
MFU-CPS-mock4-skew-d1-1_S130,MFU,8e445f971f8ba5281abd31b96174fc52fb9eb8a4,4043
MFU-CPS-mock4-even-d1-3_S129,MFU,8e445f971f8ba5281abd31b96174fc52fb9eb8a4,13779
MFU-CPS-mock4-even-d1-1_S127,MFU,8e445f971f8ba5281abd31b96174fc52fb9eb8a4,6952
MFU-CPS-mock3-skew-d1-1_S12,MFU,8e445f971f8ba5281abd31b96174fc52fb9eb8a4,64
MFU-OCNMS-2022-19-d10-1_S35,MFU,7a0c242fa219441720f0e2f4293e0c5bf96714b2,127
MFU-OCNMS-2022-2-d10-1_S18,MFU,7a0c242fa219441720f0e2f4293e0c5bf96714b2,82
MFU-OCNMS-2022-23-d10-1_S39,MFU,7a0c242fa219441720f0e2f4293e0c5bf96714b2,49
MFU-OCNMS-2022-7-d10-1_S23,MFU,7a0c242fa219441720f0e2f4293e0c5bf96714b2,201
MFU-OCNMS-2022-8-d10-1_S24,MFU,7a0c242fa219441720f0e2f4293e0c5bf96714b2,218
MFU-OCNMS-2022-10-d10-1_S26,MFU,7a0c242fa219441720f0e2f4293e0c5bf96714b2,203
MFU-CPS-mock2-skew-d1-3_S11,MFU,6746e03ec45086a9c89edf26c587d6e94cfbe26b,28
MFU-CPS-mock2-even-d1-1_S1,MFU,6746e03ec45086a9c89edf26c587d6e94cfbe26b,6
MFU-CPS-mock2-skew-d1-1_S9,MFU,6746e03ec45086a9c89edf26c587d6e94cfbe26b,14
MFU-CPS-mock2-even-d1-3_S3,MFU,6746e03ec45086a9c89edf26c587d6e94cfbe26b,6
MFU-CPS-mock2-even-d1-2_S2,MFU,6746e03ec45086a9c89edf26c587d6e94cfbe26b,7
MFU-CPS-mock2-skew-d1-2_S10,MFU,6746e03ec45086a9c89edf26c587d6e94cfbe26b,21
MFU-KAT-B22-d1-1_S87,MFU,e4d58eaddab0b4990385f6d9477687b318d3ff2b,570
MFU-KAT-B25-d1-1_S88,MFU,e4d58eaddab0b4990385f6d9477687b318d3ff2b,293
MFU-KAT-B26-d1-1_S89,MFU,e4d58eaddab0b4990385f6d9477687b318d3ff2b,87
MFU-CPS-mock4-skew-d1-1_S130,MFU,943ca6a371dade9e002a4fb59e3283cfbbb29a68,9
MFU-CPS-mock4-even-d1-3_S129,MFU,943ca6a371dade9e002a4fb59e3283cfbbb29a68,3
MFU-KAT-B22-d1-1_S87,MFU,357e395d8741bc837b0ce87c6f546bed5050733d,242
MFU-KAT-B25-d1-1_S88,MFU,357e395d8741bc837b0ce87c6f546bed5050733d,168
MFU-KAT-B22-d1-1_S87,MFU,6550b5b6e2d8946269402c743a11baeffe8ce624,265
MFU-KAT-B26-d1-1_S89,MFU,6550b5b6e2d8946269402c743a11baeffe8ce624,217
MFU-KAT-B25-d1-1_S88,MFU,6550b5b6e2d8946269402c743a11baeffe8ce624,178
MFU-OCNMS-2022-4-d1-1_S20,MFU,6550b5b6e2d8946269402c743a11baeffe8ce624,199
MFU-OCNMS-2022-14-d10-1_S30,MFU,5e1ea8292dcf869fddd3868559936f35ed0041e1,143
MFU-CPS-mock3-skew-d1-2_S13,MFU,6d5f0b702896f8e142e75cb7cd77b1dfbd9b114f,4
MFU-CPS-mock4-even-d1-2_S128,MFU,c1f0c9483d6addd63bc831ecac3e3af6abd02009,19
MFU-CPS-mock4-even-d1-1_S127,MFU,c1f0c9483d6addd63bc831ecac3e3af6abd02009,24
MFU-CPS-mock4-skew-d1-3_S132,MFU,c1f0c9483d6addd63bc831ecac3e3af6abd02009,21
MFU-CPS-mock4-even-d1-3_S129,MFU,c1f0c9483d6addd63bc831ecac3e3af6abd02009,34
MFU-CPS-mock4-skew-d1-2_S131,MFU,c1f0c9483d6addd63bc831ecac3e3af6abd02009,67
MFU-CPS-mock4-skew-d1-1_S130,MFU,c1f0c9483d6addd63bc831ecac3e3af6abd02009,77
MFU-mock1-even-d1-3_S43,MFU,03ac9e716fe523c4c84442c146d5a142dbaec2b8,3017
MFU-mock1-skew-d1-1_S44,MFU,03ac9e716fe523c4c84442c146d5a142dbaec2b8,1218
MFU-mock1-skew-d1-3_S46,MFU,03ac9e716fe523c4c84442c146d5a142dbaec2b8,2275
MFU-mock1-even-d1-2_S42,MFU,03ac9e716fe523c4c84442c146d5a142dbaec2b8,4408
MFU-mock1-skew-d1-2_S45,MFU,03ac9e716fe523c4c84442c146d5a142dbaec2b8,1424
MFU-mock1-even-d1-1_S41,MFU,03ac9e716fe523c4c84442c146d5a142dbaec2b8,5217
MFU-CPS-mock4-skew-d1-2_S131,MFU,5febe28e2af2a4aeb49d66f696af456c7cb8d331,26
MFU-CPS-mock4-skew-d1-1_S130,MFU,5febe28e2af2a4aeb49d66f696af456c7cb8d331,19
MFU-CPS-mock3-even-d1-3_S6,MFU,92e367352aeed8b876b13ae8130c0716d155ca1d,6
MFU-CPS-mock3-skew-d1-3_S14,MFU,92e367352aeed8b876b13ae8130c0716d155ca1d,4
MFU-CPS-mock2-even-d1-1_S1,MFU,92e367352aeed8b876b13ae8130c0716d155ca1d,3329
MFU-CPS-mock2-even-d1-2_S2,MFU,92e367352aeed8b876b13ae8130c0716d155ca1d,3525
MFU-CPS-mock3-skew-d1-1_S12,MFU,92e367352aeed8b876b13ae8130c0716d155ca1d,4
MFU-CPS-mock2-even-d1-3_S3,MFU,92e367352aeed8b876b13ae8130c0716d155ca1d,2475
MFU-CPS-mock2-skew-d1-2_S10,MFU,92e367352aeed8b876b13ae8130c0716d155ca1d,13148
MFU-CPS-mock2-skew-d1-1_S9,MFU,92e367352aeed8b876b13ae8130c0716d155ca1d,11418
MFU-CPS-mock2-skew-d1-3_S11,MFU,92e367352aeed8b876b13ae8130c0716d155ca1d,11957
MFU-CPS-mock3-skew-d1-2_S13,MFU,64ed6a94043b55b814252e33a82455cb628d8b2b,25
MFU-CPS-mock3-even-d1-1_S4,MFU,64ed6a94043b55b814252e33a82455cb628d8b2b,23
MFU-CPS-mock3-skew-d1-1_S12,MFU,64ed6a94043b55b814252e33a82455cb628d8b2b,22
MFU-CPS-mock3-even-d1-2_S5,MFU,64ed6a94043b55b814252e33a82455cb628d8b2b,21
MFU-CPS-mock3-skew-d1-3_S14,MFU,64ed6a94043b55b814252e33a82455cb628d8b2b,28
MFU-CPS-mock3-even-d1-3_S6,MFU,64ed6a94043b55b814252e33a82455cb628d8b2b,28
MFU-CPS-mock4-skew-d1-2_S131,MFU,bf18f174310a20bd32e549f1482a9b3ae5202d99,4584
MFU-CPS-mock4-even-d1-2_S128,MFU,bf18f174310a20bd32e549f1482a9b3ae5202d99,1008
MFU-CPS-mock4-skew-d1-1_S130,MFU,bf18f174310a20bd32e549f1482a9b3ae5202d99,4541
MFU-CPS-mock4-even-d1-3_S129,MFU,bf18f174310a20bd32e549f1482a9b3ae5202d99,1632
MFU-CPS-mock4-skew-d1-3_S132,MFU,bf18f174310a20bd32e549f1482a9b3ae5202d99,1111
MFU-CPS-mock4-even-d1-1_S127,MFU,bf18f174310a20bd32e549f1482a9b3ae5202d99,831
MFU-CPS-mock4-even-d1-3_S129,MFU,26b8aee14f20940c520351869c4b4188eff5b62f,265
MFU-CPS-mock4-skew-d1-3_S132,MFU,26b8aee14f20940c520351869c4b4188eff5b62f,123
MFU-CPS-mock4-even-d1-1_S127,MFU,26b8aee14f20940c520351869c4b4188eff5b62f,144
MFU-CPS-mock4-skew-d1-2_S131,MFU,26b8aee14f20940c520351869c4b4188eff5b62f,492
MFU-CPS-mock4-skew-d1-1_S130,MFU,26b8aee14f20940c520351869c4b4188eff5b62f,492
MFU-CPS-mock4-even-d1-2_S128,MFU,26b8aee14f20940c520351869c4b4188eff5b62f,149
MFU-OCNMS-2022-7-d10-1_S23,MFU,d20672b613c0da486e5e693d9d1d49b5d05102ad,146
MFU-CPS-mock4-even-d1-3_S129,MFU,fb959fffd2ff9552773d938f6c913e6213331861,4487
MFU-CPS-mock4-skew-d1-1_S130,MFU,fb959fffd2ff9552773d938f6c913e6213331861,3828
MFU-CPS-mock4-even-d1-2_S128,MFU,fb959fffd2ff9552773d938f6c913e6213331861,2576
MFU-CPS-mock4-even-d1-1_S127,MFU,fb959fffd2ff9552773d938f6c913e6213331861,2313
MFU-CPS-mock4-skew-d1-3_S132,MFU,fb959fffd2ff9552773d938f6c913e6213331861,934
MFU-CPS-mock4-skew-d1-2_S131,MFU,fb959fffd2ff9552773d938f6c913e6213331861,3754
MFU-CPS-mock4-even-d1-3_S129,MFU,4c02cb46d28425aa2171ead3455780affcb0e3d2,12
MFU-OCNMS-2022-6-d1-1_S22,MFU,9282bffe9849302318ecbc2e3793145115d2eef8,563
MFU-OCNMS-2022-4-d1-1_S20,MFU,9282bffe9849302318ecbc2e3793145115d2eef8,218
MFU-OCNMS-2022-2-d10-1_S18,MFU,9282bffe9849302318ecbc2e3793145115d2eef8,40
MFU-mock1-skew-d1-1_S44,MFU,fe8e01e1080eac0ddd3ab3b57d749d9de0ee1fab,13351
MFU-mock1-even-d1-1_S41,MFU,fe8e01e1080eac0ddd3ab3b57d749d9de0ee1fab,9116
MFU-mock1-even-d1-3_S43,MFU,fe8e01e1080eac0ddd3ab3b57d749d9de0ee1fab,6335
MFU-mock1-skew-d1-2_S45,MFU,fe8e01e1080eac0ddd3ab3b57d749d9de0ee1fab,13778
MFU-mock1-even-d1-2_S42,MFU,fe8e01e1080eac0ddd3ab3b57d749d9de0ee1fab,9341
MFU-mock1-skew-d1-3_S46,MFU,fe8e01e1080eac0ddd3ab3b57d749d9de0ee1fab,22747
MFU-CPS-mock4-skew-d1-2_S131,MFU,34c72e05fee9147682747865dcf4a874e8e6dc29,10
MFU-CPS-mock3-even-d1-1_S4,MFU,34c72e05fee9147682747865dcf4a874e8e6dc29,4
MFU-CPS-mock2-skew-d1-2_S10,MFU,cbad2d867ec1e12b8f0e610ac360e07d250d4ad4,2
MFU-CPS-mock2-even-d1-2_S2,MFU,cbad2d867ec1e12b8f0e610ac360e07d250d4ad4,6
MFU-CPS-mock2-even-d1-3_S3,MFU,cbad2d867ec1e12b8f0e610ac360e07d250d4ad4,3
MFU-CPS-mock2-skew-d1-3_S11,MFU,cbad2d867ec1e12b8f0e610ac360e07d250d4ad4,6
MFU-CPS-mock2-skew-d1-1_S9,MFU,cbad2d867ec1e12b8f0e610ac360e07d250d4ad4,8
MFU-CPS-mock3-even-d1-1_S4,MFU,cbad2d867ec1e12b8f0e610ac360e07d250d4ad4,3
MFU-OCNMS-2022-2-d10-1_S18,MFU,6167ab846a9c3cf821114f61468d9817e857431b,35
MFU-OCNMS-2022-19-d10-1_S35,MFU,6167ab846a9c3cf821114f61468d9817e857431b,98
MFU-OCNMS-2022-7-d10-1_S23,MFU,6167ab846a9c3cf821114f61468d9817e857431b,141
MFU-OCNMS-2022-20-d10-1_S36,MFU,6167ab846a9c3cf821114f61468d9817e857431b,152
MFU-OCNMS-2022-3-d10-1_S19,MFU,6167ab846a9c3cf821114f61468d9817e857431b,194
MFU-OCNMS-2022-15-d10-1_S31,MFU,6167ab846a9c3cf821114f61468d9817e857431b,202
MFU-OCNMS-2022-10-d10-1_S26,MFU,6167ab846a9c3cf821114f61468d9817e857431b,327
MFU-OCNMS-2022-14-d10-1_S30,MFU,6167ab846a9c3cf821114f61468d9817e857431b,231
MFU-OCNMS-2022-18-d10-1_S34,MFU,6167ab846a9c3cf821114f61468d9817e857431b,146
MFU-OCNMS-2022-21-d10-1_S37,MFU,6167ab846a9c3cf821114f61468d9817e857431b,85
MFU-OCNMS-2022-23-d10-1_S39,MFU,6167ab846a9c3cf821114f61468d9817e857431b,45
MFU-OCNMS-2022-17-d10-1_S33,MFU,6167ab846a9c3cf821114f61468d9817e857431b,309
MFU-OCNMS-2022-11-d10-1_S27,MFU,6167ab846a9c3cf821114f61468d9817e857431b,136
MFU-OCNMS-2022-19-d10-1_S35,MFU,12e2e152def273bdcf55e5597375dfc0ed33cb47,123
MFU-mock1-skew-d1-2_S45,MFU,33f414f04f67b77e2551443b860851b723139c9d,2
MFU-mock1-even-d1-2_S42,MFU,33f414f04f67b77e2551443b860851b723139c9d,4
MFU-mock1-even-d1-1_S41,MFU,33f414f04f67b77e2551443b860851b723139c9d,9
MFU-CPS-mock2-skew-d1-3_S11,MFU,ea7f7fb8734a160949381badc10a971d64e3bd20,70
MFU-CPS-mock2-even-d1-3_S3,MFU,ea7f7fb8734a160949381badc10a971d64e3bd20,193
MFU-CPS-mock2-even-d1-2_S2,MFU,ea7f7fb8734a160949381badc10a971d64e3bd20,304
MFU-CPS-mock2-skew-d1-1_S9,MFU,ea7f7fb8734a160949381badc10a971d64e3bd20,95
MFU-CPS-mock2-skew-d1-2_S10,MFU,ea7f7fb8734a160949381badc10a971d64e3bd20,84
MFU-CPS-mock2-even-d1-1_S1,MFU,ea7f7fb8734a160949381badc10a971d64e3bd20,287
MFU-CPS-mock4-even-d1-3_S129,MFU,a277b296e64675e0c9c06e9404423af6cc24d71a,16892
MFU-CPS-mock4-skew-d1-2_S131,MFU,a277b296e64675e0c9c06e9404423af6cc24d71a,29230
MFU-CPS-mock4-skew-d1-3_S132,MFU,a277b296e64675e0c9c06e9404423af6cc24d71a,6589
MFU-CPS-mock4-skew-d1-1_S130,MFU,a277b296e64675e0c9c06e9404423af6cc24d71a,29147
MFU-KAT-B26-d1-1_S89,MFU,a277b296e64675e0c9c06e9404423af6cc24d71a,120
MFU-CPS-mock4-even-d1-1_S127,MFU,a277b296e64675e0c9c06e9404423af6cc24d71a,8737
MFU-CPS-mock4-even-d1-2_S128,MFU,a277b296e64675e0c9c06e9404423af6cc24d71a,10043
MFU-OCNMS-2022-2-d10-1_S18,MFU,83f6d7b5c2df35c6d92bae3592db9f93fc8ee5f5,87
MFU-CPS-mock2-even-d1-3_S3,MFU,4a00703e5e80b395a9ccf7ee440fef919661362a,5
MFU-OCNMS-2022-11-d10-1_S27,MFU,05e2ebcd3f7d74014e1f6fcb99a7a14bf8b40464,251
MFU-OCNMS-2022-5-d10-1_S21,MFU,0cf921ef977329911a0fb3d095c730f307895de2,176
MFU-KAT-B22-d1-1_S87,MFU,0cf921ef977329911a0fb3d095c730f307895de2,284
MFU-OCNMS-2022-21-d10-1_S37,MFU,0cf921ef977329911a0fb3d095c730f307895de2,258
MFU-OCNMS-2022-2-d10-1_S18,MFU,0cf921ef977329911a0fb3d095c730f307895de2,104
MFU-OCNMS-2022-18-d10-1_S34,MFU,0cf921ef977329911a0fb3d095c730f307895de2,139
MFU-OCNMS-2022-14-d10-1_S30,MFU,0cf921ef977329911a0fb3d095c730f307895de2,117
MFU-OCNMS-2022-22-d10-1_S38,MFU,0cf921ef977329911a0fb3d095c730f307895de2,132
MFU-OCNMS-2022-11-d10-1_S27,MFU,0cf921ef977329911a0fb3d095c730f307895de2,307
MFU-OCNMS-2022-23-d10-1_S39,MFU,0cf921ef977329911a0fb3d095c730f307895de2,47
MFU-OCNMS-2022-10-d10-1_S26,MFU,86bd9d099219cd57c3e5c52108e043073eb26893,206
MFU-OCNMS-2022-3-d10-1_S19,MFU,6f05278ccbfbbfc3499262cfb461ed8f24b45dd4,76
MFU-CPS-mock4-skew-d1-3_S132,MFU,f45e5611cabffd7c6aa0265033c70a755e7be4b5,214
MFU-CPS-mock4-even-d1-3_S129,MFU,f45e5611cabffd7c6aa0265033c70a755e7be4b5,321
MFU-CPS-mock4-even-d1-2_S128,MFU,f45e5611cabffd7c6aa0265033c70a755e7be4b5,176
MFU-CPS-mock4-skew-d1-2_S131,MFU,f45e5611cabffd7c6aa0265033c70a755e7be4b5,623
MFU-CPS-mock4-skew-d1-1_S130,MFU,f45e5611cabffd7c6aa0265033c70a755e7be4b5,617
MFU-CPS-mock4-even-d1-1_S127,MFU,f45e5611cabffd7c6aa0265033c70a755e7be4b5,154
MFU-OCNMS-2022-20-d10-1_S36,MFU,92f97d63b56006ed086ad20f72c758ba061eb812,71
MFU-OCNMS-2022-22-d10-1_S38,MFU,8e22552e59f541733aaca9de4c9d2940941b94d5,128
MFU-OCNMS-2022-20-d10-1_S36,MFU,8e22552e59f541733aaca9de4c9d2940941b94d5,81
MFU-OCNMS-2022-14-d10-1_S30,MFU,8e22552e59f541733aaca9de4c9d2940941b94d5,108
MFU-OCNMS-2022-5-d10-1_S21,MFU,f883a2180a1aff82465c58622705e96c81e6e51a,84
MFU-OCNMS-2022-7-d10-1_S23,MFU,f883a2180a1aff82465c58622705e96c81e6e51a,155
MFU-OCNMS-2022-9-d10-1_S25,MFU,f883a2180a1aff82465c58622705e96c81e6e51a,452
MFU-OCNMS-2022-14-d10-1_S30,MFU,f883a2180a1aff82465c58622705e96c81e6e51a,426
MFU-OCNMS-2022-3-d10-1_S19,MFU,f883a2180a1aff82465c58622705e96c81e6e51a,137
MFU-OCNMS-2022-16-d1-1_S32,MFU,f883a2180a1aff82465c58622705e96c81e6e51a,134
MFU-CPS-mock4-even-d1-1_S127,MFU,b945addeef9b0cbd4aa066d41d81519d5f7bebb8,1545
MFU-CPS-mock4-skew-d1-2_S131,MFU,b945addeef9b0cbd4aa066d41d81519d5f7bebb8,16299
MFU-CPS-mock4-even-d1-3_S129,MFU,b945addeef9b0cbd4aa066d41d81519d5f7bebb8,3071
MFU-CPS-mock4-skew-d1-1_S130,MFU,b945addeef9b0cbd4aa066d41d81519d5f7bebb8,15332
MFU-CPS-mock4-even-d1-2_S128,MFU,b945addeef9b0cbd4aa066d41d81519d5f7bebb8,1840
MFU-CPS-mock4-skew-d1-3_S132,MFU,b945addeef9b0cbd4aa066d41d81519d5f7bebb8,3512
MFU-OCNMS-2022-10-d10-1_S26,MFU,b1f5ecc9ad5636d44da4a5875439ce0fdb5f0c27,62
MFU-CPS-mock3-even-d1-3_S6,MFU,fe98062cb751d037f7bf0b8d6258a47cbb77aa19,96
MFU-CPS-mock3-even-d1-1_S4,MFU,fe98062cb751d037f7bf0b8d6258a47cbb77aa19,73
MFU-CPS-mock3-skew-d1-3_S14,MFU,fe98062cb751d037f7bf0b8d6258a47cbb77aa19,72
MFU-CPS-mock3-skew-d1-2_S13,MFU,fe98062cb751d037f7bf0b8d6258a47cbb77aa19,64
MFU-CPS-mock3-even-d1-2_S5,MFU,fe98062cb751d037f7bf0b8d6258a47cbb77aa19,83
MFU-CPS-mock3-skew-d1-1_S12,MFU,fe98062cb751d037f7bf0b8d6258a47cbb77aa19,76
MFU-OCNMS-2022-22-d10-1_S38,MFU,aa530ddad57b2280b02ba030220ed204f132c1f3,5
MFU-OCNMS-2022-9-d10-1_S25,MFU,de068d7c4c52158ce866dc4434278f82f6e2b625,277
MFU-OCNMS-2022-2-d10-1_S18,MFU,202fbc12ca243f5af6d80ef9fb8a47d52bb8fd5b,1497
MFU-OCNMS-2022-18-d10-1_S34,MFU,202fbc12ca243f5af6d80ef9fb8a47d52bb8fd5b,339
MFU-OCNMS-2022-3-d10-1_S19,MFU,202fbc12ca243f5af6d80ef9fb8a47d52bb8fd5b,762
MFU-OCNMS-2022-4-d1-1_S20,MFU,202fbc12ca243f5af6d80ef9fb8a47d52bb8fd5b,475
MFU-OCNMS-2022-15-d10-1_S31,MFU,202fbc12ca243f5af6d80ef9fb8a47d52bb8fd5b,1329
MFU-OCNMS-2022-12-d10-1_S28,MFU,202fbc12ca243f5af6d80ef9fb8a47d52bb8fd5b,3411
MFU-OCNMS-2022-8-d10-1_S24,MFU,202fbc12ca243f5af6d80ef9fb8a47d52bb8fd5b,2038
MFU-OCNMS-2022-5-d10-1_S21,MFU,202fbc12ca243f5af6d80ef9fb8a47d52bb8fd5b,185
MFU-OCNMS-2022-20-d10-1_S36,MFU,202fbc12ca243f5af6d80ef9fb8a47d52bb8fd5b,75
MFU-OCNMS-2022-23-d10-1_S39,MFU,202fbc12ca243f5af6d80ef9fb8a47d52bb8fd5b,108
MFU-OCNMS-2022-11-d10-1_S27,MFU,202fbc12ca243f5af6d80ef9fb8a47d52bb8fd5b,1293
MFU-OCNMS-2022-14-d10-1_S30,MFU,202fbc12ca243f5af6d80ef9fb8a47d52bb8fd5b,1467
MFU-OCNMS-2022-22-d10-1_S38,MFU,202fbc12ca243f5af6d80ef9fb8a47d52bb8fd5b,599
MFU-OCNMS-2022-21-d10-1_S37,MFU,202fbc12ca243f5af6d80ef9fb8a47d52bb8fd5b,343
MFU-OCNMS-2022-10-d10-1_S26,MFU,202fbc12ca243f5af6d80ef9fb8a47d52bb8fd5b,1228
MFU-OCNMS-2022-16-d1-1_S32,MFU,202fbc12ca243f5af6d80ef9fb8a47d52bb8fd5b,559
MFU-OCNMS-2022-19-d10-1_S35,MFU,202fbc12ca243f5af6d80ef9fb8a47d52bb8fd5b,133
MFU-OCNMS-2022-7-d10-1_S23,MFU,202fbc12ca243f5af6d80ef9fb8a47d52bb8fd5b,3868
MFU-KAT-B26-d1-1_S89,MFU,202fbc12ca243f5af6d80ef9fb8a47d52bb8fd5b,19
MFU-OCNMS-2022-9-d10-1_S25,MFU,202fbc12ca243f5af6d80ef9fb8a47d52bb8fd5b,15637
MFU-KAT-B25-d1-1_S88,MFU,202fbc12ca243f5af6d80ef9fb8a47d52bb8fd5b,187
MFU-CPS-mock4-even-d1-2_S128,MFU,8b904997120f04d84e0b0d64ce1c2f936a732213,8
MFU-OCNMS-2022-12-d10-1_S28,MFU,8b904997120f04d84e0b0d64ce1c2f936a732213,1459
MFU-OCNMS-2022-14-d10-1_S30,MFU,8b904997120f04d84e0b0d64ce1c2f936a732213,224
MFU-CPS-mock4-even-d1-3_S129,MFU,8b904997120f04d84e0b0d64ce1c2f936a732213,11
MFU-CPS-mock4-skew-d1-1_S130,MFU,8b904997120f04d84e0b0d64ce1c2f936a732213,27
MFU-CPS-mock4-skew-d1-2_S131,MFU,8b904997120f04d84e0b0d64ce1c2f936a732213,43
MFU-OCNMS-2022-7-d10-1_S23,MFU,788f2c316ec3c14d772a4be41e8b2998b6c28012,98
MFU-OCNMS-2022-20-d10-1_S36,MFU,7a3cd79f5f5aa22838cecef14cdd58de3a051b02,171
MFU-OCNMS-2022-8-d10-1_S24,MFU,7a3cd79f5f5aa22838cecef14cdd58de3a051b02,678
MFU-OCNMS-2022-11-d10-1_S27,MFU,7a3cd79f5f5aa22838cecef14cdd58de3a051b02,177
MFU-OCNMS-2022-9-d10-1_S25,MFU,7a3cd79f5f5aa22838cecef14cdd58de3a051b02,858
MFU-OCNMS-2022-23-d10-1_S39,MFU,7a3cd79f5f5aa22838cecef14cdd58de3a051b02,94
MFU-OCNMS-2022-7-d10-1_S23,MFU,7a3cd79f5f5aa22838cecef14cdd58de3a051b02,207
MFU-OCNMS-2022-19-d10-1_S35,MFU,7a3cd79f5f5aa22838cecef14cdd58de3a051b02,155
MFU-OCNMS-2022-17-d10-1_S33,MFU,7a3cd79f5f5aa22838cecef14cdd58de3a051b02,431
MFU-OCNMS-2022-10-d10-1_S26,MFU,7a3cd79f5f5aa22838cecef14cdd58de3a051b02,363
MFU-OCNMS-2022-18-d10-1_S34,MFU,7a3cd79f5f5aa22838cecef14cdd58de3a051b02,50
MFU-OCNMS-2022-12-d10-1_S28,MFU,7a3cd79f5f5aa22838cecef14cdd58de3a051b02,2835
MFU-OCNMS-2022-14-d10-1_S30,MFU,7a3cd79f5f5aa22838cecef14cdd58de3a051b02,840
MFU-OCNMS-2022-15-d10-1_S31,MFU,7a3cd79f5f5aa22838cecef14cdd58de3a051b02,216
MFU-OCNMS-2022-12-d10-1_S28,MFU,0900d5804f14bbd88f7a315d4263ae42dd8fdfa0,3207
MFU-CPS-mock2-skew-d1-1_S9,MFU,b3eb3f6d81c3927aaa6a9d48a4da1a70fac1df95,16
MFU-CPS-mock2-even-d1-3_S3,MFU,b3eb3f6d81c3927aaa6a9d48a4da1a70fac1df95,9
MFU-CPS-mock2-skew-d1-2_S10,MFU,b3eb3f6d81c3927aaa6a9d48a4da1a70fac1df95,20
MFU-CPS-mock2-even-d1-2_S2,MFU,b3eb3f6d81c3927aaa6a9d48a4da1a70fac1df95,6
MFU-CPS-mock2-skew-d1-3_S11,MFU,b3eb3f6d81c3927aaa6a9d48a4da1a70fac1df95,8
MFU-CPS-mock2-even-d1-1_S1,MFU,b3eb3f6d81c3927aaa6a9d48a4da1a70fac1df95,11
MFU-KAT-B25-d1-1_S88,MFU,46393cd4e97d25124bf6610f0d9445f0f37a40b2,231
MFU-CPS-mock4-even-d1-2_S128,MFU,46393cd4e97d25124bf6610f0d9445f0f37a40b2,7
MFU-CPS-mock4-skew-d1-2_S131,MFU,46393cd4e97d25124bf6610f0d9445f0f37a40b2,13
MFU-CPS-mock4-skew-d1-1_S130,MFU,46393cd4e97d25124bf6610f0d9445f0f37a40b2,35
MFU-CPS-mock4-even-d1-3_S129,MFU,46393cd4e97d25124bf6610f0d9445f0f37a40b2,16
MFU-CPS-mock4-skew-d1-2_S131,MFU,5de045f18232f6ee10c44867e30f4505569dc444,27
MFU-CPS-mock4-skew-d1-1_S130,MFU,5de045f18232f6ee10c44867e30f4505569dc444,38
MFU-CPS-mock4-even-d1-2_S128,MFU,5de045f18232f6ee10c44867e30f4505569dc444,13
MFU-CPS-mock4-skew-d1-3_S132,MFU,5de045f18232f6ee10c44867e30f4505569dc444,8
MFU-CPS-mock4-even-d1-1_S127,MFU,5de045f18232f6ee10c44867e30f4505569dc444,14
MFU-CPS-mock4-even-d1-3_S129,MFU,5de045f18232f6ee10c44867e30f4505569dc444,30
MFU-CPS-mock4-even-d1-1_S127,MFU,45fdb114ff4f8cbc4ac53a322f3206d7bcd1d648,2
MFU-CPS-mock4-skew-d1-1_S130,MFU,8c941723ea22c9bfa89c949be4360cc610b46eaa,7
MFU-CPS-mock4-even-d1-1_S127,MFU,8c941723ea22c9bfa89c949be4360cc610b46eaa,9
MFU-CPS-mock4-even-d1-3_S129,MFU,8c941723ea22c9bfa89c949be4360cc610b46eaa,9
MFU-CPS-mock4-skew-d1-2_S131,MFU,8c941723ea22c9bfa89c949be4360cc610b46eaa,17
MFU-OCNMS-2022-3-d10-1_S19,MFU,e5a0ada8481541bd621572af09f60fee8d03b329,237
MFU-CPS-mock4-skew-d1-2_S131,MFU,31adf9b0bfe620438b8e730fd474cc27e61c3cc4,10407
MFU-CPS-mock4-even-d1-2_S128,MFU,31adf9b0bfe620438b8e730fd474cc27e61c3cc4,3393
MFU-CPS-mock4-skew-d1-3_S132,MFU,31adf9b0bfe620438b8e730fd474cc27e61c3cc4,2691
MFU-CPS-mock4-skew-d1-1_S130,MFU,31adf9b0bfe620438b8e730fd474cc27e61c3cc4,10722
MFU-CPS-mock4-even-d1-1_S127,MFU,31adf9b0bfe620438b8e730fd474cc27e61c3cc4,3005
MFU-CPS-mock4-even-d1-3_S129,MFU,31adf9b0bfe620438b8e730fd474cc27e61c3cc4,6177
MFU-mock1-skew-d1-1_S44,MFU,56b2b20cf03c23436c7a3693c3fb6d3fdc17ccc2,10
MFU-mock1-skew-d1-3_S46,MFU,56b2b20cf03c23436c7a3693c3fb6d3fdc17ccc2,21
MFU-mock1-skew-d1-2_S45,MFU,56b2b20cf03c23436c7a3693c3fb6d3fdc17ccc2,11
MFU-OCNMS-2022-11-d10-1_S27,MFU,d334e2e1f793316fd22167642a71afbd66c78278,446
MFU-OCNMS-2022-22-d10-1_S38,MFU,d334e2e1f793316fd22167642a71afbd66c78278,147
MFU-OCNMS-2022-2-d10-1_S18,MFU,d334e2e1f793316fd22167642a71afbd66c78278,412
MFU-OCNMS-2022-10-d10-1_S26,MFU,d334e2e1f793316fd22167642a71afbd66c78278,504
MFU-OCNMS-2022-4-d1-1_S20,MFU,d334e2e1f793316fd22167642a71afbd66c78278,366
MFU-OCNMS-2022-3-d10-1_S19,MFU,d334e2e1f793316fd22167642a71afbd66c78278,91
MFU-OCNMS-2022-7-d10-1_S23,MFU,d334e2e1f793316fd22167642a71afbd66c78278,134
MFU-OCNMS-2022-4-d1-1_S20,MFU,f4b90e28c7c676a4deff520207f177b706e65355,113
MFU-OCNMS-2022-2-d10-1_S18,MFU,0782c025a0f96f74b62c513d9bb2a228fff54b46,97
MFU-CPS-mock2-even-d1-3_S3,MFU,f6d66e93af306deefa8e30c7f8608dd893e257a0,4
MFU-CPS-mock2-even-d1-2_S2,MFU,f6d66e93af306deefa8e30c7f8608dd893e257a0,10
MFU-CPS-mock4-skew-d1-1_S130,MFU,f6d66e93af306deefa8e30c7f8608dd893e257a0,9
MFU-CPS-mock4-even-d1-3_S129,MFU,f6d66e93af306deefa8e30c7f8608dd893e257a0,9
MFU-OCNMS-2022-10-d10-1_S26,MFU,f6d66e93af306deefa8e30c7f8608dd893e257a0,668
MFU-CPS-mock4-skew-d1-2_S131,MFU,f6d66e93af306deefa8e30c7f8608dd893e257a0,8
MFU-OCNMS-2022-16-d1-1_S32,MFU,f6d66e93af306deefa8e30c7f8608dd893e257a0,159
MFU-OCNMS-2022-19-d10-1_S35,MFU,f6d66e93af306deefa8e30c7f8608dd893e257a0,127
MFU-CPS-mock2-even-d1-1_S1,MFU,f6d66e93af306deefa8e30c7f8608dd893e257a0,8
MFU-CPS-mock4-even-d1-2_S128,MFU,a36e764085f2df5057acd708a77653682db6a4fe,3841
MFU-CPS-mock4-skew-d1-1_S130,MFU,a36e764085f2df5057acd708a77653682db6a4fe,14736
MFU-CPS-mock4-skew-d1-2_S131,MFU,a36e764085f2df5057acd708a77653682db6a4fe,13751
MFU-CPS-mock4-skew-d1-3_S132,MFU,a36e764085f2df5057acd708a77653682db6a4fe,3128
MFU-CPS-mock4-even-d1-3_S129,MFU,a36e764085f2df5057acd708a77653682db6a4fe,6191
MFU-CPS-mock4-even-d1-1_S127,MFU,a36e764085f2df5057acd708a77653682db6a4fe,3451
MFU-OCNMS-2022-17-d10-1_S33,MFU,d8fb722a3b16bed133e6431e32a1e2fcc7a9f62e,161
MFU-OCNMS-2022-4-d1-1_S20,MFU,d8fb722a3b16bed133e6431e32a1e2fcc7a9f62e,437
MFU-OCNMS-2022-7-d10-1_S23,MFU,14b56a23a27e8c55d1cbe3e3cfdfef66807e9f07,286
MFU-OCNMS-2022-21-d10-1_S37,MFU,14b56a23a27e8c55d1cbe3e3cfdfef66807e9f07,69
MFU-OCNMS-2022-4-d1-1_S20,MFU,14b56a23a27e8c55d1cbe3e3cfdfef66807e9f07,114
MFU-OCNMS-2022-22-d10-1_S38,MFU,14b56a23a27e8c55d1cbe3e3cfdfef66807e9f07,303
MFU-CPS-mock4-even-d1-2_S128,MFU,12fe0d61324261d319dc5f5774e5348d7a163ab3,4
MFU-CPS-mock2-even-d1-1_S1,MFU,12fe0d61324261d319dc5f5774e5348d7a163ab3,2
MFU-CPS-mock2-skew-d1-2_S10,MFU,12fe0d61324261d319dc5f5774e5348d7a163ab3,3
MFU-CPS-mock4-even-d1-2_S128,MFU,7d9b68f80edfdac3bcc2082852839a51ee226097,2
MFU-CPS-mock4-even-d1-1_S127,MFU,7d9b68f80edfdac3bcc2082852839a51ee226097,2
MFU-CPS-mock4-skew-d1-2_S131,MFU,7d9b68f80edfdac3bcc2082852839a51ee226097,4
MFU-OCNMS-2022-6-d1-1_S22,MFU,b5b5a36f6d4bca2c813e765378e0d018dd717ee7,365
MFU-OCNMS-2022-14-d10-1_S30,MFU,1a70c56bbc73da55ccbe27cacb116267f8e2d66f,52
MFU-OCNMS-2022-7-d10-1_S23,MFU,a2b2261e3751ce5e87b994eb39ba6cb25a160cff,38
MFU-OCNMS-2022-2-d10-1_S18,MFU,6f71fc5506fe04f9538b5b8a0f2582d6da7539a4,380
MFU-OCNMS-2022-11-d10-1_S27,MFU,6f71fc5506fe04f9538b5b8a0f2582d6da7539a4,294
MFU-OCNMS-2022-16-d1-1_S32,MFU,6f71fc5506fe04f9538b5b8a0f2582d6da7539a4,84
MFU-OCNMS-2022-7-d10-1_S23,MFU,6f71fc5506fe04f9538b5b8a0f2582d6da7539a4,396
MFU-OCNMS-2022-23-d10-1_S39,MFU,6f71fc5506fe04f9538b5b8a0f2582d6da7539a4,49
MFU-OCNMS-2022-3-d10-1_S19,MFU,6f71fc5506fe04f9538b5b8a0f2582d6da7539a4,137
MFU-OCNMS-2022-12-d10-1_S28,MFU,6f71fc5506fe04f9538b5b8a0f2582d6da7539a4,4116
MFU-OCNMS-2022-22-d10-1_S38,MFU,6f71fc5506fe04f9538b5b8a0f2582d6da7539a4,166
MFU-OCNMS-2022-19-d10-1_S35,MFU,6f71fc5506fe04f9538b5b8a0f2582d6da7539a4,42
MFU-OCNMS-2022-5-d10-1_S21,MFU,6f71fc5506fe04f9538b5b8a0f2582d6da7539a4,334
MFU-OCNMS-2022-17-d10-1_S33,MFU,6f71fc5506fe04f9538b5b8a0f2582d6da7539a4,393
MFU-OCNMS-2022-9-d10-1_S25,MFU,6f71fc5506fe04f9538b5b8a0f2582d6da7539a4,783
MFU-OCNMS-2022-14-d10-1_S30,MFU,6f71fc5506fe04f9538b5b8a0f2582d6da7539a4,122
MFU-OCNMS-2022-4-d1-1_S20,MFU,6f71fc5506fe04f9538b5b8a0f2582d6da7539a4,244
MFU-OCNMS-2022-8-d10-1_S24,MFU,6f71fc5506fe04f9538b5b8a0f2582d6da7539a4,104
MFU-OCNMS-2022-EB-d1-1_S40,MFU,6f71fc5506fe04f9538b5b8a0f2582d6da7539a4,201
MFU-OCNMS-2022-15-d10-1_S31,MFU,6f71fc5506fe04f9538b5b8a0f2582d6da7539a4,222
MFU-OCNMS-2022-20-d10-1_S36,MFU,6f71fc5506fe04f9538b5b8a0f2582d6da7539a4,155
MFU-OCNMS-2022-21-d10-1_S37,MFU,6f71fc5506fe04f9538b5b8a0f2582d6da7539a4,126
MFU-OCNMS-2022-10-d10-1_S26,MFU,6f71fc5506fe04f9538b5b8a0f2582d6da7539a4,218
MFU-OCNMS-2022-18-d10-1_S34,MFU,6f71fc5506fe04f9538b5b8a0f2582d6da7539a4,133
MFU-OCNMS-2022-13-d1-1_S29,MFU,6f71fc5506fe04f9538b5b8a0f2582d6da7539a4,694
MFU-OCNMS-2022-9-d10-1_S25,MFU,91aab2b3c53cf63564ad2d736d7e3fa12bd18e2b,38
MFU-OCNMS-2022-9-d10-1_S25,MFU,08aeff2947a8b2e08cdf4f3170d1eda2ae0bca23,531
MFU-OCNMS-2022-7-d10-1_S23,MFU,97ac052ddb3db8ef009ad85492364196bfbb5f7c,44
MFU-OCNMS-2022-11-d10-1_S27,MFU,ba0715e8c59dd6203f0877bc7b055563ecd66e94,174
MFU-OCNMS-2022-14-d10-1_S30,MFU,ba0715e8c59dd6203f0877bc7b055563ecd66e94,253
MFU-OCNMS-2022-18-d10-1_S34,MFU,ba0715e8c59dd6203f0877bc7b055563ecd66e94,232
MFU-OCNMS-2022-10-d10-1_S26,MFU,ba0715e8c59dd6203f0877bc7b055563ecd66e94,208
MFU-OCNMS-2022-9-d10-1_S25,MFU,ba0715e8c59dd6203f0877bc7b055563ecd66e94,372
MFU-OCNMS-2022-8-d10-1_S24,MFU,ba0715e8c59dd6203f0877bc7b055563ecd66e94,165
MFU-OCNMS-2022-6-d1-1_S22,MFU,ba0715e8c59dd6203f0877bc7b055563ecd66e94,430
MFU-OCNMS-2022-17-d10-1_S33,MFU,ba0715e8c59dd6203f0877bc7b055563ecd66e94,343
MFU-OCNMS-2022-21-d10-1_S37,MFU,ba0715e8c59dd6203f0877bc7b055563ecd66e94,139
MFU-OCNMS-2022-13-d1-1_S29,MFU,ba0715e8c59dd6203f0877bc7b055563ecd66e94,514
MFU-OCNMS-2022-23-d10-1_S39,MFU,ba0715e8c59dd6203f0877bc7b055563ecd66e94,93
MFU-OCNMS-2022-16-d1-1_S32,MFU,ba0715e8c59dd6203f0877bc7b055563ecd66e94,226
MFU-OCNMS-2022-15-d10-1_S31,MFU,ba0715e8c59dd6203f0877bc7b055563ecd66e94,241
MFU-OCNMS-2022-20-d10-1_S36,MFU,ba0715e8c59dd6203f0877bc7b055563ecd66e94,138
MFU-OCNMS-2022-1-d100-1_S17,MFU,ba0715e8c59dd6203f0877bc7b055563ecd66e94,868
MFU-OCNMS-2022-EB-d1-1_S40,MFU,ba0715e8c59dd6203f0877bc7b055563ecd66e94,125
MFU-OCNMS-2022-22-d10-1_S38,MFU,ba0715e8c59dd6203f0877bc7b055563ecd66e94,190
MFU-OCNMS-2022-6-d1-1_S22,MFU,809ba4ddf6da071c2ad477c6cc8fe45f1904a356,358
MFU-CPS-mock2-skew-d1-3_S11,MFU,1e2c6964d7d7aa5b5b0328a3f2a58c65ab9ab423,585
MFU-mock1-skew-d1-3_S46,MFU,1e2c6964d7d7aa5b5b0328a3f2a58c65ab9ab423,228
MFU-mock1-even-d1-3_S43,MFU,1e2c6964d7d7aa5b5b0328a3f2a58c65ab9ab423,77
MFU-CPS-mock2-skew-d1-2_S10,MFU,1e2c6964d7d7aa5b5b0328a3f2a58c65ab9ab423,584
MFU-mock1-skew-d1-2_S45,MFU,1e2c6964d7d7aa5b5b0328a3f2a58c65ab9ab423,137
MFU-CPS-mock2-even-d1-1_S1,MFU,1e2c6964d7d7aa5b5b0328a3f2a58c65ab9ab423,364
MFU-CPS-mock4-even-d1-1_S127,MFU,1e2c6964d7d7aa5b5b0328a3f2a58c65ab9ab423,155
MFU-mock1-even-d1-2_S42,MFU,1e2c6964d7d7aa5b5b0328a3f2a58c65ab9ab423,124
MFU-CPS-mock2-skew-d1-1_S9,MFU,1e2c6964d7d7aa5b5b0328a3f2a58c65ab9ab423,519
MFU-CPS-mock4-even-d1-3_S129,MFU,1e2c6964d7d7aa5b5b0328a3f2a58c65ab9ab423,282
MFU-CPS-mock4-skew-d1-1_S130,MFU,1e2c6964d7d7aa5b5b0328a3f2a58c65ab9ab423,306
MFU-CPS-mock4-skew-d1-3_S132,MFU,1e2c6964d7d7aa5b5b0328a3f2a58c65ab9ab423,44
MFU-CPS-mock2-even-d1-3_S3,MFU,1e2c6964d7d7aa5b5b0328a3f2a58c65ab9ab423,223
MFU-CPS-mock2-even-d1-2_S2,MFU,1e2c6964d7d7aa5b5b0328a3f2a58c65ab9ab423,375
MFU-mock1-skew-d1-1_S44,MFU,1e2c6964d7d7aa5b5b0328a3f2a58c65ab9ab423,110
MFU-CPS-mock4-skew-d1-2_S131,MFU,1e2c6964d7d7aa5b5b0328a3f2a58c65ab9ab423,198
MFU-mock1-even-d1-1_S41,MFU,1e2c6964d7d7aa5b5b0328a3f2a58c65ab9ab423,153
MFU-CPS-mock4-even-d1-2_S128,MFU,1e2c6964d7d7aa5b5b0328a3f2a58c65ab9ab423,190
MFU-OCNMS-2022-9-d10-1_S25,MFU,04f5d83b34b8df5c117b3448d066b68be4356e8f,98
MFU-OCNMS-2022-11-d10-1_S27,MFU,5cf7eb5fe031d778164353639b56aba6632dcaaf,339
MFU-OCNMS-2022-15-d10-1_S31,MFU,e725ee39c7082e8d9642dba61dfb8e12fa30c167,71
MFU-OCNMS-2022-8-d10-1_S24,MFU,15b98af9094628915c0b458700b416c6f2de72ce,46
MFU-OCNMS-2022-14-d10-1_S30,MFU,61ecc307f757a53dfc5afa25429c83653bbddb5b,162
MFU-OCNMS-2022-9-d10-1_S25,MFU,61ecc307f757a53dfc5afa25429c83653bbddb5b,311
MFU-OCNMS-2022-9-d10-1_S25,MFU,25cf7b0ea4572ddd942439d2ac7486b20defdc49,457
MFU-OCNMS-2022-6-d1-1_S22,MFU,35fef42e6929b9f73ec88e61c38ef13e4a27000c,390
MFU-OCNMS-2022-4-d1-1_S20,MFU,e20710620fdb9b5ce97f4467cba7b814280ef771,46
MFU-OCNMS-2022-12-d10-1_S28,MFU,9f02eab3a74e26e70a0e82fb4e7834f16b897a88,313
MFU-OCNMS-2022-17-d10-1_S33,MFU,ae9101bf2dd7cc22b88c399ae1ee6cd12f1ba968,34
MFU-OCNMS-2022-1-d100-1_S17,MFU,3b7bdcdeebcaa60a5e063b060d36f085adf35540,814
MFU-OCNMS-2022-14-d10-1_S30,MFU,0980a615ebb8ede415df997a5bfc0d3b7806eb86,249
MFU-OCNMS-2022-14-d10-1_S30,MFU,de0569735fdf8e4e03e7c77f9b8d2626a26a457d,172
MFU-OCNMS-2022-9-d10-1_S25,MFU,de0569735fdf8e4e03e7c77f9b8d2626a26a457d,259
MFU-OCNMS-2022-6-d1-1_S22,MFU,631db9ba482d4b16a4fe95c236f3298fc070de71,286
MFU-OCNMS-2022-13-d1-1_S29,MFU,8fb4770df844edaae31820edf063df1b796b5d4c,37
MFU-OCNMS-2022-17-d10-1_S33,MFU,37423ee4d1d7a85ff3aa523695d931c59f5736c2,89
MFU-OCNMS-2022-9-d10-1_S25,MFU,37423ee4d1d7a85ff3aa523695d931c59f5736c2,178
MFU-OCNMS-2022-16-d1-1_S32,MFU,6b031c6660e41eb310cb12aeee649a05fc6bfcdd,186
MFU-OCNMS-2022-9-d10-1_S25,MFU,6b031c6660e41eb310cb12aeee649a05fc6bfcdd,466
MFU-OCNMS-2022-12-d10-1_S28,MFU,44200e6884f072a20c6236132d9b28af8a80161e,296
MFU-OCNMS-2022-1-d100-1_S17,MFU,dccb0f4cff65b7637ae7e54ac70a9fbb1feddf3c,400
MFU-OCNMS-2022-3-d10-1_S19,MFU,f5116b9182caad71f5cbaac6d71670f6fe58206b,123
MFU-OCNMS-2022-8-d10-1_S24,MFU,f5116b9182caad71f5cbaac6d71670f6fe58206b,276
MFU-OCNMS-2022-14-d10-1_S30,MFU,f5116b9182caad71f5cbaac6d71670f6fe58206b,357
MFU-OCNMS-2022-11-d10-1_S27,MFU,64eecf14b5ef3e418a193a21d2c978890aeede33,359
MFU-OCNMS-2022-18-d10-1_S34,MFU,a68bd4bf8db9a2442875096afccc7ac9505da01a,188
MFU-OCNMS-2022-9-d10-1_S25,MFU,a68bd4bf8db9a2442875096afccc7ac9505da01a,264
MFU-OCNMS-2022-9-d10-1_S25,MFU,4af2a0fa4371055eef039fb7b4a04fcabf51653e,266
MFU-OCNMS-2022-11-d10-1_S27,MFU,12823741c559cd2f98e1908644d4a3068fa00fb3,199
MFU-OCNMS-2022-6-d1-1_S22,MFU,12823741c559cd2f98e1908644d4a3068fa00fb3,193
MFU-OCNMS-2022-6-d1-1_S22,MFU,87c8026b132f5e6899054a10d798518e11cc43ae,377
MFU-CPS-mock2-even-d1-1_S1,MFU,98f92aa12195301ebbd47287eb23c45cffe10ffa,2980
MFU-OCNMS-2022-23-d10-1_S39,MFU,98f92aa12195301ebbd47287eb23c45cffe10ffa,25246
MFU-CPS-mock3-even-d1-1_S4,MFU,98f92aa12195301ebbd47287eb23c45cffe10ffa,2030
MFU-OCNMS-2022-13-d1-1_S29,MFU,98f92aa12195301ebbd47287eb23c45cffe10ffa,153518
MFU-OCNMS-2022-1-d100-1_S17,MFU,98f92aa12195301ebbd47287eb23c45cffe10ffa,64046
MFU-OCNMS-2022-6-d1-1_S22,MFU,98f92aa12195301ebbd47287eb23c45cffe10ffa,62664
MFU-OCNMS-2022-3-d10-1_S19,MFU,98f92aa12195301ebbd47287eb23c45cffe10ffa,59781
MFU-mock1-even-d1-2_S42,MFU,98f92aa12195301ebbd47287eb23c45cffe10ffa,403
MFU-CPS-mock3-even-d1-3_S6,MFU,98f92aa12195301ebbd47287eb23c45cffe10ffa,2446
MFU-OCNMS-2022-5-d10-1_S21,MFU,98f92aa12195301ebbd47287eb23c45cffe10ffa,54654
MFU-OCNMS-2022-9-d10-1_S25,MFU,98f92aa12195301ebbd47287eb23c45cffe10ffa,177827
MFU-OCNMS-2022-14-d10-1_S30,MFU,98f92aa12195301ebbd47287eb23c45cffe10ffa,89937
MFU-OCNMS-2022-EB-d1-1_S40,MFU,98f92aa12195301ebbd47287eb23c45cffe10ffa,41989
MFU-OCNMS-2022-10-d10-1_S26,MFU,98f92aa12195301ebbd47287eb23c45cffe10ffa,55588
MFU-OCNMS-2022-16-d1-1_S32,MFU,98f92aa12195301ebbd47287eb23c45cffe10ffa,54050
MFU-KAT-B25-d1-1_S88,MFU,98f92aa12195301ebbd47287eb23c45cffe10ffa,155
MFU-CPS-mock2-even-d1-3_S3,MFU,98f92aa12195301ebbd47287eb23c45cffe10ffa,2131
MFU-mock1-even-d1-1_S41,MFU,98f92aa12195301ebbd47287eb23c45cffe10ffa,412
MFU-CPS-mock2-skew-d1-2_S10,MFU,98f92aa12195301ebbd47287eb23c45cffe10ffa,1640
MFU-OCNMS-2022-19-d10-1_S35,MFU,98f92aa12195301ebbd47287eb23c45cffe10ffa,52258
MFU-CPS-mock4-skew-d1-2_S131,MFU,98f92aa12195301ebbd47287eb23c45cffe10ffa,1238
MFU-CPS-mock4-even-d1-3_S129,MFU,98f92aa12195301ebbd47287eb23c45cffe10ffa,2262
MFU-mock1-skew-d1-3_S46,MFU,98f92aa12195301ebbd47287eb23c45cffe10ffa,124
MFU-OCNMS-2022-7-d10-1_S23,MFU,98f92aa12195301ebbd47287eb23c45cffe10ffa,56902
MFU-mock1-skew-d1-1_S44,MFU,98f92aa12195301ebbd47287eb23c45cffe10ffa,77
MFU-CPS-mock3-even-d1-2_S5,MFU,98f92aa12195301ebbd47287eb23c45cffe10ffa,2890
MFU-OCNMS-2022-4-d1-1_S20,MFU,98f92aa12195301ebbd47287eb23c45cffe10ffa,41153
MFU-CPS-mock3-skew-d1-2_S13,MFU,98f92aa12195301ebbd47287eb23c45cffe10ffa,857
MFU-CPS-mock2-even-d1-2_S2,MFU,98f92aa12195301ebbd47287eb23c45cffe10ffa,3255
MFU-CPS-mock4-skew-d1-3_S132,MFU,98f92aa12195301ebbd47287eb23c45cffe10ffa,398
MFU-OCNMS-2022-21-d10-1_S37,MFU,98f92aa12195301ebbd47287eb23c45cffe10ffa,51137
MFU-CPS-mock2-skew-d1-1_S9,MFU,98f92aa12195301ebbd47287eb23c45cffe10ffa,1293
MFU-OCNMS-2022-2-d10-1_S18,MFU,98f92aa12195301ebbd47287eb23c45cffe10ffa,59728
MFU-CPS-mock3-skew-d1-3_S14,MFU,98f92aa12195301ebbd47287eb23c45cffe10ffa,754
MFU-CPS-mock4-even-d1-1_S127,MFU,98f92aa12195301ebbd47287eb23c45cffe10ffa,1152
MFU-OCNMS-2022-15-d10-1_S31,MFU,98f92aa12195301ebbd47287eb23c45cffe10ffa,77603
MFU-OCNMS-2022-8-d10-1_S24,MFU,98f92aa12195301ebbd47287eb23c45cffe10ffa,66441
MFU-mock1-even-d1-3_S43,MFU,98f92aa12195301ebbd47287eb23c45cffe10ffa,303
MFU-CPS-mock2-skew-d1-3_S11,MFU,98f92aa12195301ebbd47287eb23c45cffe10ffa,1576
MFU-OCNMS-2022-22-d10-1_S38,MFU,98f92aa12195301ebbd47287eb23c45cffe10ffa,54808
MFU-CPS-mock4-even-d1-2_S128,MFU,98f92aa12195301ebbd47287eb23c45cffe10ffa,1396
MFU-OCNMS-2022-20-d10-1_S36,MFU,98f92aa12195301ebbd47287eb23c45cffe10ffa,48879
MFU-OCNMS-2022-17-d10-1_S33,MFU,98f92aa12195301ebbd47287eb23c45cffe10ffa,68226
MFU-OCNMS-2022-12-d10-1_S28,MFU,98f92aa12195301ebbd47287eb23c45cffe10ffa,68318
MFU-CPS-mock4-skew-d1-1_S130,MFU,98f92aa12195301ebbd47287eb23c45cffe10ffa,1142
MFU-mock1-skew-d1-2_S45,MFU,98f92aa12195301ebbd47287eb23c45cffe10ffa,79
MFU-OCNMS-2022-18-d10-1_S34,MFU,98f92aa12195301ebbd47287eb23c45cffe10ffa,68239
MFU-OCNMS-2022-11-d10-1_S27,MFU,98f92aa12195301ebbd47287eb23c45cffe10ffa,118765
MFU-CPS-mock3-skew-d1-1_S12,MFU,98f92aa12195301ebbd47287eb23c45cffe10ffa,681
MFU-OCNMS-2022-6-d1-1_S22,MFU,2b3ce5d779378eb3d5075aa0adf5aed58e082a75,279
MFU-OCNMS-2022-16-d1-1_S32,MFU,0c6cfa24aefad2b19ce71551a1db8374d1702b60,113
MFU-OCNMS-2022-11-d10-1_S27,MFU,4fbd2f84fe3d9db56ae10c96e401ee488700f91d,117
MFU-OCNMS-2022-14-d10-1_S30,MFU,cd1cda766458e3d1ba1dff61887d8027f907070f,209
MFU-OCNMS-2022-9-d10-1_S25,MFU,89a32a5d19a8bfbae6cebbd5fce4eb6d0997014c,194
MFU-OCNMS-2022-6-d1-1_S22,MFU,d24b6a4d670b6f5d39fbb662ad72253433ace33b,169
MFU-OCNMS-2022-14-d10-1_S30,MFU,a66623b3345bdd024dc28e9eb2335d75eb9d3b56,171
MFU-OCNMS-2022-11-d10-1_S27,MFU,a66623b3345bdd024dc28e9eb2335d75eb9d3b56,162
MFU-OCNMS-2022-6-d1-1_S22,MFU,a66623b3345bdd024dc28e9eb2335d75eb9d3b56,399
MFU-OCNMS-2022-17-d10-1_S33,MFU,a66623b3345bdd024dc28e9eb2335d75eb9d3b56,189
MFU-OCNMS-2022-1-d100-1_S17,MFU,a66623b3345bdd024dc28e9eb2335d75eb9d3b56,872
MFU-OCNMS-2022-21-d10-1_S37,MFU,16392ddb8af87a165015458fae783be0e8da6df9,197
MFU-OCNMS-2022-6-d1-1_S22,MFU,339921b5a702a87bfbdba393f2793f0739a18f51,234
MFU-OCNMS-2022-1-d100-1_S17,MFU,a0c97d9714dae11761abbba6ef50b77827229a1d,968
MFU-OCNMS-2022-17-d10-1_S33,MFU,a0c97d9714dae11761abbba6ef50b77827229a1d,135
MFU-OCNMS-2022-9-d10-1_S25,MFU,2a13f2ff4053de99a3c4f70644daa7a1f5000aaa,315
MFU-OCNMS-2022-11-d10-1_S27,MFU,2a13f2ff4053de99a3c4f70644daa7a1f5000aaa,220
MFU-OCNMS-2022-14-d10-1_S30,MFU,2a13f2ff4053de99a3c4f70644daa7a1f5000aaa,226
MFU-OCNMS-2022-14-d10-1_S30,MFU,8a51ac67b70f5e3c3498db327188d56caf2da8ca,198
MFU-OCNMS-2022-13-d1-1_S29,MFU,8a51ac67b70f5e3c3498db327188d56caf2da8ca,210
MFU-OCNMS-2022-4-d1-1_S20,MFU,8a51ac67b70f5e3c3498db327188d56caf2da8ca,116
MFU-OCNMS-2022-3-d10-1_S19,MFU,48737fb09f7ac773294fe5ad5ffcea018aeaa99c,135
MFU-OCNMS-2022-14-d10-1_S30,MFU,50d5a3f2b4d167cfbca17d817316739f8f89fe8d,64
MFU-OCNMS-2022-22-d10-1_S38,MFU,50d5a3f2b4d167cfbca17d817316739f8f89fe8d,257
MFU-OCNMS-2022-18-d10-1_S34,MFU,5c9c87c0345e0fd2573134dfa33f7e8e7bf58545,141
MFU-OCNMS-2022-19-d10-1_S35,MFU,dac700e91432b2e46980eeb5a4146ef2d210f7b2,33
MFU-OCNMS-2022-9-d10-1_S25,MFU,2fcbb7423f7b9c403d7c37b238094ebe6f11e347,339
MFU-OCNMS-2022-11-d10-1_S27,MFU,c50dd56655e780e280e5c5e0cc3792c830dbd0ce,29
MFU-OCNMS-2022-2-d10-1_S18,MFU,c69374ecb29efd4ad9d713c4feff7c25d4a8b7a8,33
MFU-CPS-mock4-even-d1-2_S128,MFU,9a69c3a268c7129726a4be25bfaacf024a80a18a,3749
MFU-CPS-mock2-even-d1-3_S3,MFU,9a69c3a268c7129726a4be25bfaacf024a80a18a,3515
MFU-CPS-mock4-skew-d1-3_S132,MFU,9a69c3a268c7129726a4be25bfaacf024a80a18a,1333
MFU-CPS-mock2-skew-d1-1_S9,MFU,9a69c3a268c7129726a4be25bfaacf024a80a18a,8158
MFU-CPS-mock4-even-d1-1_S127,MFU,9a69c3a268c7129726a4be25bfaacf024a80a18a,3043
MFU-CPS-mock2-even-d1-1_S1,MFU,9a69c3a268c7129726a4be25bfaacf024a80a18a,5861
MFU-CPS-mock4-skew-d1-1_S130,MFU,9a69c3a268c7129726a4be25bfaacf024a80a18a,6069
MFU-CPS-mock2-skew-d1-2_S10,MFU,9a69c3a268c7129726a4be25bfaacf024a80a18a,10178
MFU-CPS-mock4-even-d1-3_S129,MFU,9a69c3a268c7129726a4be25bfaacf024a80a18a,5851
MFU-KAT-B25-d1-1_S88,MFU,9a69c3a268c7129726a4be25bfaacf024a80a18a,105
MFU-CPS-mock2-even-d1-2_S2,MFU,9a69c3a268c7129726a4be25bfaacf024a80a18a,5986
MFU-KAT-B26-d1-1_S89,MFU,9a69c3a268c7129726a4be25bfaacf024a80a18a,164
MFU-CPS-mock2-skew-d1-3_S11,MFU,9a69c3a268c7129726a4be25bfaacf024a80a18a,9160
MFU-CPS-mock4-skew-d1-2_S131,MFU,9a69c3a268c7129726a4be25bfaacf024a80a18a,6250
MFU-KAT-B22-d1-1_S87,MFU,9a69c3a268c7129726a4be25bfaacf024a80a18a,225
MFU-CPS-mock4-even-d1-3_S129,MFU,074651edf93f1cf522f2dcaea5b72533193edb37,2219
MFU-CPS-mock4-skew-d1-3_S132,MFU,074651edf93f1cf522f2dcaea5b72533193edb37,544
MFU-CPS-mock4-skew-d1-1_S130,MFU,074651edf93f1cf522f2dcaea5b72533193edb37,2485
MFU-CPS-mock4-even-d1-2_S128,MFU,074651edf93f1cf522f2dcaea5b72533193edb37,1464
MFU-CPS-mock4-even-d1-1_S127,MFU,074651edf93f1cf522f2dcaea5b72533193edb37,1198
MFU-CPS-mock4-skew-d1-2_S131,MFU,074651edf93f1cf522f2dcaea5b72533193edb37,2353
MFU-CPS-mock4-even-d1-3_S129,MFU,82d2ca5faea5bec0e9ddf893aea2b2399ae27e8f,14318
MFU-mock1-even-d1-2_S42,MFU,82d2ca5faea5bec0e9ddf893aea2b2399ae27e8f,5227
MFU-CPS-mock4-skew-d1-2_S131,MFU,82d2ca5faea5bec0e9ddf893aea2b2399ae27e8f,13921
MFU-mock1-even-d1-3_S43,MFU,82d2ca5faea5bec0e9ddf893aea2b2399ae27e8f,3578
MFU-CPS-mock2-even-d1-2_S2,MFU,82d2ca5faea5bec0e9ddf893aea2b2399ae27e8f,16437
MFU-CPS-mock4-skew-d1-1_S130,MFU,82d2ca5faea5bec0e9ddf893aea2b2399ae27e8f,14298
MFU-CPS-mock2-even-d1-3_S3,MFU,82d2ca5faea5bec0e9ddf893aea2b2399ae27e8f,10232
MFU-CPS-mock4-skew-d1-3_S132,MFU,82d2ca5faea5bec0e9ddf893aea2b2399ae27e8f,3266
MFU-mock1-skew-d1-1_S44,MFU,82d2ca5faea5bec0e9ddf893aea2b2399ae27e8f,4952
MFU-mock1-skew-d1-3_S46,MFU,82d2ca5faea5bec0e9ddf893aea2b2399ae27e8f,8885
MFU-CPS-mock2-even-d1-1_S1,MFU,82d2ca5faea5bec0e9ddf893aea2b2399ae27e8f,16614
MFU-mock1-even-d1-1_S41,MFU,82d2ca5faea5bec0e9ddf893aea2b2399ae27e8f,5722
MFU-CPS-mock2-skew-d1-1_S9,MFU,82d2ca5faea5bec0e9ddf893aea2b2399ae27e8f,22494
MFU-CPS-mock4-even-d1-2_S128,MFU,82d2ca5faea5bec0e9ddf893aea2b2399ae27e8f,9156
MFU-mock1-skew-d1-2_S45,MFU,82d2ca5faea5bec0e9ddf893aea2b2399ae27e8f,5092
MFU-CPS-mock2-skew-d1-2_S10,MFU,82d2ca5faea5bec0e9ddf893aea2b2399ae27e8f,27972
MFU-CPS-mock2-skew-d1-3_S11,MFU,82d2ca5faea5bec0e9ddf893aea2b2399ae27e8f,25396
MFU-CPS-mock4-even-d1-1_S127,MFU,82d2ca5faea5bec0e9ddf893aea2b2399ae27e8f,7220
MFU-CPS-mock2-skew-d1-2_S10,MFU,a136d2024c8024372a251f2a7c6fb673323c089f,165
MFU-OCNMS-2022-19-d10-1_S35,MFU,12fc803ebcfbed0bc32f90fef42ea90548e26a0b,24
MFU-OCNMS-2022-4-d1-1_S20,MFU,d1666fa4a25e91d1035fbb3b0d22da9233324475,41
MFU-OCNMS-2022-8-d10-1_S24,MFU,f504f6b1972125030a600727a35ef99411c310af,62
MFU-CPS-mock4-even-d1-1_S127,MFU,02e4a86c119ca4b65e5b616135fa996aa2eb4372,2514
MFU-CPS-mock4-skew-d1-3_S132,MFU,02e4a86c119ca4b65e5b616135fa996aa2eb4372,2500
MFU-CPS-mock4-even-d1-2_S128,MFU,02e4a86c119ca4b65e5b616135fa996aa2eb4372,3081
MFU-CPS-mock3-even-d1-1_S4,MFU,02e4a86c119ca4b65e5b616135fa996aa2eb4372,3939
MFU-OCNMS-2022-21-d10-1_S37,MFU,02e4a86c119ca4b65e5b616135fa996aa2eb4372,129
MFU-CPS-mock3-even-d1-3_S6,MFU,02e4a86c119ca4b65e5b616135fa996aa2eb4372,4981
MFU-OCNMS-2022-7-d10-1_S23,MFU,02e4a86c119ca4b65e5b616135fa996aa2eb4372,202
MFU-CPS-mock3-skew-d1-1_S12,MFU,02e4a86c119ca4b65e5b616135fa996aa2eb4372,10253
MFU-OCNMS-2022-23-d10-1_S39,MFU,02e4a86c119ca4b65e5b616135fa996aa2eb4372,115
MFU-OCNMS-2022-8-d10-1_S24,MFU,02e4a86c119ca4b65e5b616135fa996aa2eb4372,274
MFU-OCNMS-2022-19-d10-1_S35,MFU,02e4a86c119ca4b65e5b616135fa996aa2eb4372,215
MFU-CPS-mock4-skew-d1-2_S131,MFU,02e4a86c119ca4b65e5b616135fa996aa2eb4372,10496
MFU-CPS-mock3-skew-d1-3_S14,MFU,02e4a86c119ca4b65e5b616135fa996aa2eb4372,11148
MFU-OCNMS-2022-2-d10-1_S18,MFU,02e4a86c119ca4b65e5b616135fa996aa2eb4372,375
MFU-OCNMS-2022-12-d10-1_S28,MFU,02e4a86c119ca4b65e5b616135fa996aa2eb4372,68
MFU-OCNMS-2022-5-d10-1_S21,MFU,02e4a86c119ca4b65e5b616135fa996aa2eb4372,445
MFU-OCNMS-2022-6-d1-1_S22,MFU,02e4a86c119ca4b65e5b616135fa996aa2eb4372,363
MFU-OCNMS-2022-9-d10-1_S25,MFU,02e4a86c119ca4b65e5b616135fa996aa2eb4372,812
MFU-OCNMS-2022-22-d10-1_S38,MFU,02e4a86c119ca4b65e5b616135fa996aa2eb4372,412
MFU-OCNMS-2022-14-d10-1_S30,MFU,02e4a86c119ca4b65e5b616135fa996aa2eb4372,767
MFU-OCNMS-2022-EB-d1-1_S40,MFU,02e4a86c119ca4b65e5b616135fa996aa2eb4372,252
MFU-OCNMS-2022-13-d1-1_S29,MFU,02e4a86c119ca4b65e5b616135fa996aa2eb4372,1220
MFU-OCNMS-2022-1-d100-1_S17,MFU,02e4a86c119ca4b65e5b616135fa996aa2eb4372,900
MFU-OCNMS-2022-17-d10-1_S33,MFU,02e4a86c119ca4b65e5b616135fa996aa2eb4372,427
MFU-OCNMS-2022-11-d10-1_S27,MFU,02e4a86c119ca4b65e5b616135fa996aa2eb4372,1390
MFU-OCNMS-2022-4-d1-1_S20,MFU,02e4a86c119ca4b65e5b616135fa996aa2eb4372,364
MFU-CPS-mock4-skew-d1-1_S130,MFU,02e4a86c119ca4b65e5b616135fa996aa2eb4372,9975
MFU-OCNMS-2022-20-d10-1_S36,MFU,02e4a86c119ca4b65e5b616135fa996aa2eb4372,354
MFU-CPS-mock4-even-d1-3_S129,MFU,02e4a86c119ca4b65e5b616135fa996aa2eb4372,4642
MFU-CPS-mock3-even-d1-2_S5,MFU,02e4a86c119ca4b65e5b616135fa996aa2eb4372,5929
MFU-OCNMS-2022-10-d10-1_S26,MFU,02e4a86c119ca4b65e5b616135fa996aa2eb4372,229
MFU-OCNMS-2022-15-d10-1_S31,MFU,02e4a86c119ca4b65e5b616135fa996aa2eb4372,432
MFU-CPS-mock3-skew-d1-2_S13,MFU,02e4a86c119ca4b65e5b616135fa996aa2eb4372,12870
MFU-OCNMS-2022-3-d10-1_S19,MFU,02e4a86c119ca4b65e5b616135fa996aa2eb4372,211
MFU-OCNMS-2022-16-d1-1_S32,MFU,02e4a86c119ca4b65e5b616135fa996aa2eb4372,283
MFU-OCNMS-2022-18-d10-1_S34,MFU,02e4a86c119ca4b65e5b616135fa996aa2eb4372,425
MFU-OCNMS-2022-20-d10-1_S36,MFU,93ee8e039012a820068542924a92ad1588f4139a,32
MFU-OCNMS-2022-12-d10-1_S28,MFU,d39eb7b593aa1b531e1abb8b25878b24b21a8c72,1351
MFU-OCNMS-2022-17-d10-1_S33,MFU,8a502522be819542b808658456e7d0009f9964a1,42
MFU-OCNMS-2022-9-d10-1_S25,MFU,8c2ec11e38d32d11f9181408d7577bd9cf296e4c,256
MFU-OCNMS-2022-19-d10-1_S35,MFU,e885887f869c3c9b816cd35b6335b151ced244d6,44
MFU-CPS-mock3-skew-d1-3_S14,MFU,f3b1b944f738536215cd355d76bc8c2bffd66624,2301
MFU-CPS-mock4-skew-d1-3_S132,MFU,f3b1b944f738536215cd355d76bc8c2bffd66624,871
MFU-CPS-mock3-even-d1-2_S5,MFU,f3b1b944f738536215cd355d76bc8c2bffd66624,5188
MFU-CPS-mock3-even-d1-3_S6,MFU,f3b1b944f738536215cd355d76bc8c2bffd66624,4225
MFU-CPS-mock4-even-d1-2_S128,MFU,f3b1b944f738536215cd355d76bc8c2bffd66624,2151
MFU-CPS-mock3-skew-d1-2_S13,MFU,f3b1b944f738536215cd355d76bc8c2bffd66624,2730
MFU-CPS-mock3-even-d1-1_S4,MFU,f3b1b944f738536215cd355d76bc8c2bffd66624,3339
MFU-CPS-mock4-even-d1-3_S129,MFU,f3b1b944f738536215cd355d76bc8c2bffd66624,3521
MFU-CPS-mock4-skew-d1-2_S131,MFU,f3b1b944f738536215cd355d76bc8c2bffd66624,4120
MFU-CPS-mock3-skew-d1-1_S12,MFU,f3b1b944f738536215cd355d76bc8c2bffd66624,2111
MFU-CPS-mock4-even-d1-1_S127,MFU,f3b1b944f738536215cd355d76bc8c2bffd66624,1795
MFU-CPS-mock4-skew-d1-1_S130,MFU,f3b1b944f738536215cd355d76bc8c2bffd66624,3992
MFU-CPS-mock3-skew-d1-2_S13,MFU,885a8f14568847b76f62b3ae3db8afbb23d933a8,2470
MFU-CPS-mock3-even-d1-3_S6,MFU,885a8f14568847b76f62b3ae3db8afbb23d933a8,2391
MFU-CPS-mock3-even-d1-2_S5,MFU,885a8f14568847b76f62b3ae3db8afbb23d933a8,2728
MFU-CPS-mock3-skew-d1-3_S14,MFU,885a8f14568847b76f62b3ae3db8afbb23d933a8,2122
MFU-CPS-mock3-skew-d1-1_S12,MFU,885a8f14568847b76f62b3ae3db8afbb23d933a8,2056
MFU-CPS-mock3-even-d1-1_S4,MFU,885a8f14568847b76f62b3ae3db8afbb23d933a8,1992
MFU-mock1-skew-d1-2_S45,MFU,d3a973efbba962488ffbf56a5faaec76ad1925a8,915
MFU-CPS-mock4-skew-d1-1_S130,MFU,d3a973efbba962488ffbf56a5faaec76ad1925a8,23
MFU-CPS-mock3-even-d1-2_S5,MFU,d3a973efbba962488ffbf56a5faaec76ad1925a8,151
MFU-CPS-mock4-even-d1-1_S127,MFU,d3a973efbba962488ffbf56a5faaec76ad1925a8,52
MFU-mock1-skew-d1-1_S44,MFU,d3a973efbba962488ffbf56a5faaec76ad1925a8,808
MFU-CPS-mock4-even-d1-3_S129,MFU,d3a973efbba962488ffbf56a5faaec76ad1925a8,92
MFU-CPS-mock2-even-d1-1_S1,MFU,d3a973efbba962488ffbf56a5faaec76ad1925a8,113
MFU-mock1-even-d1-1_S41,MFU,d3a973efbba962488ffbf56a5faaec76ad1925a8,1822
MFU-CPS-mock3-even-d1-3_S6,MFU,d3a973efbba962488ffbf56a5faaec76ad1925a8,71
MFU-CPS-mock2-skew-d1-2_S10,MFU,d3a973efbba962488ffbf56a5faaec76ad1925a8,24
MFU-CPS-mock2-skew-d1-1_S9,MFU,d3a973efbba962488ffbf56a5faaec76ad1925a8,35
MFU-CPS-mock2-even-d1-2_S2,MFU,d3a973efbba962488ffbf56a5faaec76ad1925a8,108
MFU-CPS-mock3-skew-d1-2_S13,MFU,d3a973efbba962488ffbf56a5faaec76ad1925a8,20
MFU-CPS-mock2-skew-d1-3_S11,MFU,d3a973efbba962488ffbf56a5faaec76ad1925a8,32
MFU-mock1-skew-d1-3_S46,MFU,d3a973efbba962488ffbf56a5faaec76ad1925a8,1503
MFU-mock1-even-d1-2_S42,MFU,d3a973efbba962488ffbf56a5faaec76ad1925a8,1435
MFU-CPS-mock2-even-d1-3_S3,MFU,d3a973efbba962488ffbf56a5faaec76ad1925a8,71
MFU-CPS-mock4-even-d1-2_S128,MFU,d3a973efbba962488ffbf56a5faaec76ad1925a8,65
MFU-mock1-even-d1-3_S43,MFU,d3a973efbba962488ffbf56a5faaec76ad1925a8,905
MFU-CPS-mock3-even-d1-1_S4,MFU,d3a973efbba962488ffbf56a5faaec76ad1925a8,75
MFU-OCNMS-2022-6-d1-1_S22,MFU,50c3ce5ccad474da11f201bef238fd55d59c272a,295
MFU-CPS-mock3-even-d1-2_S5,MFU,18af87eec8f0efb7db0d01b53af4118aa8213adf,3
MFU-KAT-B25-d1-1_S88,MFU,6883b08b43625f319ca261e061eb0539974e7f2d,205
MFU-OCNMS-2022-21-d10-1_S37,MFU,6883b08b43625f319ca261e061eb0539974e7f2d,34
MFU-OCNMS-2022-17-d10-1_S33,MFU,6883b08b43625f319ca261e061eb0539974e7f2d,510
MFU-KAT-B26-d1-1_S89,MFU,6883b08b43625f319ca261e061eb0539974e7f2d,108
MFU-CPS-mock4-even-d1-3_S129,MFU,2d069d6128ed64aa351b164d45bf7f6f5387f663,1291
MFU-mock1-skew-d1-1_S44,MFU,2d069d6128ed64aa351b164d45bf7f6f5387f663,4509
MFU-mock1-even-d1-2_S42,MFU,2d069d6128ed64aa351b164d45bf7f6f5387f663,9401
MFU-CPS-mock3-skew-d1-1_S12,MFU,2d069d6128ed64aa351b164d45bf7f6f5387f663,109
MFU-CPS-mock4-skew-d1-1_S130,MFU,2d069d6128ed64aa351b164d45bf7f6f5387f663,98
MFU-CPS-mock3-skew-d1-3_S14,MFU,2d069d6128ed64aa351b164d45bf7f6f5387f663,136
MFU-CPS-mock2-even-d1-1_S1,MFU,2d069d6128ed64aa351b164d45bf7f6f5387f663,1417
MFU-CPS-mock2-skew-d1-1_S9,MFU,2d069d6128ed64aa351b164d45bf7f6f5387f663,272
MFU-mock1-skew-d1-3_S46,MFU,2d069d6128ed64aa351b164d45bf7f6f5387f663,9139
MFU-CPS-mock3-skew-d1-2_S13,MFU,2d069d6128ed64aa351b164d45bf7f6f5387f663,102
MFU-CPS-mock4-skew-d1-3_S132,MFU,2d069d6128ed64aa351b164d45bf7f6f5387f663,20
MFU-CPS-mock3-even-d1-2_S5,MFU,2d069d6128ed64aa351b164d45bf7f6f5387f663,1900
MFU-CPS-mock2-even-d1-3_S3,MFU,2d069d6128ed64aa351b164d45bf7f6f5387f663,1193
MFU-CPS-mock4-even-d1-1_S127,MFU,2d069d6128ed64aa351b164d45bf7f6f5387f663,660
MFU-CPS-mock2-skew-d1-3_S11,MFU,2d069d6128ed64aa351b164d45bf7f6f5387f663,313
MFU-CPS-mock4-skew-d1-2_S131,MFU,2d069d6128ed64aa351b164d45bf7f6f5387f663,91
MFU-CPS-mock4-even-d1-2_S128,MFU,2d069d6128ed64aa351b164d45bf7f6f5387f663,764
MFU-CPS-mock3-even-d1-1_S4,MFU,2d069d6128ed64aa351b164d45bf7f6f5387f663,1413
MFU-mock1-even-d1-1_S41,MFU,2d069d6128ed64aa351b164d45bf7f6f5387f663,10604
MFU-CPS-mock2-skew-d1-2_S10,MFU,2d069d6128ed64aa351b164d45bf7f6f5387f663,257
MFU-CPS-mock2-even-d1-2_S2,MFU,2d069d6128ed64aa351b164d45bf7f6f5387f663,1496
MFU-CPS-mock3-even-d1-3_S6,MFU,2d069d6128ed64aa351b164d45bf7f6f5387f663,1549
MFU-mock1-skew-d1-2_S45,MFU,2d069d6128ed64aa351b164d45bf7f6f5387f663,5533
MFU-mock1-even-d1-3_S43,MFU,2d069d6128ed64aa351b164d45bf7f6f5387f663,6327
MFU-OCNMS-2022-3-d10-1_S19,MFU,5ca2da0837354499c617166f377caf3588cb739d,98
MFU-CPS-mock3-even-d1-3_S6,MFU,3a6a9122e22ef8cce1f5cb1d9da6fda8b3a157ef,8
MFU-CPS-mock2-skew-d1-2_S10,MFU,3a6a9122e22ef8cce1f5cb1d9da6fda8b3a157ef,15635
MFU-CPS-mock4-skew-d1-3_S132,MFU,3a6a9122e22ef8cce1f5cb1d9da6fda8b3a157ef,7
MFU-CPS-mock4-even-d1-2_S128,MFU,3a6a9122e22ef8cce1f5cb1d9da6fda8b3a157ef,5
MFU-CPS-mock2-skew-d1-1_S9,MFU,3a6a9122e22ef8cce1f5cb1d9da6fda8b3a157ef,13431
MFU-CPS-mock2-skew-d1-3_S11,MFU,3a6a9122e22ef8cce1f5cb1d9da6fda8b3a157ef,13955
MFU-CPS-mock3-even-d1-2_S5,MFU,3a6a9122e22ef8cce1f5cb1d9da6fda8b3a157ef,8
MFU-CPS-mock3-skew-d1-1_S12,MFU,3a6a9122e22ef8cce1f5cb1d9da6fda8b3a157ef,10
MFU-CPS-mock3-skew-d1-3_S14,MFU,3a6a9122e22ef8cce1f5cb1d9da6fda8b3a157ef,30
MFU-CPS-mock2-even-d1-1_S1,MFU,3a6a9122e22ef8cce1f5cb1d9da6fda8b3a157ef,13908
MFU-CPS-mock2-even-d1-3_S3,MFU,3a6a9122e22ef8cce1f5cb1d9da6fda8b3a157ef,8926
MFU-CPS-mock3-even-d1-1_S4,MFU,3a6a9122e22ef8cce1f5cb1d9da6fda8b3a157ef,8
MFU-CPS-mock3-skew-d1-2_S13,MFU,3a6a9122e22ef8cce1f5cb1d9da6fda8b3a157ef,21
MFU-CPS-mock2-even-d1-2_S2,MFU,3a6a9122e22ef8cce1f5cb1d9da6fda8b3a157ef,13974
MFU-CPS-mock4-skew-d1-2_S131,MFU,3a6a9122e22ef8cce1f5cb1d9da6fda8b3a157ef,17
MFU-CPS-mock4-skew-d1-1_S130,MFU,3a6a9122e22ef8cce1f5cb1d9da6fda8b3a157ef,4
MFU-CPS-mock4-even-d1-3_S129,MFU,3a6a9122e22ef8cce1f5cb1d9da6fda8b3a157ef,7
MFU-OCNMS-2022-17-d10-1_S33,MFU,3a6a9122e22ef8cce1f5cb1d9da6fda8b3a157ef,740
MFU-KAT-B26-d1-1_S89,MFU,f3a80a1e9eaff2230ee09ea1b07fa5a0f39277e1,224
MFU-CPS-mock3-even-d1-1_S4,MFU,f3a80a1e9eaff2230ee09ea1b07fa5a0f39277e1,5748
MFU-OCNMS-2022-21-d10-1_S37,MFU,f3a80a1e9eaff2230ee09ea1b07fa5a0f39277e1,70
MFU-CPS-mock3-even-d1-2_S5,MFU,f3a80a1e9eaff2230ee09ea1b07fa5a0f39277e1,8473
MFU-CPS-mock3-skew-d1-2_S13,MFU,f3a80a1e9eaff2230ee09ea1b07fa5a0f39277e1,12281
MFU-CPS-mock3-skew-d1-1_S12,MFU,f3a80a1e9eaff2230ee09ea1b07fa5a0f39277e1,9910
MFU-CPS-mock3-skew-d1-3_S14,MFU,f3a80a1e9eaff2230ee09ea1b07fa5a0f39277e1,11395
MFU-CPS-mock3-even-d1-3_S6,MFU,f3a80a1e9eaff2230ee09ea1b07fa5a0f39277e1,7292
MFU-OCNMS-2022-3-d10-1_S19,MFU,4430d4967bf6ca1280f7db4e301a754dac5a06f8,58
MFU-OCNMS-2022-17-d10-1_S33,MFU,15973c8facfa22a34bb93bda04f9a6439ae60f76,177
MFU-OCNMS-2022-14-d10-1_S30,MFU,204b391bd9f03324fcb2244146c1e555ae0e3493,283
MFU-OCNMS-2022-10-d10-1_S26,MFU,204b391bd9f03324fcb2244146c1e555ae0e3493,193
MFU-OCNMS-2022-8-d10-1_S24,MFU,204b391bd9f03324fcb2244146c1e555ae0e3493,111
MFU-OCNMS-2022-16-d1-1_S32,MFU,204b391bd9f03324fcb2244146c1e555ae0e3493,55
MFU-OCNMS-2022-11-d10-1_S27,MFU,204b391bd9f03324fcb2244146c1e555ae0e3493,146
MFU-OCNMS-2022-15-d10-1_S31,MFU,204b391bd9f03324fcb2244146c1e555ae0e3493,278
MFU-OCNMS-2022-21-d10-1_S37,MFU,204b391bd9f03324fcb2244146c1e555ae0e3493,128
MFU-OCNMS-2022-18-d10-1_S34,MFU,204b391bd9f03324fcb2244146c1e555ae0e3493,100
MFU-OCNMS-2022-2-d10-1_S18,MFU,204b391bd9f03324fcb2244146c1e555ae0e3493,33
MFU-OCNMS-2022-9-d10-1_S25,MFU,204b391bd9f03324fcb2244146c1e555ae0e3493,373
MFU-OCNMS-2022-7-d10-1_S23,MFU,9a77c65a2d0c460955c33fc58e7162aa05812534,35
MFU-CPS-mock4-skew-d1-3_S132,MFU,b05eac0ae6bebbb0f133eb32789a54e3cb90ddbe,2058
MFU-CPS-mock4-skew-d1-2_S131,MFU,b05eac0ae6bebbb0f133eb32789a54e3cb90ddbe,8359
MFU-CPS-mock4-even-d1-3_S129,MFU,b05eac0ae6bebbb0f133eb32789a54e3cb90ddbe,12726
MFU-CPS-mock4-even-d1-2_S128,MFU,b05eac0ae6bebbb0f133eb32789a54e3cb90ddbe,7029
MFU-CPS-mock4-skew-d1-1_S130,MFU,b05eac0ae6bebbb0f133eb32789a54e3cb90ddbe,9079
MFU-OCNMS-2022-5-d10-1_S21,MFU,b05eac0ae6bebbb0f133eb32789a54e3cb90ddbe,15
MFU-OCNMS-2022-4-d1-1_S20,MFU,b05eac0ae6bebbb0f133eb32789a54e3cb90ddbe,101
MFU-CPS-mock4-even-d1-1_S127,MFU,b05eac0ae6bebbb0f133eb32789a54e3cb90ddbe,6461
MFU-CPS-mock3-skew-d1-3_S14,MFU,d348c23013e4fa8ffe0fe3396d9f3451fe88db6b,3759
MFU-CPS-mock3-even-d1-3_S6,MFU,d348c23013e4fa8ffe0fe3396d9f3451fe88db6b,8518
MFU-CPS-mock4-even-d1-1_S127,MFU,d348c23013e4fa8ffe0fe3396d9f3451fe88db6b,2953
MFU-CPS-mock3-even-d1-2_S5,MFU,d348c23013e4fa8ffe0fe3396d9f3451fe88db6b,11089
MFU-CPS-mock4-skew-d1-2_S131,MFU,d348c23013e4fa8ffe0fe3396d9f3451fe88db6b,1935
MFU-CPS-mock2-skew-d1-2_S10,MFU,d348c23013e4fa8ffe0fe3396d9f3451fe88db6b,3192
MFU-CPS-mock2-even-d1-2_S2,MFU,d348c23013e4fa8ffe0fe3396d9f3451fe88db6b,8211
MFU-CPS-mock2-skew-d1-1_S9,MFU,d348c23013e4fa8ffe0fe3396d9f3451fe88db6b,2715
MFU-CPS-mock4-even-d1-2_S128,MFU,d348c23013e4fa8ffe0fe3396d9f3451fe88db6b,3124
MFU-CPS-mock4-skew-d1-1_S130,MFU,d348c23013e4fa8ffe0fe3396d9f3451fe88db6b,2215
MFU-CPS-mock2-even-d1-1_S1,MFU,d348c23013e4fa8ffe0fe3396d9f3451fe88db6b,7709
MFU-CPS-mock4-skew-d1-3_S132,MFU,d348c23013e4fa8ffe0fe3396d9f3451fe88db6b,501
MFU-CPS-mock2-skew-d1-3_S11,MFU,d348c23013e4fa8ffe0fe3396d9f3451fe88db6b,2845
MFU-CPS-mock3-even-d1-1_S4,MFU,d348c23013e4fa8ffe0fe3396d9f3451fe88db6b,6904
MFU-CPS-mock2-even-d1-3_S3,MFU,d348c23013e4fa8ffe0fe3396d9f3451fe88db6b,5370
MFU-CPS-mock3-skew-d1-1_S12,MFU,d348c23013e4fa8ffe0fe3396d9f3451fe88db6b,3151
MFU-KAT-B25-d1-1_S88,MFU,d348c23013e4fa8ffe0fe3396d9f3451fe88db6b,85
MFU-CPS-mock3-skew-d1-2_S13,MFU,d348c23013e4fa8ffe0fe3396d9f3451fe88db6b,4083
MFU-CPS-mock4-even-d1-3_S129,MFU,d348c23013e4fa8ffe0fe3396d9f3451fe88db6b,5833
MFU-mock1-even-d1-1_S41,MFU,72d93a313d0244edae1cc9229ebd2525ddaec2ed,10631
MFU-mock1-skew-d1-2_S45,MFU,72d93a313d0244edae1cc9229ebd2525ddaec2ed,9780
MFU-mock1-even-d1-3_S43,MFU,72d93a313d0244edae1cc9229ebd2525ddaec2ed,6032
MFU-mock1-skew-d1-3_S46,MFU,72d93a313d0244edae1cc9229ebd2525ddaec2ed,16319
MFU-mock1-skew-d1-1_S44,MFU,72d93a313d0244edae1cc9229ebd2525ddaec2ed,8538
MFU-mock1-even-d1-2_S42,MFU,72d93a313d0244edae1cc9229ebd2525ddaec2ed,8951
MFU-CPS-mock2-even-d1-2_S2,MFU,bc310ad8b886cebccd87f4a9c5000c337ca270e8,2
MFU-CPS-mock2-even-d1-1_S1,MFU,bc310ad8b886cebccd87f4a9c5000c337ca270e8,3
MFU-OCNMS-2022-20-d10-1_S36,MFU,bfb1aee35adfea4802d9d59bc8a5e47b77f92722,77
MFU-OCNMS-2022-15-d10-1_S31,MFU,bfb1aee35adfea4802d9d59bc8a5e47b77f92722,32
MFU-CPS-mock4-even-d1-3_S129,MFU,2388a63c66eb39c03c474a4d0c9d7b0d99782629,12503
MFU-CPS-mock3-skew-d1-1_S12,MFU,2388a63c66eb39c03c474a4d0c9d7b0d99782629,1013
MFU-CPS-mock4-skew-d1-1_S130,MFU,2388a63c66eb39c03c474a4d0c9d7b0d99782629,2352
MFU-CPS-mock2-skew-d1-2_S10,MFU,2388a63c66eb39c03c474a4d0c9d7b0d99782629,1912
MFU-CPS-mock4-skew-d1-2_S131,MFU,2388a63c66eb39c03c474a4d0c9d7b0d99782629,1693
MFU-CPS-mock3-skew-d1-3_S14,MFU,2388a63c66eb39c03c474a4d0c9d7b0d99782629,1089
MFU-CPS-mock3-even-d1-3_S6,MFU,2388a63c66eb39c03c474a4d0c9d7b0d99782629,9658
MFU-CPS-mock3-skew-d1-2_S13,MFU,2388a63c66eb39c03c474a4d0c9d7b0d99782629,1150
MFU-CPS-mock2-even-d1-3_S3,MFU,2388a63c66eb39c03c474a4d0c9d7b0d99782629,6872
MFU-CPS-mock2-skew-d1-3_S11,MFU,2388a63c66eb39c03c474a4d0c9d7b0d99782629,1834
MFU-CPS-mock3-even-d1-2_S5,MFU,2388a63c66eb39c03c474a4d0c9d7b0d99782629,11309
MFU-CPS-mock4-skew-d1-3_S132,MFU,2388a63c66eb39c03c474a4d0c9d7b0d99782629,503
MFU-CPS-mock2-even-d1-1_S1,MFU,2388a63c66eb39c03c474a4d0c9d7b0d99782629,9961
MFU-CPS-mock4-even-d1-2_S128,MFU,2388a63c66eb39c03c474a4d0c9d7b0d99782629,6855
MFU-CPS-mock2-skew-d1-1_S9,MFU,2388a63c66eb39c03c474a4d0c9d7b0d99782629,1717
MFU-CPS-mock4-even-d1-1_S127,MFU,2388a63c66eb39c03c474a4d0c9d7b0d99782629,6507
MFU-CPS-mock2-even-d1-2_S2,MFU,2388a63c66eb39c03c474a4d0c9d7b0d99782629,10569
MFU-CPS-mock3-even-d1-1_S4,MFU,2388a63c66eb39c03c474a4d0c9d7b0d99782629,7908
MFU-OCNMS-2022-19-d10-1_S35,MFU,6318069bc340cb468d70f4a0b05510de5f2be23a,267
MFU-mock1-skew-d1-3_S46,MFU,4590e896f059be5983879bb6e84286e33fa15e40,3
MFU-mock1-even-d1-2_S42,MFU,4590e896f059be5983879bb6e84286e33fa15e40,9
MFU-mock1-even-d1-3_S43,MFU,4590e896f059be5983879bb6e84286e33fa15e40,6
MFU-mock1-even-d1-1_S41,MFU,4590e896f059be5983879bb6e84286e33fa15e40,14
MFU-CPS-mock4-skew-d1-2_S131,MFU,3e8b5b5bbfad3868751efd812ca5e6c0ccb13fac,2
MFU-OCNMS-2022-2-d10-1_S18,MFU,da50de6ceaee345143049d7f5f01e100404b243e,644
MFU-OCNMS-2022-4-d1-1_S20,MFU,da50de6ceaee345143049d7f5f01e100404b243e,165
MFU-OCNMS-2022-10-d10-1_S26,MFU,da50de6ceaee345143049d7f5f01e100404b243e,198
MFU-OCNMS-2022-9-d10-1_S25,MFU,da50de6ceaee345143049d7f5f01e100404b243e,1754
MFU-OCNMS-2022-5-d10-1_S21,MFU,da50de6ceaee345143049d7f5f01e100404b243e,146
MFU-OCNMS-2022-9-d10-1_S25,MFU,98a70307f0d7a96eb106c0ed9a2e0273a664d2e9,805
MFU-OCNMS-2022-5-d10-1_S21,MFU,4bf6fe4a2bcf842fc3ea3888068122085fbbae07,72
MFU-OCNMS-2022-10-d10-1_S26,MFU,4bf6fe4a2bcf842fc3ea3888068122085fbbae07,90
MFU-OCNMS-2022-10-d10-1_S26,MFU,d9e99aae5d59e4b3e2f3153e9f85b742a8de2f2e,530
MFU-CPS-mock4-even-d1-2_S128,MFU,478dd98db3a0a5b681d314fcd6aa476db6e43489,117
MFU-CPS-mock4-even-d1-3_S129,MFU,478dd98db3a0a5b681d314fcd6aa476db6e43489,169
MFU-mock1-skew-d1-3_S46,MFU,478dd98db3a0a5b681d314fcd6aa476db6e43489,9917
MFU-CPS-mock4-even-d1-1_S127,MFU,478dd98db3a0a5b681d314fcd6aa476db6e43489,85
MFU-CPS-mock4-skew-d1-3_S132,MFU,478dd98db3a0a5b681d314fcd6aa476db6e43489,37
MFU-CPS-mock2-skew-d1-1_S9,MFU,478dd98db3a0a5b681d314fcd6aa476db6e43489,222
MFU-CPS-mock2-even-d1-2_S2,MFU,478dd98db3a0a5b681d314fcd6aa476db6e43489,3405
MFU-mock1-skew-d1-1_S44,MFU,478dd98db3a0a5b681d314fcd6aa476db6e43489,5167
MFU-mock1-even-d1-2_S42,MFU,478dd98db3a0a5b681d314fcd6aa476db6e43489,10511
MFU-mock1-even-d1-3_S43,MFU,478dd98db3a0a5b681d314fcd6aa476db6e43489,7071
MFU-CPS-mock2-even-d1-3_S3,MFU,478dd98db3a0a5b681d314fcd6aa476db6e43489,2376
MFU-mock1-even-d1-1_S41,MFU,478dd98db3a0a5b681d314fcd6aa476db6e43489,10524
MFU-CPS-mock4-skew-d1-2_S131,MFU,478dd98db3a0a5b681d314fcd6aa476db6e43489,185
MFU-mock1-skew-d1-2_S45,MFU,478dd98db3a0a5b681d314fcd6aa476db6e43489,6018
MFU-CPS-mock2-even-d1-1_S1,MFU,478dd98db3a0a5b681d314fcd6aa476db6e43489,3408
MFU-CPS-mock4-skew-d1-1_S130,MFU,478dd98db3a0a5b681d314fcd6aa476db6e43489,177
MFU-CPS-mock2-skew-d1-3_S11,MFU,478dd98db3a0a5b681d314fcd6aa476db6e43489,217
MFU-CPS-mock2-skew-d1-2_S10,MFU,478dd98db3a0a5b681d314fcd6aa476db6e43489,260
MFU-OCNMS-2022-8-d10-1_S24,MFU,24aa872290ba5387d642c3003435b9bedeae8739,129
MFU-OCNMS-2022-3-d10-1_S19,MFU,24aa872290ba5387d642c3003435b9bedeae8739,121
MFU-OCNMS-2022-9-d10-1_S25,MFU,24aa872290ba5387d642c3003435b9bedeae8739,417
MFU-OCNMS-2022-10-d10-1_S26,MFU,24aa872290ba5387d642c3003435b9bedeae8739,86
MFU-OCNMS-2022-7-d10-1_S23,MFU,24aa872290ba5387d642c3003435b9bedeae8739,70
MFU-OCNMS-2022-5-d10-1_S21,MFU,24aa872290ba5387d642c3003435b9bedeae8739,65
MFU-OCNMS-2022-2-d10-1_S18,MFU,24aa872290ba5387d642c3003435b9bedeae8739,70
MFU-CPS-mock4-skew-d1-1_S130,MFU,24aa872290ba5387d642c3003435b9bedeae8739,22
MFU-OCNMS-2022-3-d10-1_S19,MFU,0242b3a0389bcc4b0ef0cc170432a38673e434d4,123
MFU-CPS-mock4-skew-d1-1_S130,MFU,90ea3580ac4dbca98132b3ac7ef3c9fcf300ff51,23693
MFU-CPS-mock4-even-d1-3_S129,MFU,90ea3580ac4dbca98132b3ac7ef3c9fcf300ff51,12208
MFU-CPS-mock4-even-d1-1_S127,MFU,90ea3580ac4dbca98132b3ac7ef3c9fcf300ff51,6531
MFU-CPS-mock4-skew-d1-3_S132,MFU,90ea3580ac4dbca98132b3ac7ef3c9fcf300ff51,5167
MFU-CPS-mock4-even-d1-2_S128,MFU,90ea3580ac4dbca98132b3ac7ef3c9fcf300ff51,7293
MFU-CPS-mock4-skew-d1-2_S131,MFU,90ea3580ac4dbca98132b3ac7ef3c9fcf300ff51,22762
MFU-CPS-mock4-skew-d1-3_S132,MFU,696666d40b251713fca3655504ab24ad6a023f68,435
MFU-CPS-mock4-even-d1-1_S127,MFU,696666d40b251713fca3655504ab24ad6a023f68,2684
MFU-CPS-mock4-even-d1-2_S128,MFU,696666d40b251713fca3655504ab24ad6a023f68,3147
MFU-CPS-mock4-skew-d1-2_S131,MFU,696666d40b251713fca3655504ab24ad6a023f68,1918
MFU-CPS-mock4-skew-d1-1_S130,MFU,696666d40b251713fca3655504ab24ad6a023f68,1894
MFU-CPS-mock4-even-d1-3_S129,MFU,696666d40b251713fca3655504ab24ad6a023f68,5194
MFU-OCNMS-2022-10-d10-1_S26,MFU,696666d40b251713fca3655504ab24ad6a023f68,335
MFU-OCNMS-2022-9-d10-1_S25,MFU,696666d40b251713fca3655504ab24ad6a023f68,771
MFU-OCNMS-2022-8-d10-1_S24,MFU,696666d40b251713fca3655504ab24ad6a023f68,17
MFU-CPS-mock2-even-d1-2_S2,MFU,588d28fb5bda80699518fa5eb07009f142c62aa6,9491
MFU-CPS-mock2-even-d1-3_S3,MFU,588d28fb5bda80699518fa5eb07009f142c62aa6,6195
MFU-CPS-mock2-even-d1-1_S1,MFU,588d28fb5bda80699518fa5eb07009f142c62aa6,9176
MFU-CPS-mock2-skew-d1-3_S11,MFU,588d28fb5bda80699518fa5eb07009f142c62aa6,3153
MFU-CPS-mock2-skew-d1-1_S9,MFU,588d28fb5bda80699518fa5eb07009f142c62aa6,2838
MFU-CPS-mock3-skew-d1-2_S13,MFU,588d28fb5bda80699518fa5eb07009f142c62aa6,1269
MFU-CPS-mock3-even-d1-3_S6,MFU,588d28fb5bda80699518fa5eb07009f142c62aa6,8559
MFU-CPS-mock3-skew-d1-3_S14,MFU,588d28fb5bda80699518fa5eb07009f142c62aa6,1147
MFU-CPS-mock3-even-d1-1_S4,MFU,588d28fb5bda80699518fa5eb07009f142c62aa6,6983
MFU-CPS-mock3-even-d1-2_S5,MFU,588d28fb5bda80699518fa5eb07009f142c62aa6,10992
MFU-CPS-mock3-skew-d1-1_S12,MFU,588d28fb5bda80699518fa5eb07009f142c62aa6,1048
MFU-CPS-mock2-skew-d1-2_S10,MFU,588d28fb5bda80699518fa5eb07009f142c62aa6,3398
MFU-OCNMS-2022-20-d10-1_S36,MFU,f661edd341bdfcbcfc60d5261f651c96a07ddf22,115
MFU-OCNMS-2022-20-d10-1_S36,MFU,f3740bdab49d1e95610bcd6fafae668c25c1d908,146
MFU-OCNMS-2022-17-d10-1_S33,MFU,18303c87d622bfa2713c8a4fe1d1008c1b6f6276,224
MFU-OCNMS-2022-4-d1-1_S20,MFU,e5258486c6ef909c9333ebaccdaa2a586b0f05d4,61
MFU-OCNMS-2022-8-d10-1_S24,MFU,9368c49886d26ec0d641f7364cef01a2d2c4209c,113
MFU-OCNMS-2022-20-d10-1_S36,MFU,9368c49886d26ec0d641f7364cef01a2d2c4209c,100
MFU-OCNMS-2022-5-d10-1_S21,MFU,9368c49886d26ec0d641f7364cef01a2d2c4209c,140
MFU-OCNMS-2022-9-d10-1_S25,MFU,9368c49886d26ec0d641f7364cef01a2d2c4209c,276
MFU-CPS-mock4-skew-d1-1_S130,MFU,851c469c0655d4592ee241159f1519e156477e00,4
MFU-CPS-mock4-skew-d1-2_S131,MFU,851c469c0655d4592ee241159f1519e156477e00,7
MFU-mock1-even-d1-1_S41,MFU,94222f0f86617ebb77eb9740b9ec925e6e2bfddb,11
MFU-CPS-mock4-skew-d1-3_S132,MFU,94222f0f86617ebb77eb9740b9ec925e6e2bfddb,28
MFU-CPS-mock4-even-d1-2_S128,MFU,94222f0f86617ebb77eb9740b9ec925e6e2bfddb,4
MFU-CPS-mock4-even-d1-1_S127,MFU,94222f0f86617ebb77eb9740b9ec925e6e2bfddb,6
MFU-CPS-mock4-skew-d1-2_S131,MFU,94222f0f86617ebb77eb9740b9ec925e6e2bfddb,65
MFU-CPS-mock4-skew-d1-1_S130,MFU,94222f0f86617ebb77eb9740b9ec925e6e2bfddb,69
MFU-mock1-even-d1-2_S42,MFU,94222f0f86617ebb77eb9740b9ec925e6e2bfddb,13
MFU-CPS-mock4-even-d1-3_S129,MFU,94222f0f86617ebb77eb9740b9ec925e6e2bfddb,12
MFU-pos-control-d1-2_S16,MFU,32131d2cf1e017a74336d98aa130391d95b5206e,5
MFU-OCNMS-2022-11-d10-1_S27,MFU,6bed2115036e210e53742c86fd22efd012c94332,144
MFU-CPS-mock4-skew-d1-1_S130,MFU,98f3af294f8d512e12420f3c181772032f1dd427,3
MFU-CPS-mock4-skew-d1-2_S131,MFU,f0a3594cdfc52a89ba561a064761d053ed12663b,9
MFU-CPS-mock4-even-d1-3_S129,MFU,f0a3594cdfc52a89ba561a064761d053ed12663b,2
MFU-CPS-mock4-skew-d1-1_S130,MFU,f0a3594cdfc52a89ba561a064761d053ed12663b,9
MFU-CPS-mock4-skew-d1-3_S132,MFU,f0a3594cdfc52a89ba561a064761d053ed12663b,4
MFU-OCNMS-2022-5-d10-1_S21,MFU,ec1be7b22f6f302344b2b1ad6d5a1e780505170f,140
MFU-OCNMS-2022-9-d10-1_S25,MFU,ec1be7b22f6f302344b2b1ad6d5a1e780505170f,463
MFU-OCNMS-2022-14-d10-1_S30,MFU,ec1be7b22f6f302344b2b1ad6d5a1e780505170f,240
MFU-OCNMS-2022-4-d1-1_S20,MFU,256f722e8e727b63ac94a65765be7b4132076e22,84
MFU-CPS-mock4-skew-d1-2_S131,MFU,083a3898f46e53c18f351bcb867377057a5fbf14,3
MFU-CPS-mock4-skew-d1-1_S130,MFU,083a3898f46e53c18f351bcb867377057a5fbf14,6
MFU-OCNMS-2022-18-d10-1_S34,MFU,b751e64640e22204f411feaafccb2243881ee231,100
MFU-OCNMS-2022-21-d10-1_S37,MFU,274322c73c62c9acf10921cca979c8edbc1b0bbf,11
MFU-OCNMS-2022-17-d10-1_S33,MFU,8b3a044c8b5446a18f1fdd44ea960449e3c5cd7b,12
MFU-OCNMS-2022-15-d10-1_S31,MFU,81a369ba094d9d03b2c0128b224f6007482165dc,398
MFU-OCNMS-2022-20-d10-1_S36,MFU,81a369ba094d9d03b2c0128b224f6007482165dc,95
MFU-OCNMS-2022-16-d1-1_S32,MFU,81a369ba094d9d03b2c0128b224f6007482165dc,54
MFU-OCNMS-2022-22-d10-1_S38,MFU,81a369ba094d9d03b2c0128b224f6007482165dc,170
MFU-CPS-mock4-even-d1-3_S129,MFU,78480895f1d85a37c3c2c39c648d1a6c0cde5302,2
MFU-CPS-mock4-skew-d1-1_S130,MFU,6055605b9cbbf5182a9aa67c061e297766bbebcf,5
MFU-CPS-mock2-skew-d1-3_S11,MFU,5fb4e37154e6876ceacd6a6d488ed8b77125be2b,28
MFU-CPS-mock4-even-d1-3_S129,MFU,5fb4e37154e6876ceacd6a6d488ed8b77125be2b,572
MFU-CPS-mock4-skew-d1-2_S131,MFU,5fb4e37154e6876ceacd6a6d488ed8b77125be2b,296
MFU-CPS-mock2-even-d1-1_S1,MFU,5fb4e37154e6876ceacd6a6d488ed8b77125be2b,16
MFU-CPS-mock4-skew-d1-1_S130,MFU,5fb4e37154e6876ceacd6a6d488ed8b77125be2b,231
MFU-CPS-mock4-skew-d1-3_S132,MFU,5fb4e37154e6876ceacd6a6d488ed8b77125be2b,64
MFU-CPS-mock2-skew-d1-1_S9,MFU,5fb4e37154e6876ceacd6a6d488ed8b77125be2b,24
MFU-OCNMS-2022-15-d10-1_S31,MFU,5fb4e37154e6876ceacd6a6d488ed8b77125be2b,95
MFU-CPS-mock4-even-d1-2_S128,MFU,5fb4e37154e6876ceacd6a6d488ed8b77125be2b,275
MFU-CPS-mock2-skew-d1-2_S10,MFU,5fb4e37154e6876ceacd6a6d488ed8b77125be2b,20
MFU-CPS-mock2-even-d1-2_S2,MFU,5fb4e37154e6876ceacd6a6d488ed8b77125be2b,13
MFU-CPS-mock2-even-d1-3_S3,MFU,5fb4e37154e6876ceacd6a6d488ed8b77125be2b,5
MFU-OCNMS-2022-19-d10-1_S35,MFU,5fb4e37154e6876ceacd6a6d488ed8b77125be2b,157
MFU-CPS-mock4-even-d1-1_S127,MFU,5fb4e37154e6876ceacd6a6d488ed8b77125be2b,278
MFU-OCNMS-2022-7-d10-1_S23,MFU,a298cc53456748d771cf77eb1472dd3642366248,153
MFU-OCNMS-2022-10-d10-1_S26,MFU,1f3935eac61189f961a5c47bb0e85272c0b96b3f,398
MFU-OCNMS-2022-2-d10-1_S18,MFU,1f3935eac61189f961a5c47bb0e85272c0b96b3f,82
MFU-OCNMS-2022-19-d10-1_S35,MFU,1f3935eac61189f961a5c47bb0e85272c0b96b3f,60
MFU-OCNMS-2022-4-d1-1_S20,MFU,1f3935eac61189f961a5c47bb0e85272c0b96b3f,95
MFU-CPS-mock4-skew-d1-3_S132,MFU,758c788ac3c9a7995919508982de48b4915fc36b,152
MFU-CPS-mock4-skew-d1-1_S130,MFU,758c788ac3c9a7995919508982de48b4915fc36b,558
MFU-CPS-mock4-even-d1-3_S129,MFU,758c788ac3c9a7995919508982de48b4915fc36b,256
MFU-CPS-mock4-even-d1-1_S127,MFU,758c788ac3c9a7995919508982de48b4915fc36b,145
MFU-CPS-mock4-skew-d1-2_S131,MFU,758c788ac3c9a7995919508982de48b4915fc36b,575
MFU-CPS-mock4-even-d1-2_S128,MFU,758c788ac3c9a7995919508982de48b4915fc36b,166
MFU-CPS-mock2-skew-d1-3_S11,MFU,6a2cd6fc4e4108d021c8b379a0712e9888431836,15380
MFU-CPS-mock2-even-d1-2_S2,MFU,6a2cd6fc4e4108d021c8b379a0712e9888431836,8202
MFU-CPS-mock2-even-d1-3_S3,MFU,6a2cd6fc4e4108d021c8b379a0712e9888431836,5454
MFU-CPS-mock2-skew-d1-2_S10,MFU,6a2cd6fc4e4108d021c8b379a0712e9888431836,16896
MFU-CPS-mock2-even-d1-1_S1,MFU,6a2cd6fc4e4108d021c8b379a0712e9888431836,8306
MFU-CPS-mock2-skew-d1-1_S9,MFU,6a2cd6fc4e4108d021c8b379a0712e9888431836,13884
MFU-CPS-mock2-skew-d1-3_S11,MFU,fff06ffba50900128cc7e533079f4d3472844e46,69
MFU-CPS-mock2-even-d1-3_S3,MFU,fff06ffba50900128cc7e533079f4d3472844e46,22
MFU-CPS-mock2-skew-d1-1_S9,MFU,fff06ffba50900128cc7e533079f4d3472844e46,41
MFU-CPS-mock2-skew-d1-2_S10,MFU,fff06ffba50900128cc7e533079f4d3472844e46,62
MFU-CPS-mock2-even-d1-2_S2,MFU,fff06ffba50900128cc7e533079f4d3472844e46,36
MFU-CPS-mock2-even-d1-1_S1,MFU,fff06ffba50900128cc7e533079f4d3472844e46,32
MFU-CPS-mock4-skew-d1-1_S130,MFU,bbd988ffcb48aa5746b3cb3f18b6243ca3d1c7a6,16
