"Primer","Project","tubeID","Dilution","Rep","Species","nReads","station","lat","lon","depth","depth_cat"
"MFU","52193","1000","d5","1","Clupea pallasii",56,"60-2",44.23054833,-124.5392983,0,0
"MFU","52193","1000","d5","1","Engraulis mordax",920,"60-2",44.23054833,-124.5392983,0,0
"MFU","52193","1000","d5","1","Leuroglossus stilbius",0,"60-2",44.23054833,-124.5392983,0,0
"MFU","52193","1000","d5","1","Merluccius productus",0,"60-2",44.23054833,-124.5392983,0,0
"MFU","52193","1000","d5","1","Merluccius productus",0,"60-2",44.23054833,-124.5392983,0,0
"MFU","52193","1000","d5","1","Microstomus pacificus",0,"60-2",44.23054833,-124.5392983,0,0
"MFU","52193","1000","d5","1","Sardinops sagax",121,"60-2",44.23054833,-124.5392983,0,0
"MFU","52193","1000","d5","1","Scomber japonicus",0,"60-2",44.23054833,-124.5392983,0,0
"MFU","52193","1000","d5","1","Sebastes entomelas",0,"60-2",44.23054833,-124.5392983,0,0
"MFU","52193","1000","d5","1","Stenobrachius leucopsarus",0,"60-2",44.23054833,-124.5392983,0,0
"MFU","52193","1000","d5","1","Stenobrachius leucopsarus",0,"60-2",44.23054833,-124.5392983,0,0
"MFU","52193","1000","d5","1","Tactostoma macropus",12,"60-2",44.23054833,-124.5392983,0,0
"MFU","52193","1000","d5","1","Tarletonbeania crenularis",0,"60-2",44.23054833,-124.5392983,0,0
"MFU","52193","1000","d5","1","Tarletonbeania crenularis",99204,"60-2",44.23054833,-124.5392983,0,0
"MFU","52193","1000","d5","1","Thaleichthys pacificus",0,"60-2",44.23054833,-124.5392983,0,0
"MFU","52193","1000","d5","1","Trachurus symmetricus",0,"60-2",44.23054833,-124.5392983,0,0
"MFU","52193","1000","d5","1","Trachurus symmetricus",219,"60-2",44.23054833,-124.5392983,0,0
"MFU","52193","1007","d1","1","Clupea pallasii",0,"60-1",44.23212833,-124.247595,0,0
"MFU","52193","1007","d1","1","Engraulis mordax",8903,"60-1",44.23212833,-124.247595,0,0
"MFU","52193","1007","d1","1","Leuroglossus stilbius",0,"60-1",44.23212833,-124.247595,0,0
"MFU","52193","1007","d1","1","Merluccius productus",0,"60-1",44.23212833,-124.247595,0,0
"MFU","52193","1007","d1","1","Merluccius productus",0,"60-1",44.23212833,-124.247595,0,0
"MFU","52193","1007","d1","1","Microstomus pacificus",0,"60-1",44.23212833,-124.247595,0,0
"MFU","52193","1007","d1","1","Sardinops sagax",0,"60-1",44.23212833,-124.247595,0,0
"MFU","52193","1007","d1","1","Scomber japonicus",0,"60-1",44.23212833,-124.247595,0,0
"MFU","52193","1007","d1","1","Sebastes entomelas",0,"60-1",44.23212833,-124.247595,0,0
"MFU","52193","1007","d1","1","Stenobrachius leucopsarus",0,"60-1",44.23212833,-124.247595,0,0
"MFU","52193","1007","d1","1","Stenobrachius leucopsarus",0,"60-1",44.23212833,-124.247595,0,0
"MFU","52193","1007","d1","1","Tactostoma macropus",0,"60-1",44.23212833,-124.247595,0,0
"MFU","52193","1007","d1","1","Tarletonbeania crenularis",0,"60-1",44.23212833,-124.247595,0,0
"MFU","52193","1007","d1","1","Tarletonbeania crenularis",11783,"60-1",44.23212833,-124.247595,0,0
"MFU","52193","1007","d1","1","Thaleichthys pacificus",0,"60-1",44.23212833,-124.247595,0,0
"MFU","52193","1007","d1","1","Trachurus symmetricus",0,"60-1",44.23212833,-124.247595,0,0
"MFU","52193","1007","d1","1","Trachurus symmetricus",0,"60-1",44.23212833,-124.247595,0,0
"MFU","52193","1014","d1","1","Clupea pallasii",16331,"61-2",44.39556,-124.7442183,50,50
"MFU","52193","1014","d1","1","Engraulis mordax",2807,"61-2",44.39556,-124.7442183,50,50
"MFU","52193","1014","d1","1","Leuroglossus stilbius",0,"61-2",44.39556,-124.7442183,50,50
"MFU","52193","1014","d1","1","Merluccius productus",17961,"61-2",44.39556,-124.7442183,50,50
"MFU","52193","1014","d1","1","Merluccius productus",142878,"61-2",44.39556,-124.7442183,50,50
"MFU","52193","1014","d1","1","Microstomus pacificus",0,"61-2",44.39556,-124.7442183,50,50
"MFU","52193","1014","d1","1","Sardinops sagax",6234,"61-2",44.39556,-124.7442183,50,50
"MFU","52193","1014","d1","1","Scomber japonicus",0,"61-2",44.39556,-124.7442183,50,50
"MFU","52193","1014","d1","1","Sebastes entomelas",24953,"61-2",44.39556,-124.7442183,50,50
"MFU","52193","1014","d1","1","Stenobrachius leucopsarus",0,"61-2",44.39556,-124.7442183,50,50
"MFU","52193","1014","d1","1","Stenobrachius leucopsarus",2945,"61-2",44.39556,-124.7442183,50,50
"MFU","52193","1014","d1","1","Tactostoma macropus",0,"61-2",44.39556,-124.7442183,50,50
"MFU","52193","1014","d1","1","Tarletonbeania crenularis",0,"61-2",44.39556,-124.7442183,50,50
"MFU","52193","1014","d1","1","Tarletonbeania crenularis",0,"61-2",44.39556,-124.7442183,50,50
"MFU","52193","1014","d1","1","Thaleichthys pacificus",0,"61-2",44.39556,-124.7442183,50,50
"MFU","52193","1014","d1","1","Trachurus symmetricus",0,"61-2",44.39556,-124.7442183,50,50
"MFU","52193","1014","d1","1","Trachurus symmetricus",12778,"61-2",44.39556,-124.7442183,50,50
"MFU","52193","1016","d10","1","Clupea pallasii",0,"61-2",44.39556,-124.7442183,0,0
"MFU","52193","1016","d10","1","Engraulis mordax",2910,"61-2",44.39556,-124.7442183,0,0
"MFU","52193","1016","d10","1","Leuroglossus stilbius",0,"61-2",44.39556,-124.7442183,0,0
"MFU","52193","1016","d10","1","Merluccius productus",0,"61-2",44.39556,-124.7442183,0,0
"MFU","52193","1016","d10","1","Merluccius productus",21241,"61-2",44.39556,-124.7442183,0,0
"MFU","52193","1016","d10","1","Microstomus pacificus",0,"61-2",44.39556,-124.7442183,0,0
"MFU","52193","1016","d10","1","Sardinops sagax",6485,"61-2",44.39556,-124.7442183,0,0
"MFU","52193","1016","d10","1","Scomber japonicus",2266,"61-2",44.39556,-124.7442183,0,0
"MFU","52193","1016","d10","1","Sebastes entomelas",0,"61-2",44.39556,-124.7442183,0,0
"MFU","52193","1016","d10","1","Stenobrachius leucopsarus",0,"61-2",44.39556,-124.7442183,0,0
"MFU","52193","1016","d10","1","Stenobrachius leucopsarus",0,"61-2",44.39556,-124.7442183,0,0
"MFU","52193","1016","d10","1","Tactostoma macropus",0,"61-2",44.39556,-124.7442183,0,0
"MFU","52193","1016","d10","1","Tarletonbeania crenularis",0,"61-2",44.39556,-124.7442183,0,0
"MFU","52193","1016","d10","1","Tarletonbeania crenularis",0,"61-2",44.39556,-124.7442183,0,0
"MFU","52193","1016","d10","1","Thaleichthys pacificus",49852,"61-2",44.39556,-124.7442183,0,0
"MFU","52193","1016","d10","1","Trachurus symmetricus",0,"61-2",44.39556,-124.7442183,0,0
"MFU","52193","1016","d10","1","Trachurus symmetricus",53077,"61-2",44.39556,-124.7442183,0,0
"MFU","52193","1024","d1","1","Clupea pallasii",0,"61-3",44.39677,-124.8155333,50,50
"MFU","52193","1024","d1","1","Engraulis mordax",219,"61-3",44.39677,-124.8155333,50,50
"MFU","52193","1024","d1","1","Leuroglossus stilbius",0,"61-3",44.39677,-124.8155333,50,50
"MFU","52193","1024","d1","1","Merluccius productus",1052,"61-3",44.39677,-124.8155333,50,50
"MFU","52193","1024","d1","1","Merluccius productus",20094,"61-3",44.39677,-124.8155333,50,50
"MFU","52193","1024","d1","1","Microstomus pacificus",0,"61-3",44.39677,-124.8155333,50,50
"MFU","52193","1024","d1","1","Sardinops sagax",0,"61-3",44.39677,-124.8155333,50,50
"MFU","52193","1024","d1","1","Scomber japonicus",0,"61-3",44.39677,-124.8155333,50,50
"MFU","52193","1024","d1","1","Sebastes entomelas",129,"61-3",44.39677,-124.8155333,50,50
"MFU","52193","1024","d1","1","Stenobrachius leucopsarus",0,"61-3",44.39677,-124.8155333,50,50
"MFU","52193","1024","d1","1","Stenobrachius leucopsarus",443,"61-3",44.39677,-124.8155333,50,50
"MFU","52193","1024","d1","1","Tactostoma macropus",0,"61-3",44.39677,-124.8155333,50,50
"MFU","52193","1024","d1","1","Tarletonbeania crenularis",0,"61-3",44.39677,-124.8155333,50,50
"MFU","52193","1024","d1","1","Tarletonbeania crenularis",252,"61-3",44.39677,-124.8155333,50,50
"MFU","52193","1024","d1","1","Thaleichthys pacificus",0,"61-3",44.39677,-124.8155333,50,50
"MFU","52193","1024","d1","1","Trachurus symmetricus",0,"61-3",44.39677,-124.8155333,50,50
"MFU","52193","1024","d1","1","Trachurus symmetricus",5553,"61-3",44.39677,-124.8155333,50,50
"MFU","52193","1026","d5","1","Clupea pallasii",0,"61-3",44.39677,-124.8155333,0,0
"MFU","52193","1026","d5","1","Engraulis mordax",641,"61-3",44.39677,-124.8155333,0,0
"MFU","52193","1026","d5","1","Leuroglossus stilbius",0,"61-3",44.39677,-124.8155333,0,0
"MFU","52193","1026","d5","1","Merluccius productus",1207,"61-3",44.39677,-124.8155333,0,0
"MFU","52193","1026","d5","1","Merluccius productus",1223,"61-3",44.39677,-124.8155333,0,0
"MFU","52193","1026","d5","1","Microstomus pacificus",0,"61-3",44.39677,-124.8155333,0,0
"MFU","52193","1026","d5","1","Sardinops sagax",1222,"61-3",44.39677,-124.8155333,0,0
"MFU","52193","1026","d5","1","Scomber japonicus",0,"61-3",44.39677,-124.8155333,0,0
"MFU","52193","1026","d5","1","Sebastes entomelas",0,"61-3",44.39677,-124.8155333,0,0
"MFU","52193","1026","d5","1","Stenobrachius leucopsarus",0,"61-3",44.39677,-124.8155333,0,0
"MFU","52193","1026","d5","1","Stenobrachius leucopsarus",0,"61-3",44.39677,-124.8155333,0,0
"MFU","52193","1026","d5","1","Tactostoma macropus",0,"61-3",44.39677,-124.8155333,0,0
"MFU","52193","1026","d5","1","Tarletonbeania crenularis",0,"61-3",44.39677,-124.8155333,0,0
"MFU","52193","1026","d5","1","Tarletonbeania crenularis",0,"61-3",44.39677,-124.8155333,0,0
"MFU","52193","1026","d5","1","Thaleichthys pacificus",27568,"61-3",44.39677,-124.8155333,0,0
"MFU","52193","1026","d5","1","Trachurus symmetricus",0,"61-3",44.39677,-124.8155333,0,0
"MFU","52193","1026","d5","1","Trachurus symmetricus",4486,"61-3",44.39677,-124.8155333,0,0
"MFU","52193","103","d1","1","Clupea pallasii",0,"27-6",38.73053833,-124.073795,50,50
"MFU","52193","103","d1","1","Engraulis mordax",57778,"27-6",38.73053833,-124.073795,50,50
"MFU","52193","103","d1","1","Leuroglossus stilbius",0,"27-6",38.73053833,-124.073795,50,50
"MFU","52193","103","d1","1","Merluccius productus",197,"27-6",38.73053833,-124.073795,50,50
"MFU","52193","103","d1","1","Merluccius productus",2705,"27-6",38.73053833,-124.073795,50,50
"MFU","52193","103","d1","1","Microstomus pacificus",0,"27-6",38.73053833,-124.073795,50,50
"MFU","52193","103","d1","1","Sardinops sagax",1508,"27-6",38.73053833,-124.073795,50,50
"MFU","52193","103","d1","1","Scomber japonicus",0,"27-6",38.73053833,-124.073795,50,50
"MFU","52193","103","d1","1","Sebastes entomelas",0,"27-6",38.73053833,-124.073795,50,50
"MFU","52193","103","d1","1","Stenobrachius leucopsarus",0,"27-6",38.73053833,-124.073795,50,50
"MFU","52193","103","d1","1","Stenobrachius leucopsarus",42948,"27-6",38.73053833,-124.073795,50,50
"MFU","52193","103","d1","1","Tactostoma macropus",0,"27-6",38.73053833,-124.073795,50,50
"MFU","52193","103","d1","1","Tarletonbeania crenularis",0,"27-6",38.73053833,-124.073795,50,50
"MFU","52193","103","d1","1","Tarletonbeania crenularis",3243,"27-6",38.73053833,-124.073795,50,50
"MFU","52193","103","d1","1","Thaleichthys pacificus",0,"27-6",38.73053833,-124.073795,50,50
"MFU","52193","103","d1","1","Trachurus symmetricus",0,"27-6",38.73053833,-124.073795,50,50
"MFU","52193","103","d1","1","Trachurus symmetricus",32709,"27-6",38.73053833,-124.073795,50,50
"MFU","52193","1036","d1","1","Clupea pallasii",0,"61-4",44.39521667,-124.8781483,50,50
"MFU","52193","1036","d1","1","Engraulis mordax",7113,"61-4",44.39521667,-124.8781483,50,50
"MFU","52193","1036","d1","1","Leuroglossus stilbius",0,"61-4",44.39521667,-124.8781483,50,50
"MFU","52193","1036","d1","1","Merluccius productus",14034,"61-4",44.39521667,-124.8781483,50,50
"MFU","52193","1036","d1","1","Merluccius productus",88530,"61-4",44.39521667,-124.8781483,50,50
"MFU","52193","1036","d1","1","Microstomus pacificus",0,"61-4",44.39521667,-124.8781483,50,50
"MFU","52193","1036","d1","1","Sardinops sagax",0,"61-4",44.39521667,-124.8781483,50,50
"MFU","52193","1036","d1","1","Scomber japonicus",0,"61-4",44.39521667,-124.8781483,50,50
"MFU","52193","1036","d1","1","Sebastes entomelas",1733,"61-4",44.39521667,-124.8781483,50,50
"MFU","52193","1036","d1","1","Stenobrachius leucopsarus",0,"61-4",44.39521667,-124.8781483,50,50
"MFU","52193","1036","d1","1","Stenobrachius leucopsarus",0,"61-4",44.39521667,-124.8781483,50,50
"MFU","52193","1036","d1","1","Tactostoma macropus",0,"61-4",44.39521667,-124.8781483,50,50
"MFU","52193","1036","d1","1","Tarletonbeania crenularis",0,"61-4",44.39521667,-124.8781483,50,50
"MFU","52193","1036","d1","1","Tarletonbeania crenularis",0,"61-4",44.39521667,-124.8781483,50,50
"MFU","52193","1036","d1","1","Thaleichthys pacificus",0,"61-4",44.39521667,-124.8781483,50,50
"MFU","52193","1036","d1","1","Trachurus symmetricus",0,"61-4",44.39521667,-124.8781483,50,50
"MFU","52193","1036","d1","1","Trachurus symmetricus",7167,"61-4",44.39521667,-124.8781483,50,50
"MFU","52193","1038","d5","1","Clupea pallasii",0,"61-4",44.39521667,-124.8781483,0,0
"MFU","52193","1038","d5","1","Engraulis mordax",8348,"61-4",44.39521667,-124.8781483,0,0
"MFU","52193","1038","d5","1","Leuroglossus stilbius",0,"61-4",44.39521667,-124.8781483,0,0
"MFU","52193","1038","d5","1","Merluccius productus",2336,"61-4",44.39521667,-124.8781483,0,0
"MFU","52193","1038","d5","1","Merluccius productus",13204,"61-4",44.39521667,-124.8781483,0,0
"MFU","52193","1038","d5","1","Microstomus pacificus",0,"61-4",44.39521667,-124.8781483,0,0
"MFU","52193","1038","d5","1","Sardinops sagax",22868,"61-4",44.39521667,-124.8781483,0,0
"MFU","52193","1038","d5","1","Scomber japonicus",0,"61-4",44.39521667,-124.8781483,0,0
"MFU","52193","1038","d5","1","Sebastes entomelas",0,"61-4",44.39521667,-124.8781483,0,0
"MFU","52193","1038","d5","1","Stenobrachius leucopsarus",0,"61-4",44.39521667,-124.8781483,0,0
"MFU","52193","1038","d5","1","Stenobrachius leucopsarus",0,"61-4",44.39521667,-124.8781483,0,0
"MFU","52193","1038","d5","1","Tactostoma macropus",0,"61-4",44.39521667,-124.8781483,0,0
"MFU","52193","1038","d5","1","Tarletonbeania crenularis",0,"61-4",44.39521667,-124.8781483,0,0
"MFU","52193","1038","d5","1","Tarletonbeania crenularis",1809,"61-4",44.39521667,-124.8781483,0,0
"MFU","52193","1038","d5","1","Thaleichthys pacificus",118431,"61-4",44.39521667,-124.8781483,0,0
"MFU","52193","1038","d5","1","Trachurus symmetricus",0,"61-4",44.39521667,-124.8781483,0,0
"MFU","52193","1038","d5","1","Trachurus symmetricus",9233,"61-4",44.39521667,-124.8781483,0,0
"MFU","52193","1040","d1","1","Clupea pallasii",0,"61-5",44.396,-124.9914967,500,500
"MFU","52193","1040","d1","1","Engraulis mordax",0,"61-5",44.396,-124.9914967,500,500
"MFU","52193","1040","d1","1","Leuroglossus stilbius",0,"61-5",44.396,-124.9914967,500,500
"MFU","52193","1040","d1","1","Merluccius productus",0,"61-5",44.396,-124.9914967,500,500
"MFU","52193","1040","d1","1","Merluccius productus",1023,"61-5",44.396,-124.9914967,500,500
"MFU","52193","1040","d1","1","Microstomus pacificus",0,"61-5",44.396,-124.9914967,500,500
"MFU","52193","1040","d1","1","Sardinops sagax",0,"61-5",44.396,-124.9914967,500,500
"MFU","52193","1040","d1","1","Scomber japonicus",568,"61-5",44.396,-124.9914967,500,500
"MFU","52193","1040","d1","1","Sebastes entomelas",0,"61-5",44.396,-124.9914967,500,500
"MFU","52193","1040","d1","1","Stenobrachius leucopsarus",0,"61-5",44.396,-124.9914967,500,500
"MFU","52193","1040","d1","1","Stenobrachius leucopsarus",1885,"61-5",44.396,-124.9914967,500,500
"MFU","52193","1040","d1","1","Tactostoma macropus",0,"61-5",44.396,-124.9914967,500,500
"MFU","52193","1040","d1","1","Tarletonbeania crenularis",0,"61-5",44.396,-124.9914967,500,500
"MFU","52193","1040","d1","1","Tarletonbeania crenularis",716,"61-5",44.396,-124.9914967,500,500
"MFU","52193","1040","d1","1","Thaleichthys pacificus",0,"61-5",44.396,-124.9914967,500,500
"MFU","52193","1040","d1","1","Trachurus symmetricus",0,"61-5",44.396,-124.9914967,500,500
"MFU","52193","1040","d1","1","Trachurus symmetricus",0,"61-5",44.396,-124.9914967,500,500
"MFU","52193","1042","d1","1","Clupea pallasii",0,"61-5",44.396,-124.9914967,300,300
"MFU","52193","1042","d1","1","Engraulis mordax",0,"61-5",44.396,-124.9914967,300,300
"MFU","52193","1042","d1","1","Leuroglossus stilbius",0,"61-5",44.396,-124.9914967,300,300
"MFU","52193","1042","d1","1","Merluccius productus",8671,"61-5",44.396,-124.9914967,300,300
"MFU","52193","1042","d1","1","Merluccius productus",51320,"61-5",44.396,-124.9914967,300,300
"MFU","52193","1042","d1","1","Microstomus pacificus",0,"61-5",44.396,-124.9914967,300,300
"MFU","52193","1042","d1","1","Sardinops sagax",2739,"61-5",44.396,-124.9914967,300,300
"MFU","52193","1042","d1","1","Scomber japonicus",2604,"61-5",44.396,-124.9914967,300,300
"MFU","52193","1042","d1","1","Sebastes entomelas",0,"61-5",44.396,-124.9914967,300,300
"MFU","52193","1042","d1","1","Stenobrachius leucopsarus",0,"61-5",44.396,-124.9914967,300,300
"MFU","52193","1042","d1","1","Stenobrachius leucopsarus",0,"61-5",44.396,-124.9914967,300,300
"MFU","52193","1042","d1","1","Tactostoma macropus",0,"61-5",44.396,-124.9914967,300,300
"MFU","52193","1042","d1","1","Tarletonbeania crenularis",0,"61-5",44.396,-124.9914967,300,300
"MFU","52193","1042","d1","1","Tarletonbeania crenularis",6755,"61-5",44.396,-124.9914967,300,300
"MFU","52193","1042","d1","1","Thaleichthys pacificus",0,"61-5",44.396,-124.9914967,300,300
"MFU","52193","1042","d1","1","Trachurus symmetricus",0,"61-5",44.396,-124.9914967,300,300
"MFU","52193","1042","d1","1","Trachurus symmetricus",21997,"61-5",44.396,-124.9914967,300,300
"MFU","52193","1044","d1","1","Clupea pallasii",1193,"61-5",44.396,-124.9914967,150,150
"MFU","52193","1044","d1","1","Engraulis mordax",3439,"61-5",44.396,-124.9914967,150,150
"MFU","52193","1044","d1","1","Leuroglossus stilbius",0,"61-5",44.396,-124.9914967,150,150
"MFU","52193","1044","d1","1","Merluccius productus",2768,"61-5",44.396,-124.9914967,150,150
"MFU","52193","1044","d1","1","Merluccius productus",3847,"61-5",44.396,-124.9914967,150,150
"MFU","52193","1044","d1","1","Microstomus pacificus",0,"61-5",44.396,-124.9914967,150,150
"MFU","52193","1044","d1","1","Sardinops sagax",14222,"61-5",44.396,-124.9914967,150,150
"MFU","52193","1044","d1","1","Scomber japonicus",9827,"61-5",44.396,-124.9914967,150,150
"MFU","52193","1044","d1","1","Sebastes entomelas",2726,"61-5",44.396,-124.9914967,150,150
"MFU","52193","1044","d1","1","Stenobrachius leucopsarus",0,"61-5",44.396,-124.9914967,150,150
"MFU","52193","1044","d1","1","Stenobrachius leucopsarus",2256,"61-5",44.396,-124.9914967,150,150
"MFU","52193","1044","d1","1","Tactostoma macropus",0,"61-5",44.396,-124.9914967,150,150
"MFU","52193","1044","d1","1","Tarletonbeania crenularis",0,"61-5",44.396,-124.9914967,150,150
"MFU","52193","1044","d1","1","Tarletonbeania crenularis",2803,"61-5",44.396,-124.9914967,150,150
"MFU","52193","1044","d1","1","Thaleichthys pacificus",0,"61-5",44.396,-124.9914967,150,150
"MFU","52193","1044","d1","1","Trachurus symmetricus",0,"61-5",44.396,-124.9914967,150,150
"MFU","52193","1044","d1","1","Trachurus symmetricus",0,"61-5",44.396,-124.9914967,150,150
"MFU","52193","1048","d1","1","Clupea pallasii",0,"61-5",44.396,-124.9914967,50,50
"MFU","52193","1048","d1","1","Engraulis mordax",0,"61-5",44.396,-124.9914967,50,50
"MFU","52193","1048","d1","1","Leuroglossus stilbius",0,"61-5",44.396,-124.9914967,50,50
"MFU","52193","1048","d1","1","Merluccius productus",0,"61-5",44.396,-124.9914967,50,50
"MFU","52193","1048","d1","1","Merluccius productus",1937,"61-5",44.396,-124.9914967,50,50
"MFU","52193","1048","d1","1","Microstomus pacificus",0,"61-5",44.396,-124.9914967,50,50
"MFU","52193","1048","d1","1","Sardinops sagax",0,"61-5",44.396,-124.9914967,50,50
"MFU","52193","1048","d1","1","Scomber japonicus",0,"61-5",44.396,-124.9914967,50,50
"MFU","52193","1048","d1","1","Sebastes entomelas",0,"61-5",44.396,-124.9914967,50,50
"MFU","52193","1048","d1","1","Stenobrachius leucopsarus",0,"61-5",44.396,-124.9914967,50,50
"MFU","52193","1048","d1","1","Stenobrachius leucopsarus",0,"61-5",44.396,-124.9914967,50,50
"MFU","52193","1048","d1","1","Tactostoma macropus",0,"61-5",44.396,-124.9914967,50,50
"MFU","52193","1048","d1","1","Tarletonbeania crenularis",0,"61-5",44.396,-124.9914967,50,50
"MFU","52193","1048","d1","1","Tarletonbeania crenularis",1061,"61-5",44.396,-124.9914967,50,50
"MFU","52193","1048","d1","1","Thaleichthys pacificus",0,"61-5",44.396,-124.9914967,50,50
"MFU","52193","1048","d1","1","Trachurus symmetricus",0,"61-5",44.396,-124.9914967,50,50
"MFU","52193","1048","d1","1","Trachurus symmetricus",3767,"61-5",44.396,-124.9914967,50,50
"MFU","52193","1048","d10","1","Clupea pallasii",0,"61-5",44.396,-124.9914967,50,50
"MFU","52193","1048","d10","1","Engraulis mordax",0,"61-5",44.396,-124.9914967,50,50
"MFU","52193","1048","d10","1","Leuroglossus stilbius",0,"61-5",44.396,-124.9914967,50,50
"MFU","52193","1048","d10","1","Merluccius productus",0,"61-5",44.396,-124.9914967,50,50
"MFU","52193","1048","d10","1","Merluccius productus",0,"61-5",44.396,-124.9914967,50,50
"MFU","52193","1048","d10","1","Microstomus pacificus",0,"61-5",44.396,-124.9914967,50,50
"MFU","52193","1048","d10","1","Sardinops sagax",0,"61-5",44.396,-124.9914967,50,50
"MFU","52193","1048","d10","1","Scomber japonicus",0,"61-5",44.396,-124.9914967,50,50
"MFU","52193","1048","d10","1","Sebastes entomelas",0,"61-5",44.396,-124.9914967,50,50
"MFU","52193","1048","d10","1","Stenobrachius leucopsarus",0,"61-5",44.396,-124.9914967,50,50
"MFU","52193","1048","d10","1","Stenobrachius leucopsarus",0,"61-5",44.396,-124.9914967,50,50
"MFU","52193","1048","d10","1","Tactostoma macropus",0,"61-5",44.396,-124.9914967,50,50
"MFU","52193","1048","d10","1","Tarletonbeania crenularis",0,"61-5",44.396,-124.9914967,50,50
"MFU","52193","1048","d10","1","Tarletonbeania crenularis",0,"61-5",44.396,-124.9914967,50,50
"MFU","52193","1048","d10","1","Thaleichthys pacificus",0,"61-5",44.396,-124.9914967,50,50
"MFU","52193","1048","d10","1","Trachurus symmetricus",0,"61-5",44.396,-124.9914967,50,50
"MFU","52193","1048","d10","1","Trachurus symmetricus",2224,"61-5",44.396,-124.9914967,50,50
"MFU","52193","1051","d5","1","Clupea pallasii",0,"61-5",44.396,-124.9914967,0,0
"MFU","52193","1051","d5","1","Engraulis mordax",1397,"61-5",44.396,-124.9914967,0,0
"MFU","52193","1051","d5","1","Leuroglossus stilbius",0,"61-5",44.396,-124.9914967,0,0
"MFU","52193","1051","d5","1","Merluccius productus",0,"61-5",44.396,-124.9914967,0,0
"MFU","52193","1051","d5","1","Merluccius productus",401,"61-5",44.396,-124.9914967,0,0
"MFU","52193","1051","d5","1","Microstomus pacificus",0,"61-5",44.396,-124.9914967,0,0
"MFU","52193","1051","d5","1","Sardinops sagax",135,"61-5",44.396,-124.9914967,0,0
"MFU","52193","1051","d5","1","Scomber japonicus",0,"61-5",44.396,-124.9914967,0,0
"MFU","52193","1051","d5","1","Sebastes entomelas",0,"61-5",44.396,-124.9914967,0,0
"MFU","52193","1051","d5","1","Stenobrachius leucopsarus",0,"61-5",44.396,-124.9914967,0,0
"MFU","52193","1051","d5","1","Stenobrachius leucopsarus",0,"61-5",44.396,-124.9914967,0,0
"MFU","52193","1051","d5","1","Tactostoma macropus",244,"61-5",44.396,-124.9914967,0,0
"MFU","52193","1051","d5","1","Tarletonbeania crenularis",0,"61-5",44.396,-124.9914967,0,0
"MFU","52193","1051","d5","1","Tarletonbeania crenularis",294,"61-5",44.396,-124.9914967,0,0
"MFU","52193","1051","d5","1","Thaleichthys pacificus",44190,"61-5",44.396,-124.9914967,0,0
"MFU","52193","1051","d5","1","Trachurus symmetricus",0,"61-5",44.396,-124.9914967,0,0
"MFU","52193","1051","d5","1","Trachurus symmetricus",1880,"61-5",44.396,-124.9914967,0,0
"MFU","52193","1052","d1","1","Clupea pallasii",0,"61-6",44.396315,-125.10797,500,500
"MFU","52193","1052","d1","1","Engraulis mordax",0,"61-6",44.396315,-125.10797,500,500
"MFU","52193","1052","d1","1","Leuroglossus stilbius",0,"61-6",44.396315,-125.10797,500,500
"MFU","52193","1052","d1","1","Merluccius productus",0,"61-6",44.396315,-125.10797,500,500
"MFU","52193","1052","d1","1","Merluccius productus",5543,"61-6",44.396315,-125.10797,500,500
"MFU","52193","1052","d1","1","Microstomus pacificus",0,"61-6",44.396315,-125.10797,500,500
"MFU","52193","1052","d1","1","Sardinops sagax",1541,"61-6",44.396315,-125.10797,500,500
"MFU","52193","1052","d1","1","Scomber japonicus",0,"61-6",44.396315,-125.10797,500,500
"MFU","52193","1052","d1","1","Sebastes entomelas",3336,"61-6",44.396315,-125.10797,500,500
"MFU","52193","1052","d1","1","Stenobrachius leucopsarus",0,"61-6",44.396315,-125.10797,500,500
"MFU","52193","1052","d1","1","Stenobrachius leucopsarus",10120,"61-6",44.396315,-125.10797,500,500
"MFU","52193","1052","d1","1","Tactostoma macropus",0,"61-6",44.396315,-125.10797,500,500
"MFU","52193","1052","d1","1","Tarletonbeania crenularis",0,"61-6",44.396315,-125.10797,500,500
"MFU","52193","1052","d1","1","Tarletonbeania crenularis",0,"61-6",44.396315,-125.10797,500,500
"MFU","52193","1052","d1","1","Thaleichthys pacificus",0,"61-6",44.396315,-125.10797,500,500
"MFU","52193","1052","d1","1","Trachurus symmetricus",0,"61-6",44.396315,-125.10797,500,500
"MFU","52193","1052","d1","1","Trachurus symmetricus",0,"61-6",44.396315,-125.10797,500,500
"MFU","52193","1054","d1","1","Clupea pallasii",2182,"61-6",44.396315,-125.10797,300,300
"MFU","52193","1054","d1","1","Engraulis mordax",0,"61-6",44.396315,-125.10797,300,300
"MFU","52193","1054","d1","1","Leuroglossus stilbius",0,"61-6",44.396315,-125.10797,300,300
"MFU","52193","1054","d1","1","Merluccius productus",3165,"61-6",44.396315,-125.10797,300,300
"MFU","52193","1054","d1","1","Merluccius productus",11701,"61-6",44.396315,-125.10797,300,300
"MFU","52193","1054","d1","1","Microstomus pacificus",0,"61-6",44.396315,-125.10797,300,300
"MFU","52193","1054","d1","1","Sardinops sagax",0,"61-6",44.396315,-125.10797,300,300
"MFU","52193","1054","d1","1","Scomber japonicus",1135,"61-6",44.396315,-125.10797,300,300
"MFU","52193","1054","d1","1","Sebastes entomelas",0,"61-6",44.396315,-125.10797,300,300
"MFU","52193","1054","d1","1","Stenobrachius leucopsarus",0,"61-6",44.396315,-125.10797,300,300
"MFU","52193","1054","d1","1","Stenobrachius leucopsarus",2351,"61-6",44.396315,-125.10797,300,300
"MFU","52193","1054","d1","1","Tactostoma macropus",0,"61-6",44.396315,-125.10797,300,300
"MFU","52193","1054","d1","1","Tarletonbeania crenularis",1157,"61-6",44.396315,-125.10797,300,300
"MFU","52193","1054","d1","1","Tarletonbeania crenularis",3923,"61-6",44.396315,-125.10797,300,300
"MFU","52193","1054","d1","1","Thaleichthys pacificus",0,"61-6",44.396315,-125.10797,300,300
"MFU","52193","1054","d1","1","Trachurus symmetricus",0,"61-6",44.396315,-125.10797,300,300
"MFU","52193","1054","d1","1","Trachurus symmetricus",2620,"61-6",44.396315,-125.10797,300,300
"MFU","52193","1056","d1","1","Clupea pallasii",0,"61-6",44.396315,-125.10797,150,150
"MFU","52193","1056","d1","1","Engraulis mordax",5968,"61-6",44.396315,-125.10797,150,150
"MFU","52193","1056","d1","1","Leuroglossus stilbius",0,"61-6",44.396315,-125.10797,150,150
"MFU","52193","1056","d1","1","Merluccius productus",0,"61-6",44.396315,-125.10797,150,150
"MFU","52193","1056","d1","1","Merluccius productus",0,"61-6",44.396315,-125.10797,150,150
"MFU","52193","1056","d1","1","Microstomus pacificus",0,"61-6",44.396315,-125.10797,150,150
"MFU","52193","1056","d1","1","Sardinops sagax",13276,"61-6",44.396315,-125.10797,150,150
"MFU","52193","1056","d1","1","Scomber japonicus",16769,"61-6",44.396315,-125.10797,150,150
"MFU","52193","1056","d1","1","Sebastes entomelas",0,"61-6",44.396315,-125.10797,150,150
"MFU","52193","1056","d1","1","Stenobrachius leucopsarus",0,"61-6",44.396315,-125.10797,150,150
"MFU","52193","1056","d1","1","Stenobrachius leucopsarus",11458,"61-6",44.396315,-125.10797,150,150
"MFU","52193","1056","d1","1","Tactostoma macropus",4570,"61-6",44.396315,-125.10797,150,150
"MFU","52193","1056","d1","1","Tarletonbeania crenularis",0,"61-6",44.396315,-125.10797,150,150
"MFU","52193","1056","d1","1","Tarletonbeania crenularis",6428,"61-6",44.396315,-125.10797,150,150
"MFU","52193","1056","d1","1","Thaleichthys pacificus",0,"61-6",44.396315,-125.10797,150,150
"MFU","52193","1056","d1","1","Trachurus symmetricus",0,"61-6",44.396315,-125.10797,150,150
"MFU","52193","1056","d1","1","Trachurus symmetricus",0,"61-6",44.396315,-125.10797,150,150
"MFU","52193","1060","d1","1","Clupea pallasii",0,"61-6",44.396315,-125.10797,50,50
"MFU","52193","1060","d1","1","Engraulis mordax",45887,"61-6",44.396315,-125.10797,50,50
"MFU","52193","1060","d1","1","Leuroglossus stilbius",0,"61-6",44.396315,-125.10797,50,50
"MFU","52193","1060","d1","1","Merluccius productus",0,"61-6",44.396315,-125.10797,50,50
"MFU","52193","1060","d1","1","Merluccius productus",0,"61-6",44.396315,-125.10797,50,50
"MFU","52193","1060","d1","1","Microstomus pacificus",0,"61-6",44.396315,-125.10797,50,50
"MFU","52193","1060","d1","1","Sardinops sagax",0,"61-6",44.396315,-125.10797,50,50
"MFU","52193","1060","d1","1","Scomber japonicus",47407,"61-6",44.396315,-125.10797,50,50
"MFU","52193","1060","d1","1","Sebastes entomelas",0,"61-6",44.396315,-125.10797,50,50
"MFU","52193","1060","d1","1","Stenobrachius leucopsarus",0,"61-6",44.396315,-125.10797,50,50
"MFU","52193","1060","d1","1","Stenobrachius leucopsarus",11674,"61-6",44.396315,-125.10797,50,50
"MFU","52193","1060","d1","1","Tactostoma macropus",8364,"61-6",44.396315,-125.10797,50,50
"MFU","52193","1060","d1","1","Tarletonbeania crenularis",0,"61-6",44.396315,-125.10797,50,50
"MFU","52193","1060","d1","1","Tarletonbeania crenularis",10388,"61-6",44.396315,-125.10797,50,50
"MFU","52193","1060","d1","1","Thaleichthys pacificus",0,"61-6",44.396315,-125.10797,50,50
"MFU","52193","1060","d1","1","Trachurus symmetricus",0,"61-6",44.396315,-125.10797,50,50
"MFU","52193","1060","d1","1","Trachurus symmetricus",0,"61-6",44.396315,-125.10797,50,50
"MFU","52193","1062","d10","1","Clupea pallasii",0,"61-6",44.396315,-125.10797,0,0
"MFU","52193","1062","d10","1","Engraulis mordax",673,"61-6",44.396315,-125.10797,0,0
"MFU","52193","1062","d10","1","Leuroglossus stilbius",0,"61-6",44.396315,-125.10797,0,0
"MFU","52193","1062","d10","1","Merluccius productus",247,"61-6",44.396315,-125.10797,0,0
"MFU","52193","1062","d10","1","Merluccius productus",0,"61-6",44.396315,-125.10797,0,0
"MFU","52193","1062","d10","1","Microstomus pacificus",0,"61-6",44.396315,-125.10797,0,0
"MFU","52193","1062","d10","1","Sardinops sagax",459,"61-6",44.396315,-125.10797,0,0
"MFU","52193","1062","d10","1","Scomber japonicus",230,"61-6",44.396315,-125.10797,0,0
"MFU","52193","1062","d10","1","Sebastes entomelas",0,"61-6",44.396315,-125.10797,0,0
"MFU","52193","1062","d10","1","Stenobrachius leucopsarus",0,"61-6",44.396315,-125.10797,0,0
"MFU","52193","1062","d10","1","Stenobrachius leucopsarus",0,"61-6",44.396315,-125.10797,0,0
"MFU","52193","1062","d10","1","Tactostoma macropus",0,"61-6",44.396315,-125.10797,0,0
"MFU","52193","1062","d10","1","Tarletonbeania crenularis",0,"61-6",44.396315,-125.10797,0,0
"MFU","52193","1062","d10","1","Tarletonbeania crenularis",488,"61-6",44.396315,-125.10797,0,0
"MFU","52193","1062","d10","1","Thaleichthys pacificus",63074,"61-6",44.396315,-125.10797,0,0
"MFU","52193","1062","d10","1","Trachurus symmetricus",0,"61-6",44.396315,-125.10797,0,0
"MFU","52193","1062","d10","1","Trachurus symmetricus",987,"61-6",44.396315,-125.10797,0,0
"MFU","52193","1064","d1","1","Clupea pallasii",0,"61-7",44.39741333,-125.2366517,500,500
"MFU","52193","1064","d1","1","Engraulis mordax",0,"61-7",44.39741333,-125.2366517,500,500
"MFU","52193","1064","d1","1","Leuroglossus stilbius",0,"61-7",44.39741333,-125.2366517,500,500
"MFU","52193","1064","d1","1","Merluccius productus",0,"61-7",44.39741333,-125.2366517,500,500
"MFU","52193","1064","d1","1","Merluccius productus",7788,"61-7",44.39741333,-125.2366517,500,500
"MFU","52193","1064","d1","1","Microstomus pacificus",0,"61-7",44.39741333,-125.2366517,500,500
"MFU","52193","1064","d1","1","Sardinops sagax",0,"61-7",44.39741333,-125.2366517,500,500
"MFU","52193","1064","d1","1","Scomber japonicus",0,"61-7",44.39741333,-125.2366517,500,500
"MFU","52193","1064","d1","1","Sebastes entomelas",0,"61-7",44.39741333,-125.2366517,500,500
"MFU","52193","1064","d1","1","Stenobrachius leucopsarus",0,"61-7",44.39741333,-125.2366517,500,500
"MFU","52193","1064","d1","1","Stenobrachius leucopsarus",0,"61-7",44.39741333,-125.2366517,500,500
"MFU","52193","1064","d1","1","Tactostoma macropus",2038,"61-7",44.39741333,-125.2366517,500,500
"MFU","52193","1064","d1","1","Tarletonbeania crenularis",0,"61-7",44.39741333,-125.2366517,500,500
"MFU","52193","1064","d1","1","Tarletonbeania crenularis",723,"61-7",44.39741333,-125.2366517,500,500
"MFU","52193","1064","d1","1","Thaleichthys pacificus",0,"61-7",44.39741333,-125.2366517,500,500
"MFU","52193","1064","d1","1","Trachurus symmetricus",0,"61-7",44.39741333,-125.2366517,500,500
"MFU","52193","1064","d1","1","Trachurus symmetricus",1001,"61-7",44.39741333,-125.2366517,500,500
"MFU","52193","1066","d1","1","Clupea pallasii",0,"61-7",44.39741333,-125.2366517,300,300
"MFU","52193","1066","d1","1","Engraulis mordax",0,"61-7",44.39741333,-125.2366517,300,300
"MFU","52193","1066","d1","1","Leuroglossus stilbius",0,"61-7",44.39741333,-125.2366517,300,300
"MFU","52193","1066","d1","1","Merluccius productus",0,"61-7",44.39741333,-125.2366517,300,300
"MFU","52193","1066","d1","1","Merluccius productus",0,"61-7",44.39741333,-125.2366517,300,300
"MFU","52193","1066","d1","1","Microstomus pacificus",0,"61-7",44.39741333,-125.2366517,300,300
"MFU","52193","1066","d1","1","Sardinops sagax",0,"61-7",44.39741333,-125.2366517,300,300
"MFU","52193","1066","d1","1","Scomber japonicus",0,"61-7",44.39741333,-125.2366517,300,300
"MFU","52193","1066","d1","1","Sebastes entomelas",0,"61-7",44.39741333,-125.2366517,300,300
"MFU","52193","1066","d1","1","Stenobrachius leucopsarus",0,"61-7",44.39741333,-125.2366517,300,300
"MFU","52193","1066","d1","1","Stenobrachius leucopsarus",0,"61-7",44.39741333,-125.2366517,300,300
"MFU","52193","1066","d1","1","Tactostoma macropus",0,"61-7",44.39741333,-125.2366517,300,300
"MFU","52193","1066","d1","1","Tarletonbeania crenularis",0,"61-7",44.39741333,-125.2366517,300,300
"MFU","52193","1066","d1","1","Tarletonbeania crenularis",0,"61-7",44.39741333,-125.2366517,300,300
"MFU","52193","1066","d1","1","Thaleichthys pacificus",0,"61-7",44.39741333,-125.2366517,300,300
"MFU","52193","1066","d1","1","Trachurus symmetricus",0,"61-7",44.39741333,-125.2366517,300,300
"MFU","52193","1066","d1","1","Trachurus symmetricus",0,"61-7",44.39741333,-125.2366517,300,300
"MFU","52193","1068","d1","1","Clupea pallasii",0,"61-7",44.39741333,-125.2366517,150,150
"MFU","52193","1068","d1","1","Engraulis mordax",6577,"61-7",44.39741333,-125.2366517,150,150
"MFU","52193","1068","d1","1","Leuroglossus stilbius",0,"61-7",44.39741333,-125.2366517,150,150
"MFU","52193","1068","d1","1","Merluccius productus",0,"61-7",44.39741333,-125.2366517,150,150
"MFU","52193","1068","d1","1","Merluccius productus",0,"61-7",44.39741333,-125.2366517,150,150
"MFU","52193","1068","d1","1","Microstomus pacificus",0,"61-7",44.39741333,-125.2366517,150,150
"MFU","52193","1068","d1","1","Sardinops sagax",0,"61-7",44.39741333,-125.2366517,150,150
"MFU","52193","1068","d1","1","Scomber japonicus",4284,"61-7",44.39741333,-125.2366517,150,150
"MFU","52193","1068","d1","1","Sebastes entomelas",0,"61-7",44.39741333,-125.2366517,150,150
"MFU","52193","1068","d1","1","Stenobrachius leucopsarus",0,"61-7",44.39741333,-125.2366517,150,150
"MFU","52193","1068","d1","1","Stenobrachius leucopsarus",0,"61-7",44.39741333,-125.2366517,150,150
"MFU","52193","1068","d1","1","Tactostoma macropus",0,"61-7",44.39741333,-125.2366517,150,150
"MFU","52193","1068","d1","1","Tarletonbeania crenularis",0,"61-7",44.39741333,-125.2366517,150,150
"MFU","52193","1068","d1","1","Tarletonbeania crenularis",13592,"61-7",44.39741333,-125.2366517,150,150
"MFU","52193","1068","d1","1","Thaleichthys pacificus",0,"61-7",44.39741333,-125.2366517,150,150
"MFU","52193","1068","d1","1","Trachurus symmetricus",0,"61-7",44.39741333,-125.2366517,150,150
"MFU","52193","1068","d1","1","Trachurus symmetricus",0,"61-7",44.39741333,-125.2366517,150,150
"MFU","52193","1072","d1","1","Clupea pallasii",0,"61-7",44.39741333,-125.2366517,50,50
"MFU","52193","1072","d1","1","Engraulis mordax",2248,"61-7",44.39741333,-125.2366517,50,50
"MFU","52193","1072","d1","1","Leuroglossus stilbius",0,"61-7",44.39741333,-125.2366517,50,50
"MFU","52193","1072","d1","1","Merluccius productus",0,"61-7",44.39741333,-125.2366517,50,50
"MFU","52193","1072","d1","1","Merluccius productus",0,"61-7",44.39741333,-125.2366517,50,50
"MFU","52193","1072","d1","1","Microstomus pacificus",0,"61-7",44.39741333,-125.2366517,50,50
"MFU","52193","1072","d1","1","Sardinops sagax",0,"61-7",44.39741333,-125.2366517,50,50
"MFU","52193","1072","d1","1","Scomber japonicus",2217,"61-7",44.39741333,-125.2366517,50,50
"MFU","52193","1072","d1","1","Sebastes entomelas",0,"61-7",44.39741333,-125.2366517,50,50
"MFU","52193","1072","d1","1","Stenobrachius leucopsarus",0,"61-7",44.39741333,-125.2366517,50,50
"MFU","52193","1072","d1","1","Stenobrachius leucopsarus",4393,"61-7",44.39741333,-125.2366517,50,50
"MFU","52193","1072","d1","1","Tactostoma macropus",0,"61-7",44.39741333,-125.2366517,50,50
"MFU","52193","1072","d1","1","Tarletonbeania crenularis",0,"61-7",44.39741333,-125.2366517,50,50
"MFU","52193","1072","d1","1","Tarletonbeania crenularis",1776,"61-7",44.39741333,-125.2366517,50,50
"MFU","52193","1072","d1","1","Thaleichthys pacificus",0,"61-7",44.39741333,-125.2366517,50,50
"MFU","52193","1072","d1","1","Trachurus symmetricus",0,"61-7",44.39741333,-125.2366517,50,50
"MFU","52193","1072","d1","1","Trachurus symmetricus",4940,"61-7",44.39741333,-125.2366517,50,50
"MFU","52193","1075","d5","1","Clupea pallasii",0,"61-7",44.39741333,-125.2366517,0,0
"MFU","52193","1075","d5","1","Engraulis mordax",193826,"61-7",44.39741333,-125.2366517,0,0
"MFU","52193","1075","d5","1","Leuroglossus stilbius",0,"61-7",44.39741333,-125.2366517,0,0
"MFU","52193","1075","d5","1","Merluccius productus",0,"61-7",44.39741333,-125.2366517,0,0
"MFU","52193","1075","d5","1","Merluccius productus",0,"61-7",44.39741333,-125.2366517,0,0
"MFU","52193","1075","d5","1","Microstomus pacificus",0,"61-7",44.39741333,-125.2366517,0,0
"MFU","52193","1075","d5","1","Sardinops sagax",0,"61-7",44.39741333,-125.2366517,0,0
"MFU","52193","1075","d5","1","Scomber japonicus",0,"61-7",44.39741333,-125.2366517,0,0
"MFU","52193","1075","d5","1","Sebastes entomelas",0,"61-7",44.39741333,-125.2366517,0,0
"MFU","52193","1075","d5","1","Stenobrachius leucopsarus",0,"61-7",44.39741333,-125.2366517,0,0
"MFU","52193","1075","d5","1","Stenobrachius leucopsarus",0,"61-7",44.39741333,-125.2366517,0,0
"MFU","52193","1075","d5","1","Tactostoma macropus",2608,"61-7",44.39741333,-125.2366517,0,0
"MFU","52193","1075","d5","1","Tarletonbeania crenularis",0,"61-7",44.39741333,-125.2366517,0,0
"MFU","52193","1075","d5","1","Tarletonbeania crenularis",0,"61-7",44.39741333,-125.2366517,0,0
"MFU","52193","1075","d5","1","Thaleichthys pacificus",24990,"61-7",44.39741333,-125.2366517,0,0
"MFU","52193","1075","d5","1","Trachurus symmetricus",0,"61-7",44.39741333,-125.2366517,0,0
"MFU","52193","1075","d5","1","Trachurus symmetricus",0,"61-7",44.39741333,-125.2366517,0,0
"MFU","52193","1077","d10","1","Clupea pallasii",0,"65-7",45.06342667,-125.1028033,500,500
"MFU","52193","1077","d10","1","Engraulis mordax",0,"65-7",45.06342667,-125.1028033,500,500
"MFU","52193","1077","d10","1","Leuroglossus stilbius",0,"65-7",45.06342667,-125.1028033,500,500
"MFU","52193","1077","d10","1","Merluccius productus",0,"65-7",45.06342667,-125.1028033,500,500
"MFU","52193","1077","d10","1","Merluccius productus",0,"65-7",45.06342667,-125.1028033,500,500
"MFU","52193","1077","d10","1","Microstomus pacificus",0,"65-7",45.06342667,-125.1028033,500,500
"MFU","52193","1077","d10","1","Sardinops sagax",0,"65-7",45.06342667,-125.1028033,500,500
"MFU","52193","1077","d10","1","Scomber japonicus",0,"65-7",45.06342667,-125.1028033,500,500
"MFU","52193","1077","d10","1","Sebastes entomelas",0,"65-7",45.06342667,-125.1028033,500,500
"MFU","52193","1077","d10","1","Stenobrachius leucopsarus",0,"65-7",45.06342667,-125.1028033,500,500
"MFU","52193","1077","d10","1","Stenobrachius leucopsarus",0,"65-7",45.06342667,-125.1028033,500,500
"MFU","52193","1077","d10","1","Tactostoma macropus",0,"65-7",45.06342667,-125.1028033,500,500
"MFU","52193","1077","d10","1","Tarletonbeania crenularis",0,"65-7",45.06342667,-125.1028033,500,500
"MFU","52193","1077","d10","1","Tarletonbeania crenularis",0,"65-7",45.06342667,-125.1028033,500,500
"MFU","52193","1077","d10","1","Thaleichthys pacificus",0,"65-7",45.06342667,-125.1028033,500,500
"MFU","52193","1077","d10","1","Trachurus symmetricus",0,"65-7",45.06342667,-125.1028033,500,500
"MFU","52193","1077","d10","1","Trachurus symmetricus",0,"65-7",45.06342667,-125.1028033,500,500
"MFU","52193","1079","d1","1","Clupea pallasii",0,"65-7",45.06342667,-125.1028033,300,300
"MFU","52193","1079","d1","1","Engraulis mordax",0,"65-7",45.06342667,-125.1028033,300,300
"MFU","52193","1079","d1","1","Leuroglossus stilbius",0,"65-7",45.06342667,-125.1028033,300,300
"MFU","52193","1079","d1","1","Merluccius productus",0,"65-7",45.06342667,-125.1028033,300,300
"MFU","52193","1079","d1","1","Merluccius productus",8915,"65-7",45.06342667,-125.1028033,300,300
"MFU","52193","1079","d1","1","Microstomus pacificus",0,"65-7",45.06342667,-125.1028033,300,300
"MFU","52193","1079","d1","1","Sardinops sagax",0,"65-7",45.06342667,-125.1028033,300,300
"MFU","52193","1079","d1","1","Scomber japonicus",0,"65-7",45.06342667,-125.1028033,300,300
"MFU","52193","1079","d1","1","Sebastes entomelas",0,"65-7",45.06342667,-125.1028033,300,300
"MFU","52193","1079","d1","1","Stenobrachius leucopsarus",0,"65-7",45.06342667,-125.1028033,300,300
"MFU","52193","1079","d1","1","Stenobrachius leucopsarus",0,"65-7",45.06342667,-125.1028033,300,300
"MFU","52193","1079","d1","1","Tactostoma macropus",0,"65-7",45.06342667,-125.1028033,300,300
"MFU","52193","1079","d1","1","Tarletonbeania crenularis",0,"65-7",45.06342667,-125.1028033,300,300
"MFU","52193","1079","d1","1","Tarletonbeania crenularis",1487,"65-7",45.06342667,-125.1028033,300,300
"MFU","52193","1079","d1","1","Thaleichthys pacificus",0,"65-7",45.06342667,-125.1028033,300,300
"MFU","52193","1079","d1","1","Trachurus symmetricus",0,"65-7",45.06342667,-125.1028033,300,300
"MFU","52193","1079","d1","1","Trachurus symmetricus",0,"65-7",45.06342667,-125.1028033,300,300
"MFU","52193","108","d1","1","Clupea pallasii",0,"27-4",38.73135,-123.861485,500,500
"MFU","52193","108","d1","1","Engraulis mordax",0,"27-4",38.73135,-123.861485,500,500
"MFU","52193","108","d1","1","Leuroglossus stilbius",10579,"27-4",38.73135,-123.861485,500,500
"MFU","52193","108","d1","1","Merluccius productus",53164,"27-4",38.73135,-123.861485,500,500
"MFU","52193","108","d1","1","Merluccius productus",161587,"27-4",38.73135,-123.861485,500,500
"MFU","52193","108","d1","1","Microstomus pacificus",20148,"27-4",38.73135,-123.861485,500,500
"MFU","52193","108","d1","1","Sardinops sagax",0,"27-4",38.73135,-123.861485,500,500
"MFU","52193","108","d1","1","Scomber japonicus",0,"27-4",38.73135,-123.861485,500,500
"MFU","52193","108","d1","1","Sebastes entomelas",0,"27-4",38.73135,-123.861485,500,500
"MFU","52193","108","d1","1","Stenobrachius leucopsarus",0,"27-4",38.73135,-123.861485,500,500
"MFU","52193","108","d1","1","Stenobrachius leucopsarus",11868,"27-4",38.73135,-123.861485,500,500
"MFU","52193","108","d1","1","Tactostoma macropus",0,"27-4",38.73135,-123.861485,500,500
"MFU","52193","108","d1","1","Tarletonbeania crenularis",0,"27-4",38.73135,-123.861485,500,500
"MFU","52193","108","d1","1","Tarletonbeania crenularis",0,"27-4",38.73135,-123.861485,500,500
"MFU","52193","108","d1","1","Thaleichthys pacificus",0,"27-4",38.73135,-123.861485,500,500
"MFU","52193","108","d1","1","Trachurus symmetricus",0,"27-4",38.73135,-123.861485,500,500
"MFU","52193","108","d1","1","Trachurus symmetricus",0,"27-4",38.73135,-123.861485,500,500
"MFU","52193","1081","d1","1","Clupea pallasii",0,"65-7",45.06342667,-125.1028033,150,150
"MFU","52193","1081","d1","1","Engraulis mordax",0,"65-7",45.06342667,-125.1028033,150,150
"MFU","52193","1081","d1","1","Leuroglossus stilbius",0,"65-7",45.06342667,-125.1028033,150,150
"MFU","52193","1081","d1","1","Merluccius productus",0,"65-7",45.06342667,-125.1028033,150,150
"MFU","52193","1081","d1","1","Merluccius productus",0,"65-7",45.06342667,-125.1028033,150,150
"MFU","52193","1081","d1","1","Microstomus pacificus",0,"65-7",45.06342667,-125.1028033,150,150
"MFU","52193","1081","d1","1","Sardinops sagax",0,"65-7",45.06342667,-125.1028033,150,150
"MFU","52193","1081","d1","1","Scomber japonicus",0,"65-7",45.06342667,-125.1028033,150,150
"MFU","52193","1081","d1","1","Sebastes entomelas",0,"65-7",45.06342667,-125.1028033,150,150
"MFU","52193","1081","d1","1","Stenobrachius leucopsarus",0,"65-7",45.06342667,-125.1028033,150,150
"MFU","52193","1081","d1","1","Stenobrachius leucopsarus",3517,"65-7",45.06342667,-125.1028033,150,150
"MFU","52193","1081","d1","1","Tactostoma macropus",0,"65-7",45.06342667,-125.1028033,150,150
"MFU","52193","1081","d1","1","Tarletonbeania crenularis",0,"65-7",45.06342667,-125.1028033,150,150
"MFU","52193","1081","d1","1","Tarletonbeania crenularis",14108,"65-7",45.06342667,-125.1028033,150,150
"MFU","52193","1081","d1","1","Thaleichthys pacificus",0,"65-7",45.06342667,-125.1028033,150,150
"MFU","52193","1081","d1","1","Trachurus symmetricus",0,"65-7",45.06342667,-125.1028033,150,150
"MFU","52193","1081","d1","1","Trachurus symmetricus",0,"65-7",45.06342667,-125.1028033,150,150
"MFU","52193","1085","d10","1","Clupea pallasii",0,"65-7",45.06342667,-125.1028033,50,50
"MFU","52193","1085","d10","1","Engraulis mordax",0,"65-7",45.06342667,-125.1028033,50,50
"MFU","52193","1085","d10","1","Leuroglossus stilbius",0,"65-7",45.06342667,-125.1028033,50,50
"MFU","52193","1085","d10","1","Merluccius productus",0,"65-7",45.06342667,-125.1028033,50,50
"MFU","52193","1085","d10","1","Merluccius productus",25701,"65-7",45.06342667,-125.1028033,50,50
"MFU","52193","1085","d10","1","Microstomus pacificus",0,"65-7",45.06342667,-125.1028033,50,50
"MFU","52193","1085","d10","1","Sardinops sagax",0,"65-7",45.06342667,-125.1028033,50,50
"MFU","52193","1085","d10","1","Scomber japonicus",0,"65-7",45.06342667,-125.1028033,50,50
"MFU","52193","1085","d10","1","Sebastes entomelas",0,"65-7",45.06342667,-125.1028033,50,50
"MFU","52193","1085","d10","1","Stenobrachius leucopsarus",0,"65-7",45.06342667,-125.1028033,50,50
"MFU","52193","1085","d10","1","Stenobrachius leucopsarus",0,"65-7",45.06342667,-125.1028033,50,50
"MFU","52193","1085","d10","1","Tactostoma macropus",0,"65-7",45.06342667,-125.1028033,50,50
"MFU","52193","1085","d10","1","Tarletonbeania crenularis",0,"65-7",45.06342667,-125.1028033,50,50
"MFU","52193","1085","d10","1","Tarletonbeania crenularis",0,"65-7",45.06342667,-125.1028033,50,50
"MFU","52193","1085","d10","1","Thaleichthys pacificus",0,"65-7",45.06342667,-125.1028033,50,50
"MFU","52193","1085","d10","1","Trachurus symmetricus",0,"65-7",45.06342667,-125.1028033,50,50
"MFU","52193","1085","d10","1","Trachurus symmetricus",0,"65-7",45.06342667,-125.1028033,50,50
"MFU","52193","1088","d5","1","Clupea pallasii",0,"65-7",45.06342667,-125.1028033,0,0
"MFU","52193","1088","d5","1","Engraulis mordax",402649,"65-7",45.06342667,-125.1028033,0,0
"MFU","52193","1088","d5","1","Leuroglossus stilbius",0,"65-7",45.06342667,-125.1028033,0,0
"MFU","52193","1088","d5","1","Merluccius productus",0,"65-7",45.06342667,-125.1028033,0,0
"MFU","52193","1088","d5","1","Merluccius productus",0,"65-7",45.06342667,-125.1028033,0,0
"MFU","52193","1088","d5","1","Microstomus pacificus",0,"65-7",45.06342667,-125.1028033,0,0
"MFU","52193","1088","d5","1","Sardinops sagax",322,"65-7",45.06342667,-125.1028033,0,0
"MFU","52193","1088","d5","1","Scomber japonicus",0,"65-7",45.06342667,-125.1028033,0,0
"MFU","52193","1088","d5","1","Sebastes entomelas",0,"65-7",45.06342667,-125.1028033,0,0
"MFU","52193","1088","d5","1","Stenobrachius leucopsarus",0,"65-7",45.06342667,-125.1028033,0,0
"MFU","52193","1088","d5","1","Stenobrachius leucopsarus",0,"65-7",45.06342667,-125.1028033,0,0
"MFU","52193","1088","d5","1","Tactostoma macropus",5456,"65-7",45.06342667,-125.1028033,0,0
"MFU","52193","1088","d5","1","Tarletonbeania crenularis",0,"65-7",45.06342667,-125.1028033,0,0
"MFU","52193","1088","d5","1","Tarletonbeania crenularis",0,"65-7",45.06342667,-125.1028033,0,0
"MFU","52193","1088","d5","1","Thaleichthys pacificus",721,"65-7",45.06342667,-125.1028033,0,0
"MFU","52193","1088","d5","1","Trachurus symmetricus",0,"65-7",45.06342667,-125.1028033,0,0
"MFU","52193","1088","d5","1","Trachurus symmetricus",0,"65-7",45.06342667,-125.1028033,0,0
"MFU","52193","1089","d1","1","Clupea pallasii",0,"65-4",45.06441333,-124.750125,490,500
"MFU","52193","1089","d1","1","Engraulis mordax",0,"65-4",45.06441333,-124.750125,490,500
"MFU","52193","1089","d1","1","Leuroglossus stilbius",0,"65-4",45.06441333,-124.750125,490,500
"MFU","52193","1089","d1","1","Merluccius productus",2739,"65-4",45.06441333,-124.750125,490,500
"MFU","52193","1089","d1","1","Merluccius productus",10313,"65-4",45.06441333,-124.750125,490,500
"MFU","52193","1089","d1","1","Microstomus pacificus",2477,"65-4",45.06441333,-124.750125,490,500
"MFU","52193","1089","d1","1","Sardinops sagax",0,"65-4",45.06441333,-124.750125,490,500
"MFU","52193","1089","d1","1","Scomber japonicus",0,"65-4",45.06441333,-124.750125,490,500
"MFU","52193","1089","d1","1","Sebastes entomelas",0,"65-4",45.06441333,-124.750125,490,500
"MFU","52193","1089","d1","1","Stenobrachius leucopsarus",0,"65-4",45.06441333,-124.750125,490,500
"MFU","52193","1089","d1","1","Stenobrachius leucopsarus",3075,"65-4",45.06441333,-124.750125,490,500
"MFU","52193","1089","d1","1","Tactostoma macropus",0,"65-4",45.06441333,-124.750125,490,500
"MFU","52193","1089","d1","1","Tarletonbeania crenularis",0,"65-4",45.06441333,-124.750125,490,500
"MFU","52193","1089","d1","1","Tarletonbeania crenularis",2410,"65-4",45.06441333,-124.750125,490,500
"MFU","52193","1089","d1","1","Thaleichthys pacificus",0,"65-4",45.06441333,-124.750125,490,500
"MFU","52193","1089","d1","1","Trachurus symmetricus",0,"65-4",45.06441333,-124.750125,490,500
"MFU","52193","1089","d1","1","Trachurus symmetricus",0,"65-4",45.06441333,-124.750125,490,500
"MFU","52193","1091","d1","1","Clupea pallasii",0,"65-4",45.06441333,-124.750125,300,300
"MFU","52193","1091","d1","1","Engraulis mordax",0,"65-4",45.06441333,-124.750125,300,300
"MFU","52193","1091","d1","1","Leuroglossus stilbius",0,"65-4",45.06441333,-124.750125,300,300
"MFU","52193","1091","d1","1","Merluccius productus",0,"65-4",45.06441333,-124.750125,300,300
"MFU","52193","1091","d1","1","Merluccius productus",6896,"65-4",45.06441333,-124.750125,300,300
"MFU","52193","1091","d1","1","Microstomus pacificus",0,"65-4",45.06441333,-124.750125,300,300
"MFU","52193","1091","d1","1","Sardinops sagax",0,"65-4",45.06441333,-124.750125,300,300
"MFU","52193","1091","d1","1","Scomber japonicus",3097,"65-4",45.06441333,-124.750125,300,300
"MFU","52193","1091","d1","1","Sebastes entomelas",0,"65-4",45.06441333,-124.750125,300,300
"MFU","52193","1091","d1","1","Stenobrachius leucopsarus",0,"65-4",45.06441333,-124.750125,300,300
"MFU","52193","1091","d1","1","Stenobrachius leucopsarus",716,"65-4",45.06441333,-124.750125,300,300
"MFU","52193","1091","d1","1","Tactostoma macropus",0,"65-4",45.06441333,-124.750125,300,300
"MFU","52193","1091","d1","1","Tarletonbeania crenularis",0,"65-4",45.06441333,-124.750125,300,300
"MFU","52193","1091","d1","1","Tarletonbeania crenularis",12867,"65-4",45.06441333,-124.750125,300,300
"MFU","52193","1091","d1","1","Thaleichthys pacificus",0,"65-4",45.06441333,-124.750125,300,300
"MFU","52193","1091","d1","1","Trachurus symmetricus",0,"65-4",45.06441333,-124.750125,300,300
"MFU","52193","1091","d1","1","Trachurus symmetricus",819,"65-4",45.06441333,-124.750125,300,300
"MFU","52193","1093","d1","1","Clupea pallasii",0,"65-4",45.06441333,-124.750125,150,150
"MFU","52193","1093","d1","1","Engraulis mordax",0,"65-4",45.06441333,-124.750125,150,150
"MFU","52193","1093","d1","1","Leuroglossus stilbius",0,"65-4",45.06441333,-124.750125,150,150
"MFU","52193","1093","d1","1","Merluccius productus",0,"65-4",45.06441333,-124.750125,150,150
"MFU","52193","1093","d1","1","Merluccius productus",83,"65-4",45.06441333,-124.750125,150,150
"MFU","52193","1093","d1","1","Microstomus pacificus",0,"65-4",45.06441333,-124.750125,150,150
"MFU","52193","1093","d1","1","Sardinops sagax",0,"65-4",45.06441333,-124.750125,150,150
"MFU","52193","1093","d1","1","Scomber japonicus",0,"65-4",45.06441333,-124.750125,150,150
"MFU","52193","1093","d1","1","Sebastes entomelas",0,"65-4",45.06441333,-124.750125,150,150
"MFU","52193","1093","d1","1","Stenobrachius leucopsarus",0,"65-4",45.06441333,-124.750125,150,150
"MFU","52193","1093","d1","1","Stenobrachius leucopsarus",0,"65-4",45.06441333,-124.750125,150,150
"MFU","52193","1093","d1","1","Tactostoma macropus",0,"65-4",45.06441333,-124.750125,150,150
"MFU","52193","1093","d1","1","Tarletonbeania crenularis",0,"65-4",45.06441333,-124.750125,150,150
"MFU","52193","1093","d1","1","Tarletonbeania crenularis",0,"65-4",45.06441333,-124.750125,150,150
"MFU","52193","1093","d1","1","Thaleichthys pacificus",0,"65-4",45.06441333,-124.750125,150,150
"MFU","52193","1093","d1","1","Trachurus symmetricus",0,"65-4",45.06441333,-124.750125,150,150
"MFU","52193","1093","d1","1","Trachurus symmetricus",0,"65-4",45.06441333,-124.750125,150,150
"MFU","52193","1093","d10","1","Clupea pallasii",0,"65-4",45.06441333,-124.750125,150,150
"MFU","52193","1093","d10","1","Engraulis mordax",0,"65-4",45.06441333,-124.750125,150,150
"MFU","52193","1093","d10","1","Leuroglossus stilbius",0,"65-4",45.06441333,-124.750125,150,150
"MFU","52193","1093","d10","1","Merluccius productus",0,"65-4",45.06441333,-124.750125,150,150
"MFU","52193","1093","d10","1","Merluccius productus",34,"65-4",45.06441333,-124.750125,150,150
"MFU","52193","1093","d10","1","Microstomus pacificus",0,"65-4",45.06441333,-124.750125,150,150
"MFU","52193","1093","d10","1","Sardinops sagax",0,"65-4",45.06441333,-124.750125,150,150
"MFU","52193","1093","d10","1","Scomber japonicus",0,"65-4",45.06441333,-124.750125,150,150
"MFU","52193","1093","d10","1","Sebastes entomelas",0,"65-4",45.06441333,-124.750125,150,150
"MFU","52193","1093","d10","1","Stenobrachius leucopsarus",0,"65-4",45.06441333,-124.750125,150,150
"MFU","52193","1093","d10","1","Stenobrachius leucopsarus",0,"65-4",45.06441333,-124.750125,150,150
"MFU","52193","1093","d10","1","Tactostoma macropus",0,"65-4",45.06441333,-124.750125,150,150
"MFU","52193","1093","d10","1","Tarletonbeania crenularis",0,"65-4",45.06441333,-124.750125,150,150
"MFU","52193","1093","d10","1","Tarletonbeania crenularis",0,"65-4",45.06441333,-124.750125,150,150
"MFU","52193","1093","d10","1","Thaleichthys pacificus",0,"65-4",45.06441333,-124.750125,150,150
"MFU","52193","1093","d10","1","Trachurus symmetricus",0,"65-4",45.06441333,-124.750125,150,150
"MFU","52193","1093","d10","1","Trachurus symmetricus",0,"65-4",45.06441333,-124.750125,150,150
"MFU","52193","1097","d10","1","Clupea pallasii",0,"65-4",45.06441333,-124.750125,50,50
"MFU","52193","1097","d10","1","Engraulis mordax",15039,"65-4",45.06441333,-124.750125,50,50
"MFU","52193","1097","d10","1","Leuroglossus stilbius",0,"65-4",45.06441333,-124.750125,50,50
"MFU","52193","1097","d10","1","Merluccius productus",0,"65-4",45.06441333,-124.750125,50,50
"MFU","52193","1097","d10","1","Merluccius productus",0,"65-4",45.06441333,-124.750125,50,50
"MFU","52193","1097","d10","1","Microstomus pacificus",0,"65-4",45.06441333,-124.750125,50,50
"MFU","52193","1097","d10","1","Sardinops sagax",0,"65-4",45.06441333,-124.750125,50,50
"MFU","52193","1097","d10","1","Scomber japonicus",0,"65-4",45.06441333,-124.750125,50,50
"MFU","52193","1097","d10","1","Sebastes entomelas",0,"65-4",45.06441333,-124.750125,50,50
"MFU","52193","1097","d10","1","Stenobrachius leucopsarus",0,"65-4",45.06441333,-124.750125,50,50
"MFU","52193","1097","d10","1","Stenobrachius leucopsarus",12764,"65-4",45.06441333,-124.750125,50,50
"MFU","52193","1097","d10","1","Tactostoma macropus",0,"65-4",45.06441333,-124.750125,50,50
"MFU","52193","1097","d10","1","Tarletonbeania crenularis",0,"65-4",45.06441333,-124.750125,50,50
"MFU","52193","1097","d10","1","Tarletonbeania crenularis",93348,"65-4",45.06441333,-124.750125,50,50
"MFU","52193","1097","d10","1","Thaleichthys pacificus",0,"65-4",45.06441333,-124.750125,50,50
"MFU","52193","1097","d10","1","Trachurus symmetricus",0,"65-4",45.06441333,-124.750125,50,50
"MFU","52193","1097","d10","1","Trachurus symmetricus",0,"65-4",45.06441333,-124.750125,50,50
"MFU","52193","1099","d10","1","Clupea pallasii",0,"65-4",45.06441333,-124.750125,0,0
"MFU","52193","1099","d10","1","Engraulis mordax",1256,"65-4",45.06441333,-124.750125,0,0
"MFU","52193","1099","d10","1","Leuroglossus stilbius",0,"65-4",45.06441333,-124.750125,0,0
"MFU","52193","1099","d10","1","Merluccius productus",0,"65-4",45.06441333,-124.750125,0,0
"MFU","52193","1099","d10","1","Merluccius productus",0,"65-4",45.06441333,-124.750125,0,0
"MFU","52193","1099","d10","1","Microstomus pacificus",0,"65-4",45.06441333,-124.750125,0,0
"MFU","52193","1099","d10","1","Sardinops sagax",0,"65-4",45.06441333,-124.750125,0,0
"MFU","52193","1099","d10","1","Scomber japonicus",0,"65-4",45.06441333,-124.750125,0,0
"MFU","52193","1099","d10","1","Sebastes entomelas",0,"65-4",45.06441333,-124.750125,0,0
"MFU","52193","1099","d10","1","Stenobrachius leucopsarus",0,"65-4",45.06441333,-124.750125,0,0
"MFU","52193","1099","d10","1","Stenobrachius leucopsarus",0,"65-4",45.06441333,-124.750125,0,0
"MFU","52193","1099","d10","1","Tactostoma macropus",0,"65-4",45.06441333,-124.750125,0,0
"MFU","52193","1099","d10","1","Tarletonbeania crenularis",0,"65-4",45.06441333,-124.750125,0,0
"MFU","52193","1099","d10","1","Tarletonbeania crenularis",0,"65-4",45.06441333,-124.750125,0,0
"MFU","52193","1099","d10","1","Thaleichthys pacificus",0,"65-4",45.06441333,-124.750125,0,0
"MFU","52193","1099","d10","1","Trachurus symmetricus",0,"65-4",45.06441333,-124.750125,0,0
"MFU","52193","1099","d10","1","Trachurus symmetricus",0,"65-4",45.06441333,-124.750125,0,0
"MFU","52193","110","d1","1","Clupea pallasii",0,"27-4",38.73135,-123.861485,300,300
"MFU","52193","110","d1","1","Engraulis mordax",0,"27-4",38.73135,-123.861485,300,300
"MFU","52193","110","d1","1","Leuroglossus stilbius",0,"27-4",38.73135,-123.861485,300,300
"MFU","52193","110","d1","1","Merluccius productus",17126,"27-4",38.73135,-123.861485,300,300
"MFU","52193","110","d1","1","Merluccius productus",57536,"27-4",38.73135,-123.861485,300,300
"MFU","52193","110","d1","1","Microstomus pacificus",1678,"27-4",38.73135,-123.861485,300,300
"MFU","52193","110","d1","1","Sardinops sagax",2494,"27-4",38.73135,-123.861485,300,300
"MFU","52193","110","d1","1","Scomber japonicus",0,"27-4",38.73135,-123.861485,300,300
"MFU","52193","110","d1","1","Sebastes entomelas",0,"27-4",38.73135,-123.861485,300,300
"MFU","52193","110","d1","1","Stenobrachius leucopsarus",0,"27-4",38.73135,-123.861485,300,300
"MFU","52193","110","d1","1","Stenobrachius leucopsarus",13288,"27-4",38.73135,-123.861485,300,300
"MFU","52193","110","d1","1","Tactostoma macropus",0,"27-4",38.73135,-123.861485,300,300
"MFU","52193","110","d1","1","Tarletonbeania crenularis",0,"27-4",38.73135,-123.861485,300,300
"MFU","52193","110","d1","1","Tarletonbeania crenularis",0,"27-4",38.73135,-123.861485,300,300
"MFU","52193","110","d1","1","Thaleichthys pacificus",0,"27-4",38.73135,-123.861485,300,300
"MFU","52193","110","d1","1","Trachurus symmetricus",0,"27-4",38.73135,-123.861485,300,300
"MFU","52193","110","d1","1","Trachurus symmetricus",0,"27-4",38.73135,-123.861485,300,300
"MFU","52193","1107","d1","1","Clupea pallasii",0,"65-3",45.06386833,-124.4102067,50,50
"MFU","52193","1107","d1","1","Engraulis mordax",9440,"65-3",45.06386833,-124.4102067,50,50
"MFU","52193","1107","d1","1","Leuroglossus stilbius",0,"65-3",45.06386833,-124.4102067,50,50
"MFU","52193","1107","d1","1","Merluccius productus",0,"65-3",45.06386833,-124.4102067,50,50
"MFU","52193","1107","d1","1","Merluccius productus",0,"65-3",45.06386833,-124.4102067,50,50
"MFU","52193","1107","d1","1","Microstomus pacificus",0,"65-3",45.06386833,-124.4102067,50,50
"MFU","52193","1107","d1","1","Sardinops sagax",0,"65-3",45.06386833,-124.4102067,50,50
"MFU","52193","1107","d1","1","Scomber japonicus",0,"65-3",45.06386833,-124.4102067,50,50
"MFU","52193","1107","d1","1","Sebastes entomelas",0,"65-3",45.06386833,-124.4102067,50,50
"MFU","52193","1107","d1","1","Stenobrachius leucopsarus",0,"65-3",45.06386833,-124.4102067,50,50
"MFU","52193","1107","d1","1","Stenobrachius leucopsarus",6744,"65-3",45.06386833,-124.4102067,50,50
"MFU","52193","1107","d1","1","Tactostoma macropus",0,"65-3",45.06386833,-124.4102067,50,50
"MFU","52193","1107","d1","1","Tarletonbeania crenularis",0,"65-3",45.06386833,-124.4102067,50,50
"MFU","52193","1107","d1","1","Tarletonbeania crenularis",4207,"65-3",45.06386833,-124.4102067,50,50
"MFU","52193","1107","d1","1","Thaleichthys pacificus",0,"65-3",45.06386833,-124.4102067,50,50
"MFU","52193","1107","d1","1","Trachurus symmetricus",0,"65-3",45.06386833,-124.4102067,50,50
"MFU","52193","1107","d1","1","Trachurus symmetricus",4753,"65-3",45.06386833,-124.4102067,50,50
"MFU","52193","1109","d10","1","Clupea pallasii",0,"65-3",45.06386833,-124.4102067,0,0
"MFU","52193","1109","d10","1","Engraulis mordax",2401,"65-3",45.06386833,-124.4102067,0,0
"MFU","52193","1109","d10","1","Leuroglossus stilbius",0,"65-3",45.06386833,-124.4102067,0,0
"MFU","52193","1109","d10","1","Merluccius productus",0,"65-3",45.06386833,-124.4102067,0,0
"MFU","52193","1109","d10","1","Merluccius productus",0,"65-3",45.06386833,-124.4102067,0,0
"MFU","52193","1109","d10","1","Microstomus pacificus",0,"65-3",45.06386833,-124.4102067,0,0
"MFU","52193","1109","d10","1","Sardinops sagax",831,"65-3",45.06386833,-124.4102067,0,0
"MFU","52193","1109","d10","1","Scomber japonicus",0,"65-3",45.06386833,-124.4102067,0,0
"MFU","52193","1109","d10","1","Sebastes entomelas",0,"65-3",45.06386833,-124.4102067,0,0
"MFU","52193","1109","d10","1","Stenobrachius leucopsarus",0,"65-3",45.06386833,-124.4102067,0,0
"MFU","52193","1109","d10","1","Stenobrachius leucopsarus",38,"65-3",45.06386833,-124.4102067,0,0
"MFU","52193","1109","d10","1","Tactostoma macropus",0,"65-3",45.06386833,-124.4102067,0,0
"MFU","52193","1109","d10","1","Tarletonbeania crenularis",0,"65-3",45.06386833,-124.4102067,0,0
"MFU","52193","1109","d10","1","Tarletonbeania crenularis",0,"65-3",45.06386833,-124.4102067,0,0
"MFU","52193","1109","d10","1","Thaleichthys pacificus",307,"65-3",45.06386833,-124.4102067,0,0
"MFU","52193","1109","d10","1","Trachurus symmetricus",0,"65-3",45.06386833,-124.4102067,0,0
"MFU","52193","1109","d10","1","Trachurus symmetricus",0,"65-3",45.06386833,-124.4102067,0,0
"MFU","52193","1115","d1","1","Clupea pallasii",0,"65-2",45.06319167,-124.2244217,50,50
"MFU","52193","1115","d1","1","Engraulis mordax",0,"65-2",45.06319167,-124.2244217,50,50
"MFU","52193","1115","d1","1","Leuroglossus stilbius",0,"65-2",45.06319167,-124.2244217,50,50
"MFU","52193","1115","d1","1","Merluccius productus",0,"65-2",45.06319167,-124.2244217,50,50
"MFU","52193","1115","d1","1","Merluccius productus",2496,"65-2",45.06319167,-124.2244217,50,50
"MFU","52193","1115","d1","1","Microstomus pacificus",0,"65-2",45.06319167,-124.2244217,50,50
"MFU","52193","1115","d1","1","Sardinops sagax",1273,"65-2",45.06319167,-124.2244217,50,50
"MFU","52193","1115","d1","1","Scomber japonicus",0,"65-2",45.06319167,-124.2244217,50,50
"MFU","52193","1115","d1","1","Sebastes entomelas",2503,"65-2",45.06319167,-124.2244217,50,50
"MFU","52193","1115","d1","1","Stenobrachius leucopsarus",0,"65-2",45.06319167,-124.2244217,50,50
"MFU","52193","1115","d1","1","Stenobrachius leucopsarus",0,"65-2",45.06319167,-124.2244217,50,50
"MFU","52193","1115","d1","1","Tactostoma macropus",0,"65-2",45.06319167,-124.2244217,50,50
"MFU","52193","1115","d1","1","Tarletonbeania crenularis",0,"65-2",45.06319167,-124.2244217,50,50
"MFU","52193","1115","d1","1","Tarletonbeania crenularis",1219,"65-2",45.06319167,-124.2244217,50,50
"MFU","52193","1115","d1","1","Thaleichthys pacificus",0,"65-2",45.06319167,-124.2244217,50,50
"MFU","52193","1115","d1","1","Trachurus symmetricus",0,"65-2",45.06319167,-124.2244217,50,50
"MFU","52193","1115","d1","1","Trachurus symmetricus",0,"65-2",45.06319167,-124.2244217,50,50
"MFU","52193","1115","d10","1","Clupea pallasii",0,"65-2",45.06319167,-124.2244217,50,50
"MFU","52193","1115","d10","1","Engraulis mordax",0,"65-2",45.06319167,-124.2244217,50,50
"MFU","52193","1115","d10","1","Leuroglossus stilbius",0,"65-2",45.06319167,-124.2244217,50,50
"MFU","52193","1115","d10","1","Merluccius productus",0,"65-2",45.06319167,-124.2244217,50,50
"MFU","52193","1115","d10","1","Merluccius productus",0,"65-2",45.06319167,-124.2244217,50,50
"MFU","52193","1115","d10","1","Microstomus pacificus",0,"65-2",45.06319167,-124.2244217,50,50
"MFU","52193","1115","d10","1","Sardinops sagax",53,"65-2",45.06319167,-124.2244217,50,50
"MFU","52193","1115","d10","1","Scomber japonicus",0,"65-2",45.06319167,-124.2244217,50,50
"MFU","52193","1115","d10","1","Sebastes entomelas",0,"65-2",45.06319167,-124.2244217,50,50
"MFU","52193","1115","d10","1","Stenobrachius leucopsarus",0,"65-2",45.06319167,-124.2244217,50,50
"MFU","52193","1115","d10","1","Stenobrachius leucopsarus",0,"65-2",45.06319167,-124.2244217,50,50
"MFU","52193","1115","d10","1","Tactostoma macropus",0,"65-2",45.06319167,-124.2244217,50,50
"MFU","52193","1115","d10","1","Tarletonbeania crenularis",0,"65-2",45.06319167,-124.2244217,50,50
"MFU","52193","1115","d10","1","Tarletonbeania crenularis",0,"65-2",45.06319167,-124.2244217,50,50
"MFU","52193","1115","d10","1","Thaleichthys pacificus",0,"65-2",45.06319167,-124.2244217,50,50
"MFU","52193","1115","d10","1","Trachurus symmetricus",0,"65-2",45.06319167,-124.2244217,50,50
"MFU","52193","1115","d10","1","Trachurus symmetricus",0,"65-2",45.06319167,-124.2244217,50,50
"MFU","52193","1117","d5","1","Clupea pallasii",12825,"65-2",45.06319167,-124.2244217,0,0
"MFU","52193","1117","d5","1","Engraulis mordax",51171,"65-2",45.06319167,-124.2244217,0,0
"MFU","52193","1117","d5","1","Leuroglossus stilbius",0,"65-2",45.06319167,-124.2244217,0,0
"MFU","52193","1117","d5","1","Merluccius productus",0,"65-2",45.06319167,-124.2244217,0,0
"MFU","52193","1117","d5","1","Merluccius productus",4474,"65-2",45.06319167,-124.2244217,0,0
"MFU","52193","1117","d5","1","Microstomus pacificus",0,"65-2",45.06319167,-124.2244217,0,0
"MFU","52193","1117","d5","1","Sardinops sagax",1417,"65-2",45.06319167,-124.2244217,0,0
"MFU","52193","1117","d5","1","Scomber japonicus",0,"65-2",45.06319167,-124.2244217,0,0
"MFU","52193","1117","d5","1","Sebastes entomelas",0,"65-2",45.06319167,-124.2244217,0,0
"MFU","52193","1117","d5","1","Stenobrachius leucopsarus",0,"65-2",45.06319167,-124.2244217,0,0
"MFU","52193","1117","d5","1","Stenobrachius leucopsarus",0,"65-2",45.06319167,-124.2244217,0,0
"MFU","52193","1117","d5","1","Tactostoma macropus",0,"65-2",45.06319167,-124.2244217,0,0
"MFU","52193","1117","d5","1","Tarletonbeania crenularis",0,"65-2",45.06319167,-124.2244217,0,0
"MFU","52193","1117","d5","1","Tarletonbeania crenularis",0,"65-2",45.06319167,-124.2244217,0,0
"MFU","52193","1117","d5","1","Thaleichthys pacificus",3094,"65-2",45.06319167,-124.2244217,0,0
"MFU","52193","1117","d5","1","Trachurus symmetricus",0,"65-2",45.06319167,-124.2244217,0,0
"MFU","52193","1117","d5","1","Trachurus symmetricus",3271,"65-2",45.06319167,-124.2244217,0,0
"MFU","52193","112","d1","1","Clupea pallasii",0,"27-4",38.73135,-123.861485,150,150
"MFU","52193","112","d1","1","Engraulis mordax",0,"27-4",38.73135,-123.861485,150,150
"MFU","52193","112","d1","1","Leuroglossus stilbius",0,"27-4",38.73135,-123.861485,150,150
"MFU","52193","112","d1","1","Merluccius productus",6608,"27-4",38.73135,-123.861485,150,150
"MFU","52193","112","d1","1","Merluccius productus",106088,"27-4",38.73135,-123.861485,150,150
"MFU","52193","112","d1","1","Microstomus pacificus",0,"27-4",38.73135,-123.861485,150,150
"MFU","52193","112","d1","1","Sardinops sagax",0,"27-4",38.73135,-123.861485,150,150
"MFU","52193","112","d1","1","Scomber japonicus",2985,"27-4",38.73135,-123.861485,150,150
"MFU","52193","112","d1","1","Sebastes entomelas",0,"27-4",38.73135,-123.861485,150,150
"MFU","52193","112","d1","1","Stenobrachius leucopsarus",0,"27-4",38.73135,-123.861485,150,150
"MFU","52193","112","d1","1","Stenobrachius leucopsarus",0,"27-4",38.73135,-123.861485,150,150
"MFU","52193","112","d1","1","Tactostoma macropus",0,"27-4",38.73135,-123.861485,150,150
"MFU","52193","112","d1","1","Tarletonbeania crenularis",0,"27-4",38.73135,-123.861485,150,150
"MFU","52193","112","d1","1","Tarletonbeania crenularis",0,"27-4",38.73135,-123.861485,150,150
"MFU","52193","112","d1","1","Thaleichthys pacificus",0,"27-4",38.73135,-123.861485,150,150
"MFU","52193","112","d1","1","Trachurus symmetricus",0,"27-4",38.73135,-123.861485,150,150
"MFU","52193","112","d1","1","Trachurus symmetricus",1684,"27-4",38.73135,-123.861485,150,150
"MFU","52193","1123","d10","1","Clupea pallasii",2278,"65-1",45.06396333,-124.05665,0,0
"MFU","52193","1123","d10","1","Engraulis mordax",169731,"65-1",45.06396333,-124.05665,0,0
"MFU","52193","1123","d10","1","Leuroglossus stilbius",0,"65-1",45.06396333,-124.05665,0,0
"MFU","52193","1123","d10","1","Merluccius productus",0,"65-1",45.06396333,-124.05665,0,0
"MFU","52193","1123","d10","1","Merluccius productus",503,"65-1",45.06396333,-124.05665,0,0
"MFU","52193","1123","d10","1","Microstomus pacificus",0,"65-1",45.06396333,-124.05665,0,0
"MFU","52193","1123","d10","1","Sardinops sagax",0,"65-1",45.06396333,-124.05665,0,0
"MFU","52193","1123","d10","1","Scomber japonicus",0,"65-1",45.06396333,-124.05665,0,0
"MFU","52193","1123","d10","1","Sebastes entomelas",0,"65-1",45.06396333,-124.05665,0,0
"MFU","52193","1123","d10","1","Stenobrachius leucopsarus",0,"65-1",45.06396333,-124.05665,0,0
"MFU","52193","1123","d10","1","Stenobrachius leucopsarus",0,"65-1",45.06396333,-124.05665,0,0
"MFU","52193","1123","d10","1","Tactostoma macropus",0,"65-1",45.06396333,-124.05665,0,0
"MFU","52193","1123","d10","1","Tarletonbeania crenularis",0,"65-1",45.06396333,-124.05665,0,0
"MFU","52193","1123","d10","1","Tarletonbeania crenularis",431,"65-1",45.06396333,-124.05665,0,0
"MFU","52193","1123","d10","1","Thaleichthys pacificus",543,"65-1",45.06396333,-124.05665,0,0
"MFU","52193","1123","d10","1","Trachurus symmetricus",0,"65-1",45.06396333,-124.05665,0,0
"MFU","52193","1123","d10","1","Trachurus symmetricus",0,"65-1",45.06396333,-124.05665,0,0
"MFU","52193","1123","d5","1","Clupea pallasii",911,"65-1",45.06396333,-124.05665,0,0
"MFU","52193","1123","d5","1","Engraulis mordax",40868,"65-1",45.06396333,-124.05665,0,0
"MFU","52193","1123","d5","1","Leuroglossus stilbius",0,"65-1",45.06396333,-124.05665,0,0
"MFU","52193","1123","d5","1","Merluccius productus",0,"65-1",45.06396333,-124.05665,0,0
"MFU","52193","1123","d5","1","Merluccius productus",4,"65-1",45.06396333,-124.05665,0,0
"MFU","52193","1123","d5","1","Microstomus pacificus",0,"65-1",45.06396333,-124.05665,0,0
"MFU","52193","1123","d5","1","Sardinops sagax",0,"65-1",45.06396333,-124.05665,0,0
"MFU","52193","1123","d5","1","Scomber japonicus",0,"65-1",45.06396333,-124.05665,0,0
"MFU","52193","1123","d5","1","Sebastes entomelas",0,"65-1",45.06396333,-124.05665,0,0
"MFU","52193","1123","d5","1","Stenobrachius leucopsarus",0,"65-1",45.06396333,-124.05665,0,0
"MFU","52193","1123","d5","1","Stenobrachius leucopsarus",0,"65-1",45.06396333,-124.05665,0,0
"MFU","52193","1123","d5","1","Tactostoma macropus",0,"65-1",45.06396333,-124.05665,0,0
"MFU","52193","1123","d5","1","Tarletonbeania crenularis",0,"65-1",45.06396333,-124.05665,0,0
"MFU","52193","1123","d5","1","Tarletonbeania crenularis",0,"65-1",45.06396333,-124.05665,0,0
"MFU","52193","1123","d5","1","Thaleichthys pacificus",799,"65-1",45.06396333,-124.05665,0,0
"MFU","52193","1123","d5","1","Trachurus symmetricus",0,"65-1",45.06396333,-124.05665,0,0
"MFU","52193","1123","d5","1","Trachurus symmetricus",0,"65-1",45.06396333,-124.05665,0,0
"MFU","52193","1129","d1","1","Clupea pallasii",4242,"66-1",45.23011333,-124.0285217,0,0
"MFU","52193","1129","d1","1","Engraulis mordax",64594,"66-1",45.23011333,-124.0285217,0,0
"MFU","52193","1129","d1","1","Leuroglossus stilbius",0,"66-1",45.23011333,-124.0285217,0,0
"MFU","52193","1129","d1","1","Merluccius productus",0,"66-1",45.23011333,-124.0285217,0,0
"MFU","52193","1129","d1","1","Merluccius productus",16967,"66-1",45.23011333,-124.0285217,0,0
"MFU","52193","1129","d1","1","Microstomus pacificus",0,"66-1",45.23011333,-124.0285217,0,0
"MFU","52193","1129","d1","1","Sardinops sagax",0,"66-1",45.23011333,-124.0285217,0,0
"MFU","52193","1129","d1","1","Scomber japonicus",0,"66-1",45.23011333,-124.0285217,0,0
"MFU","52193","1129","d1","1","Sebastes entomelas",0,"66-1",45.23011333,-124.0285217,0,0
"MFU","52193","1129","d1","1","Stenobrachius leucopsarus",0,"66-1",45.23011333,-124.0285217,0,0
"MFU","52193","1129","d1","1","Stenobrachius leucopsarus",0,"66-1",45.23011333,-124.0285217,0,0
"MFU","52193","1129","d1","1","Tactostoma macropus",0,"66-1",45.23011333,-124.0285217,0,0
"MFU","52193","1129","d1","1","Tarletonbeania crenularis",0,"66-1",45.23011333,-124.0285217,0,0
"MFU","52193","1129","d1","1","Tarletonbeania crenularis",0,"66-1",45.23011333,-124.0285217,0,0
"MFU","52193","1129","d1","1","Thaleichthys pacificus",0,"66-1",45.23011333,-124.0285217,0,0
"MFU","52193","1129","d1","1","Trachurus symmetricus",0,"66-1",45.23011333,-124.0285217,0,0
"MFU","52193","1129","d1","1","Trachurus symmetricus",0,"66-1",45.23011333,-124.0285217,0,0
"MFU","52193","1139","d5","1","Clupea pallasii",0,"66-2",45.23051167,-124.3822383,50,50
"MFU","52193","1139","d5","1","Engraulis mordax",0,"66-2",45.23051167,-124.3822383,50,50
"MFU","52193","1139","d5","1","Leuroglossus stilbius",0,"66-2",45.23051167,-124.3822383,50,50
"MFU","52193","1139","d5","1","Merluccius productus",0,"66-2",45.23051167,-124.3822383,50,50
"MFU","52193","1139","d5","1","Merluccius productus",7094,"66-2",45.23051167,-124.3822383,50,50
"MFU","52193","1139","d5","1","Microstomus pacificus",0,"66-2",45.23051167,-124.3822383,50,50
"MFU","52193","1139","d5","1","Sardinops sagax",4607,"66-2",45.23051167,-124.3822383,50,50
"MFU","52193","1139","d5","1","Scomber japonicus",0,"66-2",45.23051167,-124.3822383,50,50
"MFU","52193","1139","d5","1","Sebastes entomelas",0,"66-2",45.23051167,-124.3822383,50,50
"MFU","52193","1139","d5","1","Stenobrachius leucopsarus",0,"66-2",45.23051167,-124.3822383,50,50
"MFU","52193","1139","d5","1","Stenobrachius leucopsarus",0,"66-2",45.23051167,-124.3822383,50,50
"MFU","52193","1139","d5","1","Tactostoma macropus",0,"66-2",45.23051167,-124.3822383,50,50
"MFU","52193","1139","d5","1","Tarletonbeania crenularis",0,"66-2",45.23051167,-124.3822383,50,50
"MFU","52193","1139","d5","1","Tarletonbeania crenularis",0,"66-2",45.23051167,-124.3822383,50,50
"MFU","52193","1139","d5","1","Thaleichthys pacificus",0,"66-2",45.23051167,-124.3822383,50,50
"MFU","52193","1139","d5","1","Trachurus symmetricus",0,"66-2",45.23051167,-124.3822383,50,50
"MFU","52193","1139","d5","1","Trachurus symmetricus",0,"66-2",45.23051167,-124.3822383,50,50
"MFU","52193","1140","d10","1","Clupea pallasii",0,"66-2",45.23051167,-124.3822383,0,0
"MFU","52193","1140","d10","1","Engraulis mordax",47620,"66-2",45.23051167,-124.3822383,0,0
"MFU","52193","1140","d10","1","Leuroglossus stilbius",0,"66-2",45.23051167,-124.3822383,0,0
"MFU","52193","1140","d10","1","Merluccius productus",0,"66-2",45.23051167,-124.3822383,0,0
"MFU","52193","1140","d10","1","Merluccius productus",0,"66-2",45.23051167,-124.3822383,0,0
"MFU","52193","1140","d10","1","Microstomus pacificus",0,"66-2",45.23051167,-124.3822383,0,0
"MFU","52193","1140","d10","1","Sardinops sagax",149846,"66-2",45.23051167,-124.3822383,0,0
"MFU","52193","1140","d10","1","Scomber japonicus",6633,"66-2",45.23051167,-124.3822383,0,0
"MFU","52193","1140","d10","1","Sebastes entomelas",0,"66-2",45.23051167,-124.3822383,0,0
"MFU","52193","1140","d10","1","Stenobrachius leucopsarus",0,"66-2",45.23051167,-124.3822383,0,0
"MFU","52193","1140","d10","1","Stenobrachius leucopsarus",0,"66-2",45.23051167,-124.3822383,0,0
"MFU","52193","1140","d10","1","Tactostoma macropus",0,"66-2",45.23051167,-124.3822383,0,0
"MFU","52193","1140","d10","1","Tarletonbeania crenularis",0,"66-2",45.23051167,-124.3822383,0,0
"MFU","52193","1140","d10","1","Tarletonbeania crenularis",0,"66-2",45.23051167,-124.3822383,0,0
"MFU","52193","1140","d10","1","Thaleichthys pacificus",9836,"66-2",45.23051167,-124.3822383,0,0
"MFU","52193","1140","d10","1","Trachurus symmetricus",0,"66-2",45.23051167,-124.3822383,0,0
"MFU","52193","1140","d10","1","Trachurus symmetricus",3313,"66-2",45.23051167,-124.3822383,0,0
"MFU","52193","1153","d5","1","Clupea pallasii",0,"66-3",45.23015167,-124.7401983,0,0
"MFU","52193","1153","d5","1","Engraulis mordax",242539,"66-3",45.23015167,-124.7401983,0,0
"MFU","52193","1153","d5","1","Leuroglossus stilbius",0,"66-3",45.23015167,-124.7401983,0,0
"MFU","52193","1153","d5","1","Merluccius productus",0,"66-3",45.23015167,-124.7401983,0,0
"MFU","52193","1153","d5","1","Merluccius productus",133,"66-3",45.23015167,-124.7401983,0,0
"MFU","52193","1153","d5","1","Microstomus pacificus",0,"66-3",45.23015167,-124.7401983,0,0
"MFU","52193","1153","d5","1","Sardinops sagax",299,"66-3",45.23015167,-124.7401983,0,0
"MFU","52193","1153","d5","1","Scomber japonicus",0,"66-3",45.23015167,-124.7401983,0,0
"MFU","52193","1153","d5","1","Sebastes entomelas",0,"66-3",45.23015167,-124.7401983,0,0
"MFU","52193","1153","d5","1","Stenobrachius leucopsarus",0,"66-3",45.23015167,-124.7401983,0,0
"MFU","52193","1153","d5","1","Stenobrachius leucopsarus",0,"66-3",45.23015167,-124.7401983,0,0
"MFU","52193","1153","d5","1","Tactostoma macropus",0,"66-3",45.23015167,-124.7401983,0,0
"MFU","52193","1153","d5","1","Tarletonbeania crenularis",0,"66-3",45.23015167,-124.7401983,0,0
"MFU","52193","1153","d5","1","Tarletonbeania crenularis",0,"66-3",45.23015167,-124.7401983,0,0
"MFU","52193","1153","d5","1","Thaleichthys pacificus",0,"66-3",45.23015167,-124.7401983,0,0
"MFU","52193","1153","d5","1","Trachurus symmetricus",0,"66-3",45.23015167,-124.7401983,0,0
"MFU","52193","1153","d5","1","Trachurus symmetricus",0,"66-3",45.23015167,-124.7401983,0,0
"MFU","52193","1155","d1","1","Clupea pallasii",0,"66-3.5",45.229345,-124.9035417,500,500
"MFU","52193","1155","d1","1","Engraulis mordax",0,"66-3.5",45.229345,-124.9035417,500,500
"MFU","52193","1155","d1","1","Leuroglossus stilbius",0,"66-3.5",45.229345,-124.9035417,500,500
"MFU","52193","1155","d1","1","Merluccius productus",0,"66-3.5",45.229345,-124.9035417,500,500
"MFU","52193","1155","d1","1","Merluccius productus",4089,"66-3.5",45.229345,-124.9035417,500,500
"MFU","52193","1155","d1","1","Microstomus pacificus",0,"66-3.5",45.229345,-124.9035417,500,500
"MFU","52193","1155","d1","1","Sardinops sagax",0,"66-3.5",45.229345,-124.9035417,500,500
"MFU","52193","1155","d1","1","Scomber japonicus",0,"66-3.5",45.229345,-124.9035417,500,500
"MFU","52193","1155","d1","1","Sebastes entomelas",0,"66-3.5",45.229345,-124.9035417,500,500
"MFU","52193","1155","d1","1","Stenobrachius leucopsarus",0,"66-3.5",45.229345,-124.9035417,500,500
"MFU","52193","1155","d1","1","Stenobrachius leucopsarus",61278,"66-3.5",45.229345,-124.9035417,500,500
"MFU","52193","1155","d1","1","Tactostoma macropus",0,"66-3.5",45.229345,-124.9035417,500,500
"MFU","52193","1155","d1","1","Tarletonbeania crenularis",0,"66-3.5",45.229345,-124.9035417,500,500
"MFU","52193","1155","d1","1","Tarletonbeania crenularis",0,"66-3.5",45.229345,-124.9035417,500,500
"MFU","52193","1155","d1","1","Thaleichthys pacificus",0,"66-3.5",45.229345,-124.9035417,500,500
"MFU","52193","1155","d1","1","Trachurus symmetricus",0,"66-3.5",45.229345,-124.9035417,500,500
"MFU","52193","1155","d1","1","Trachurus symmetricus",0,"66-3.5",45.229345,-124.9035417,500,500
"MFU","52193","1157","d1","1","Clupea pallasii",0,"66-3.5",45.229345,-124.9035417,300,300
"MFU","52193","1157","d1","1","Engraulis mordax",0,"66-3.5",45.229345,-124.9035417,300,300
"MFU","52193","1157","d1","1","Leuroglossus stilbius",0,"66-3.5",45.229345,-124.9035417,300,300
"MFU","52193","1157","d1","1","Merluccius productus",0,"66-3.5",45.229345,-124.9035417,300,300
"MFU","52193","1157","d1","1","Merluccius productus",2183,"66-3.5",45.229345,-124.9035417,300,300
"MFU","52193","1157","d1","1","Microstomus pacificus",0,"66-3.5",45.229345,-124.9035417,300,300
"MFU","52193","1157","d1","1","Sardinops sagax",0,"66-3.5",45.229345,-124.9035417,300,300
"MFU","52193","1157","d1","1","Scomber japonicus",0,"66-3.5",45.229345,-124.9035417,300,300
"MFU","52193","1157","d1","1","Sebastes entomelas",0,"66-3.5",45.229345,-124.9035417,300,300
"MFU","52193","1157","d1","1","Stenobrachius leucopsarus",0,"66-3.5",45.229345,-124.9035417,300,300
"MFU","52193","1157","d1","1","Stenobrachius leucopsarus",7278,"66-3.5",45.229345,-124.9035417,300,300
"MFU","52193","1157","d1","1","Tactostoma macropus",0,"66-3.5",45.229345,-124.9035417,300,300
"MFU","52193","1157","d1","1","Tarletonbeania crenularis",0,"66-3.5",45.229345,-124.9035417,300,300
"MFU","52193","1157","d1","1","Tarletonbeania crenularis",4188,"66-3.5",45.229345,-124.9035417,300,300
"MFU","52193","1157","d1","1","Thaleichthys pacificus",0,"66-3.5",45.229345,-124.9035417,300,300
"MFU","52193","1157","d1","1","Trachurus symmetricus",0,"66-3.5",45.229345,-124.9035417,300,300
"MFU","52193","1157","d1","1","Trachurus symmetricus",0,"66-3.5",45.229345,-124.9035417,300,300
"MFU","52193","1159","d1","1","Clupea pallasii",0,"66-3.5",45.229345,-124.9035417,150,150
"MFU","52193","1159","d1","1","Engraulis mordax",0,"66-3.5",45.229345,-124.9035417,150,150
"MFU","52193","1159","d1","1","Leuroglossus stilbius",0,"66-3.5",45.229345,-124.9035417,150,150
"MFU","52193","1159","d1","1","Merluccius productus",0,"66-3.5",45.229345,-124.9035417,150,150
"MFU","52193","1159","d1","1","Merluccius productus",0,"66-3.5",45.229345,-124.9035417,150,150
"MFU","52193","1159","d1","1","Microstomus pacificus",0,"66-3.5",45.229345,-124.9035417,150,150
"MFU","52193","1159","d1","1","Sardinops sagax",0,"66-3.5",45.229345,-124.9035417,150,150
"MFU","52193","1159","d1","1","Scomber japonicus",0,"66-3.5",45.229345,-124.9035417,150,150
"MFU","52193","1159","d1","1","Sebastes entomelas",0,"66-3.5",45.229345,-124.9035417,150,150
"MFU","52193","1159","d1","1","Stenobrachius leucopsarus",0,"66-3.5",45.229345,-124.9035417,150,150
"MFU","52193","1159","d1","1","Stenobrachius leucopsarus",0,"66-3.5",45.229345,-124.9035417,150,150
"MFU","52193","1159","d1","1","Tactostoma macropus",0,"66-3.5",45.229345,-124.9035417,150,150
"MFU","52193","1159","d1","1","Tarletonbeania crenularis",0,"66-3.5",45.229345,-124.9035417,150,150
"MFU","52193","1159","d1","1","Tarletonbeania crenularis",42275,"66-3.5",45.229345,-124.9035417,150,150
"MFU","52193","1159","d1","1","Thaleichthys pacificus",0,"66-3.5",45.229345,-124.9035417,150,150
"MFU","52193","1159","d1","1","Trachurus symmetricus",0,"66-3.5",45.229345,-124.9035417,150,150
"MFU","52193","1159","d1","1","Trachurus symmetricus",0,"66-3.5",45.229345,-124.9035417,150,150
"MFU","52193","116","d1","1","Clupea pallasii",0,"27-4",38.73135,-123.861485,50,50
"MFU","52193","116","d1","1","Engraulis mordax",0,"27-4",38.73135,-123.861485,50,50
"MFU","52193","116","d1","1","Leuroglossus stilbius",0,"27-4",38.73135,-123.861485,50,50
"MFU","52193","116","d1","1","Merluccius productus",5352,"27-4",38.73135,-123.861485,50,50
"MFU","52193","116","d1","1","Merluccius productus",11954,"27-4",38.73135,-123.861485,50,50
"MFU","52193","116","d1","1","Microstomus pacificus",0,"27-4",38.73135,-123.861485,50,50
"MFU","52193","116","d1","1","Sardinops sagax",0,"27-4",38.73135,-123.861485,50,50
"MFU","52193","116","d1","1","Scomber japonicus",0,"27-4",38.73135,-123.861485,50,50
"MFU","52193","116","d1","1","Sebastes entomelas",0,"27-4",38.73135,-123.861485,50,50
"MFU","52193","116","d1","1","Stenobrachius leucopsarus",1228,"27-4",38.73135,-123.861485,50,50
"MFU","52193","116","d1","1","Stenobrachius leucopsarus",0,"27-4",38.73135,-123.861485,50,50
"MFU","52193","116","d1","1","Tactostoma macropus",0,"27-4",38.73135,-123.861485,50,50
"MFU","52193","116","d1","1","Tarletonbeania crenularis",0,"27-4",38.73135,-123.861485,50,50
"MFU","52193","116","d1","1","Tarletonbeania crenularis",0,"27-4",38.73135,-123.861485,50,50
"MFU","52193","116","d1","1","Thaleichthys pacificus",0,"27-4",38.73135,-123.861485,50,50
"MFU","52193","116","d1","1","Trachurus symmetricus",0,"27-4",38.73135,-123.861485,50,50
"MFU","52193","116","d1","1","Trachurus symmetricus",7101,"27-4",38.73135,-123.861485,50,50
"MFU","52193","1165","d5","1","Clupea pallasii",0,"66-3.5",45.229345,-124.9035417,0,0
"MFU","52193","1165","d5","1","Engraulis mordax",29818,"66-3.5",45.229345,-124.9035417,0,0
"MFU","52193","1165","d5","1","Leuroglossus stilbius",0,"66-3.5",45.229345,-124.9035417,0,0
"MFU","52193","1165","d5","1","Merluccius productus",0,"66-3.5",45.229345,-124.9035417,0,0
"MFU","52193","1165","d5","1","Merluccius productus",65,"66-3.5",45.229345,-124.9035417,0,0
"MFU","52193","1165","d5","1","Microstomus pacificus",0,"66-3.5",45.229345,-124.9035417,0,0
"MFU","52193","1165","d5","1","Sardinops sagax",58,"66-3.5",45.229345,-124.9035417,0,0
"MFU","52193","1165","d5","1","Scomber japonicus",0,"66-3.5",45.229345,-124.9035417,0,0
"MFU","52193","1165","d5","1","Sebastes entomelas",0,"66-3.5",45.229345,-124.9035417,0,0
"MFU","52193","1165","d5","1","Stenobrachius leucopsarus",0,"66-3.5",45.229345,-124.9035417,0,0
"MFU","52193","1165","d5","1","Stenobrachius leucopsarus",0,"66-3.5",45.229345,-124.9035417,0,0
"MFU","52193","1165","d5","1","Tactostoma macropus",0,"66-3.5",45.229345,-124.9035417,0,0
"MFU","52193","1165","d5","1","Tarletonbeania crenularis",0,"66-3.5",45.229345,-124.9035417,0,0
"MFU","52193","1165","d5","1","Tarletonbeania crenularis",0,"66-3.5",45.229345,-124.9035417,0,0
"MFU","52193","1165","d5","1","Thaleichthys pacificus",0,"66-3.5",45.229345,-124.9035417,0,0
"MFU","52193","1165","d5","1","Trachurus symmetricus",0,"66-3.5",45.229345,-124.9035417,0,0
"MFU","52193","1165","d5","1","Trachurus symmetricus",0,"66-3.5",45.229345,-124.9035417,0,0
"MFU","52193","1167","d1","1","Clupea pallasii",0,"66-4",45.23019167,-125.0626567,500,500
"MFU","52193","1167","d1","1","Engraulis mordax",0,"66-4",45.23019167,-125.0626567,500,500
"MFU","52193","1167","d1","1","Leuroglossus stilbius",0,"66-4",45.23019167,-125.0626567,500,500
"MFU","52193","1167","d1","1","Merluccius productus",0,"66-4",45.23019167,-125.0626567,500,500
"MFU","52193","1167","d1","1","Merluccius productus",0,"66-4",45.23019167,-125.0626567,500,500
"MFU","52193","1167","d1","1","Microstomus pacificus",0,"66-4",45.23019167,-125.0626567,500,500
"MFU","52193","1167","d1","1","Sardinops sagax",0,"66-4",45.23019167,-125.0626567,500,500
"MFU","52193","1167","d1","1","Scomber japonicus",0,"66-4",45.23019167,-125.0626567,500,500
"MFU","52193","1167","d1","1","Sebastes entomelas",0,"66-4",45.23019167,-125.0626567,500,500
"MFU","52193","1167","d1","1","Stenobrachius leucopsarus",0,"66-4",45.23019167,-125.0626567,500,500
"MFU","52193","1167","d1","1","Stenobrachius leucopsarus",365,"66-4",45.23019167,-125.0626567,500,500
"MFU","52193","1167","d1","1","Tactostoma macropus",0,"66-4",45.23019167,-125.0626567,500,500
"MFU","52193","1167","d1","1","Tarletonbeania crenularis",0,"66-4",45.23019167,-125.0626567,500,500
"MFU","52193","1167","d1","1","Tarletonbeania crenularis",0,"66-4",45.23019167,-125.0626567,500,500
"MFU","52193","1167","d1","1","Thaleichthys pacificus",0,"66-4",45.23019167,-125.0626567,500,500
"MFU","52193","1167","d1","1","Trachurus symmetricus",0,"66-4",45.23019167,-125.0626567,500,500
"MFU","52193","1167","d1","1","Trachurus symmetricus",0,"66-4",45.23019167,-125.0626567,500,500
"MFU","52193","1169","d1","1","Clupea pallasii",0,"66-4",45.23019167,-125.0626567,300,300
"MFU","52193","1169","d1","1","Engraulis mordax",0,"66-4",45.23019167,-125.0626567,300,300
"MFU","52193","1169","d1","1","Leuroglossus stilbius",0,"66-4",45.23019167,-125.0626567,300,300
"MFU","52193","1169","d1","1","Merluccius productus",0,"66-4",45.23019167,-125.0626567,300,300
"MFU","52193","1169","d1","1","Merluccius productus",0,"66-4",45.23019167,-125.0626567,300,300
"MFU","52193","1169","d1","1","Microstomus pacificus",0,"66-4",45.23019167,-125.0626567,300,300
"MFU","52193","1169","d1","1","Sardinops sagax",5491,"66-4",45.23019167,-125.0626567,300,300
"MFU","52193","1169","d1","1","Scomber japonicus",0,"66-4",45.23019167,-125.0626567,300,300
"MFU","52193","1169","d1","1","Sebastes entomelas",0,"66-4",45.23019167,-125.0626567,300,300
"MFU","52193","1169","d1","1","Stenobrachius leucopsarus",0,"66-4",45.23019167,-125.0626567,300,300
"MFU","52193","1169","d1","1","Stenobrachius leucopsarus",3511,"66-4",45.23019167,-125.0626567,300,300
"MFU","52193","1169","d1","1","Tactostoma macropus",0,"66-4",45.23019167,-125.0626567,300,300
"MFU","52193","1169","d1","1","Tarletonbeania crenularis",0,"66-4",45.23019167,-125.0626567,300,300
"MFU","52193","1169","d1","1","Tarletonbeania crenularis",169,"66-4",45.23019167,-125.0626567,300,300
"MFU","52193","1169","d1","1","Thaleichthys pacificus",0,"66-4",45.23019167,-125.0626567,300,300
"MFU","52193","1169","d1","1","Trachurus symmetricus",0,"66-4",45.23019167,-125.0626567,300,300
"MFU","52193","1169","d1","1","Trachurus symmetricus",0,"66-4",45.23019167,-125.0626567,300,300
"MFU","52193","1171","d1","1","Clupea pallasii",0,"66-4",45.23019167,-125.0626567,150,150
"MFU","52193","1171","d1","1","Engraulis mordax",0,"66-4",45.23019167,-125.0626567,150,150
"MFU","52193","1171","d1","1","Leuroglossus stilbius",0,"66-4",45.23019167,-125.0626567,150,150
"MFU","52193","1171","d1","1","Merluccius productus",0,"66-4",45.23019167,-125.0626567,150,150
"MFU","52193","1171","d1","1","Merluccius productus",0,"66-4",45.23019167,-125.0626567,150,150
"MFU","52193","1171","d1","1","Microstomus pacificus",0,"66-4",45.23019167,-125.0626567,150,150
"MFU","52193","1171","d1","1","Sardinops sagax",0,"66-4",45.23019167,-125.0626567,150,150
"MFU","52193","1171","d1","1","Scomber japonicus",0,"66-4",45.23019167,-125.0626567,150,150
"MFU","52193","1171","d1","1","Sebastes entomelas",0,"66-4",45.23019167,-125.0626567,150,150
"MFU","52193","1171","d1","1","Stenobrachius leucopsarus",0,"66-4",45.23019167,-125.0626567,150,150
"MFU","52193","1171","d1","1","Stenobrachius leucopsarus",0,"66-4",45.23019167,-125.0626567,150,150
"MFU","52193","1171","d1","1","Tactostoma macropus",0,"66-4",45.23019167,-125.0626567,150,150
"MFU","52193","1171","d1","1","Tarletonbeania crenularis",0,"66-4",45.23019167,-125.0626567,150,150
"MFU","52193","1171","d1","1","Tarletonbeania crenularis",28119,"66-4",45.23019167,-125.0626567,150,150
"MFU","52193","1171","d1","1","Thaleichthys pacificus",0,"66-4",45.23019167,-125.0626567,150,150
"MFU","52193","1171","d1","1","Trachurus symmetricus",0,"66-4",45.23019167,-125.0626567,150,150
"MFU","52193","1171","d1","1","Trachurus symmetricus",0,"66-4",45.23019167,-125.0626567,150,150
"MFU","52193","1175","d5","1","Clupea pallasii",0,"66-4",45.23019167,-125.0626567,50,50
"MFU","52193","1175","d5","1","Engraulis mordax",0,"66-4",45.23019167,-125.0626567,50,50
"MFU","52193","1175","d5","1","Leuroglossus stilbius",0,"66-4",45.23019167,-125.0626567,50,50
"MFU","52193","1175","d5","1","Merluccius productus",0,"66-4",45.23019167,-125.0626567,50,50
"MFU","52193","1175","d5","1","Merluccius productus",0,"66-4",45.23019167,-125.0626567,50,50
"MFU","52193","1175","d5","1","Microstomus pacificus",0,"66-4",45.23019167,-125.0626567,50,50
"MFU","52193","1175","d5","1","Sardinops sagax",0,"66-4",45.23019167,-125.0626567,50,50
"MFU","52193","1175","d5","1","Scomber japonicus",0,"66-4",45.23019167,-125.0626567,50,50
"MFU","52193","1175","d5","1","Sebastes entomelas",0,"66-4",45.23019167,-125.0626567,50,50
"MFU","52193","1175","d5","1","Stenobrachius leucopsarus",0,"66-4",45.23019167,-125.0626567,50,50
"MFU","52193","1175","d5","1","Stenobrachius leucopsarus",0,"66-4",45.23019167,-125.0626567,50,50
"MFU","52193","1175","d5","1","Tactostoma macropus",0,"66-4",45.23019167,-125.0626567,50,50
"MFU","52193","1175","d5","1","Tarletonbeania crenularis",0,"66-4",45.23019167,-125.0626567,50,50
"MFU","52193","1175","d5","1","Tarletonbeania crenularis",0,"66-4",45.23019167,-125.0626567,50,50
"MFU","52193","1175","d5","1","Thaleichthys pacificus",0,"66-4",45.23019167,-125.0626567,50,50
"MFU","52193","1175","d5","1","Trachurus symmetricus",0,"66-4",45.23019167,-125.0626567,50,50
"MFU","52193","1175","d5","1","Trachurus symmetricus",0,"66-4",45.23019167,-125.0626567,50,50
"MFU","52193","1177","d5","1","Clupea pallasii",0,"66-4",45.23019167,-125.0626567,0,0
"MFU","52193","1177","d5","1","Engraulis mordax",136031,"66-4",45.23019167,-125.0626567,0,0
"MFU","52193","1177","d5","1","Leuroglossus stilbius",0,"66-4",45.23019167,-125.0626567,0,0
"MFU","52193","1177","d5","1","Merluccius productus",0,"66-4",45.23019167,-125.0626567,0,0
"MFU","52193","1177","d5","1","Merluccius productus",0,"66-4",45.23019167,-125.0626567,0,0
"MFU","52193","1177","d5","1","Microstomus pacificus",0,"66-4",45.23019167,-125.0626567,0,0
"MFU","52193","1177","d5","1","Sardinops sagax",1066,"66-4",45.23019167,-125.0626567,0,0
"MFU","52193","1177","d5","1","Scomber japonicus",0,"66-4",45.23019167,-125.0626567,0,0
"MFU","52193","1177","d5","1","Sebastes entomelas",0,"66-4",45.23019167,-125.0626567,0,0
"MFU","52193","1177","d5","1","Stenobrachius leucopsarus",0,"66-4",45.23019167,-125.0626567,0,0
"MFU","52193","1177","d5","1","Stenobrachius leucopsarus",0,"66-4",45.23019167,-125.0626567,0,0
"MFU","52193","1177","d5","1","Tactostoma macropus",0,"66-4",45.23019167,-125.0626567,0,0
"MFU","52193","1177","d5","1","Tarletonbeania crenularis",0,"66-4",45.23019167,-125.0626567,0,0
"MFU","52193","1177","d5","1","Tarletonbeania crenularis",0,"66-4",45.23019167,-125.0626567,0,0
"MFU","52193","1177","d5","1","Thaleichthys pacificus",0,"66-4",45.23019167,-125.0626567,0,0
"MFU","52193","1177","d5","1","Trachurus symmetricus",0,"66-4",45.23019167,-125.0626567,0,0
"MFU","52193","1177","d5","1","Trachurus symmetricus",0,"66-4",45.23019167,-125.0626567,0,0
"MFU","52193","118","d10","1","Clupea pallasii",0,"27-4",38.73135,-123.861485,0,0
"MFU","52193","118","d10","1","Engraulis mordax",0,"27-4",38.73135,-123.861485,0,0
"MFU","52193","118","d10","1","Leuroglossus stilbius",0,"27-4",38.73135,-123.861485,0,0
"MFU","52193","118","d10","1","Merluccius productus",0,"27-4",38.73135,-123.861485,0,0
"MFU","52193","118","d10","1","Merluccius productus",88181,"27-4",38.73135,-123.861485,0,0
"MFU","52193","118","d10","1","Microstomus pacificus",0,"27-4",38.73135,-123.861485,0,0
"MFU","52193","118","d10","1","Sardinops sagax",0,"27-4",38.73135,-123.861485,0,0
"MFU","52193","118","d10","1","Scomber japonicus",0,"27-4",38.73135,-123.861485,0,0
"MFU","52193","118","d10","1","Sebastes entomelas",0,"27-4",38.73135,-123.861485,0,0
"MFU","52193","118","d10","1","Stenobrachius leucopsarus",0,"27-4",38.73135,-123.861485,0,0
"MFU","52193","118","d10","1","Stenobrachius leucopsarus",0,"27-4",38.73135,-123.861485,0,0
"MFU","52193","118","d10","1","Tactostoma macropus",0,"27-4",38.73135,-123.861485,0,0
"MFU","52193","118","d10","1","Tarletonbeania crenularis",0,"27-4",38.73135,-123.861485,0,0
"MFU","52193","118","d10","1","Tarletonbeania crenularis",0,"27-4",38.73135,-123.861485,0,0
"MFU","52193","118","d10","1","Thaleichthys pacificus",0,"27-4",38.73135,-123.861485,0,0
"MFU","52193","118","d10","1","Trachurus symmetricus",0,"27-4",38.73135,-123.861485,0,0
"MFU","52193","118","d10","1","Trachurus symmetricus",0,"27-4",38.73135,-123.861485,0,0
"MFU","52193","1188","d5","1","Clupea pallasii",0,"65-6",45.06153167,-124.97965,50,50
"MFU","52193","1188","d5","1","Engraulis mordax",73392,"65-6",45.06153167,-124.97965,50,50
"MFU","52193","1188","d5","1","Leuroglossus stilbius",0,"65-6",45.06153167,-124.97965,50,50
"MFU","52193","1188","d5","1","Merluccius productus",0,"65-6",45.06153167,-124.97965,50,50
"MFU","52193","1188","d5","1","Merluccius productus",0,"65-6",45.06153167,-124.97965,50,50
"MFU","52193","1188","d5","1","Microstomus pacificus",0,"65-6",45.06153167,-124.97965,50,50
"MFU","52193","1188","d5","1","Sardinops sagax",0,"65-6",45.06153167,-124.97965,50,50
"MFU","52193","1188","d5","1","Scomber japonicus",0,"65-6",45.06153167,-124.97965,50,50
"MFU","52193","1188","d5","1","Sebastes entomelas",0,"65-6",45.06153167,-124.97965,50,50
"MFU","52193","1188","d5","1","Stenobrachius leucopsarus",0,"65-6",45.06153167,-124.97965,50,50
"MFU","52193","1188","d5","1","Stenobrachius leucopsarus",0,"65-6",45.06153167,-124.97965,50,50
"MFU","52193","1188","d5","1","Tactostoma macropus",0,"65-6",45.06153167,-124.97965,50,50
"MFU","52193","1188","d5","1","Tarletonbeania crenularis",15976,"65-6",45.06153167,-124.97965,50,50
"MFU","52193","1188","d5","1","Tarletonbeania crenularis",0,"65-6",45.06153167,-124.97965,50,50
"MFU","52193","1188","d5","1","Thaleichthys pacificus",0,"65-6",45.06153167,-124.97965,50,50
"MFU","52193","1188","d5","1","Trachurus symmetricus",0,"65-6",45.06153167,-124.97965,50,50
"MFU","52193","1188","d5","1","Trachurus symmetricus",0,"65-6",45.06153167,-124.97965,50,50
"MFU","52193","1189","d5","1","Clupea pallasii",0,"65-6",45.06153167,-124.97965,0,0
"MFU","52193","1189","d5","1","Engraulis mordax",147234,"65-6",45.06153167,-124.97965,0,0
"MFU","52193","1189","d5","1","Leuroglossus stilbius",0,"65-6",45.06153167,-124.97965,0,0
"MFU","52193","1189","d5","1","Merluccius productus",0,"65-6",45.06153167,-124.97965,0,0
"MFU","52193","1189","d5","1","Merluccius productus",0,"65-6",45.06153167,-124.97965,0,0
"MFU","52193","1189","d5","1","Microstomus pacificus",0,"65-6",45.06153167,-124.97965,0,0
"MFU","52193","1189","d5","1","Sardinops sagax",286,"65-6",45.06153167,-124.97965,0,0
"MFU","52193","1189","d5","1","Scomber japonicus",0,"65-6",45.06153167,-124.97965,0,0
"MFU","52193","1189","d5","1","Sebastes entomelas",0,"65-6",45.06153167,-124.97965,0,0
"MFU","52193","1189","d5","1","Stenobrachius leucopsarus",0,"65-6",45.06153167,-124.97965,0,0
"MFU","52193","1189","d5","1","Stenobrachius leucopsarus",0,"65-6",45.06153167,-124.97965,0,0
"MFU","52193","1189","d5","1","Tactostoma macropus",0,"65-6",45.06153167,-124.97965,0,0
"MFU","52193","1189","d5","1","Tarletonbeania crenularis",0,"65-6",45.06153167,-124.97965,0,0
"MFU","52193","1189","d5","1","Tarletonbeania crenularis",0,"65-6",45.06153167,-124.97965,0,0
"MFU","52193","1189","d5","1","Thaleichthys pacificus",0,"65-6",45.06153167,-124.97965,0,0
"MFU","52193","1189","d5","1","Trachurus symmetricus",0,"65-6",45.06153167,-124.97965,0,0
"MFU","52193","1189","d5","1","Trachurus symmetricus",76,"65-6",45.06153167,-124.97965,0,0
"MFU","52193","1199","d1","1","Clupea pallasii",0,"65-5",45.063045,-124.8618883,50,50
"MFU","52193","1199","d1","1","Engraulis mordax",0,"65-5",45.063045,-124.8618883,50,50
"MFU","52193","1199","d1","1","Leuroglossus stilbius",0,"65-5",45.063045,-124.8618883,50,50
"MFU","52193","1199","d1","1","Merluccius productus",0,"65-5",45.063045,-124.8618883,50,50
"MFU","52193","1199","d1","1","Merluccius productus",0,"65-5",45.063045,-124.8618883,50,50
"MFU","52193","1199","d1","1","Microstomus pacificus",0,"65-5",45.063045,-124.8618883,50,50
"MFU","52193","1199","d1","1","Sardinops sagax",0,"65-5",45.063045,-124.8618883,50,50
"MFU","52193","1199","d1","1","Scomber japonicus",0,"65-5",45.063045,-124.8618883,50,50
"MFU","52193","1199","d1","1","Sebastes entomelas",0,"65-5",45.063045,-124.8618883,50,50
"MFU","52193","1199","d1","1","Stenobrachius leucopsarus",0,"65-5",45.063045,-124.8618883,50,50
"MFU","52193","1199","d1","1","Stenobrachius leucopsarus",0,"65-5",45.063045,-124.8618883,50,50
"MFU","52193","1199","d1","1","Tactostoma macropus",0,"65-5",45.063045,-124.8618883,50,50
"MFU","52193","1199","d1","1","Tarletonbeania crenularis",0,"65-5",45.063045,-124.8618883,50,50
"MFU","52193","1199","d1","1","Tarletonbeania crenularis",2578,"65-5",45.063045,-124.8618883,50,50
"MFU","52193","1199","d1","1","Thaleichthys pacificus",0,"65-5",45.063045,-124.8618883,50,50
"MFU","52193","1199","d1","1","Trachurus symmetricus",0,"65-5",45.063045,-124.8618883,50,50
"MFU","52193","1199","d1","1","Trachurus symmetricus",526,"65-5",45.063045,-124.8618883,50,50
"MFU","52193","12","d10","1","Clupea pallasii",0,"22-1",37.89730667,-122.8637667,0,0
"MFU","52193","12","d10","1","Engraulis mordax",39654,"22-1",37.89730667,-122.8637667,0,0
"MFU","52193","12","d10","1","Leuroglossus stilbius",0,"22-1",37.89730667,-122.8637667,0,0
"MFU","52193","12","d10","1","Merluccius productus",0,"22-1",37.89730667,-122.8637667,0,0
"MFU","52193","12","d10","1","Merluccius productus",0,"22-1",37.89730667,-122.8637667,0,0
"MFU","52193","12","d10","1","Microstomus pacificus",0,"22-1",37.89730667,-122.8637667,0,0
"MFU","52193","12","d10","1","Sardinops sagax",0,"22-1",37.89730667,-122.8637667,0,0
"MFU","52193","12","d10","1","Scomber japonicus",0,"22-1",37.89730667,-122.8637667,0,0
"MFU","52193","12","d10","1","Sebastes entomelas",0,"22-1",37.89730667,-122.8637667,0,0
"MFU","52193","12","d10","1","Stenobrachius leucopsarus",0,"22-1",37.89730667,-122.8637667,0,0
"MFU","52193","12","d10","1","Stenobrachius leucopsarus",0,"22-1",37.89730667,-122.8637667,0,0
"MFU","52193","12","d10","1","Tactostoma macropus",0,"22-1",37.89730667,-122.8637667,0,0
"MFU","52193","12","d10","1","Tarletonbeania crenularis",0,"22-1",37.89730667,-122.8637667,0,0
"MFU","52193","12","d10","1","Tarletonbeania crenularis",0,"22-1",37.89730667,-122.8637667,0,0
"MFU","52193","12","d10","1","Thaleichthys pacificus",0,"22-1",37.89730667,-122.8637667,0,0
"MFU","52193","12","d10","1","Trachurus symmetricus",0,"22-1",37.89730667,-122.8637667,0,0
"MFU","52193","12","d10","1","Trachurus symmetricus",0,"22-1",37.89730667,-122.8637667,0,0
"MFU","52193","1201","d5","1","Clupea pallasii",0,"65-5",45.063045,-124.8618883,0,0
"MFU","52193","1201","d5","1","Engraulis mordax",38877,"65-5",45.063045,-124.8618883,0,0
"MFU","52193","1201","d5","1","Leuroglossus stilbius",0,"65-5",45.063045,-124.8618883,0,0
"MFU","52193","1201","d5","1","Merluccius productus",0,"65-5",45.063045,-124.8618883,0,0
"MFU","52193","1201","d5","1","Merluccius productus",58,"65-5",45.063045,-124.8618883,0,0
"MFU","52193","1201","d5","1","Microstomus pacificus",0,"65-5",45.063045,-124.8618883,0,0
"MFU","52193","1201","d5","1","Sardinops sagax",5506,"65-5",45.063045,-124.8618883,0,0
"MFU","52193","1201","d5","1","Scomber japonicus",2882,"65-5",45.063045,-124.8618883,0,0
"MFU","52193","1201","d5","1","Sebastes entomelas",0,"65-5",45.063045,-124.8618883,0,0
"MFU","52193","1201","d5","1","Stenobrachius leucopsarus",0,"65-5",45.063045,-124.8618883,0,0
"MFU","52193","1201","d5","1","Stenobrachius leucopsarus",0,"65-5",45.063045,-124.8618883,0,0
"MFU","52193","1201","d5","1","Tactostoma macropus",0,"65-5",45.063045,-124.8618883,0,0
"MFU","52193","1201","d5","1","Tarletonbeania crenularis",0,"65-5",45.063045,-124.8618883,0,0
"MFU","52193","1201","d5","1","Tarletonbeania crenularis",0,"65-5",45.063045,-124.8618883,0,0
"MFU","52193","1201","d5","1","Thaleichthys pacificus",180,"65-5",45.063045,-124.8618883,0,0
"MFU","52193","1201","d5","1","Trachurus symmetricus",0,"65-5",45.063045,-124.8618883,0,0
"MFU","52193","1201","d5","1","Trachurus symmetricus",0,"65-5",45.063045,-124.8618883,0,0
"MFU","52193","1209","d5","1","Clupea pallasii",6367,"67-1",45.39631833,-124.0406283,0,0
"MFU","52193","1209","d5","1","Engraulis mordax",25579,"67-1",45.39631833,-124.0406283,0,0
"MFU","52193","1209","d5","1","Leuroglossus stilbius",0,"67-1",45.39631833,-124.0406283,0,0
"MFU","52193","1209","d5","1","Merluccius productus",0,"67-1",45.39631833,-124.0406283,0,0
"MFU","52193","1209","d5","1","Merluccius productus",0,"67-1",45.39631833,-124.0406283,0,0
"MFU","52193","1209","d5","1","Microstomus pacificus",0,"67-1",45.39631833,-124.0406283,0,0
"MFU","52193","1209","d5","1","Sardinops sagax",1556,"67-1",45.39631833,-124.0406283,0,0
"MFU","52193","1209","d5","1","Scomber japonicus",0,"67-1",45.39631833,-124.0406283,0,0
"MFU","52193","1209","d5","1","Sebastes entomelas",0,"67-1",45.39631833,-124.0406283,0,0
"MFU","52193","1209","d5","1","Stenobrachius leucopsarus",0,"67-1",45.39631833,-124.0406283,0,0
"MFU","52193","1209","d5","1","Stenobrachius leucopsarus",0,"67-1",45.39631833,-124.0406283,0,0
"MFU","52193","1209","d5","1","Tactostoma macropus",0,"67-1",45.39631833,-124.0406283,0,0
"MFU","52193","1209","d5","1","Tarletonbeania crenularis",0,"67-1",45.39631833,-124.0406283,0,0
"MFU","52193","1209","d5","1","Tarletonbeania crenularis",0,"67-1",45.39631833,-124.0406283,0,0
"MFU","52193","1209","d5","1","Thaleichthys pacificus",0,"67-1",45.39631833,-124.0406283,0,0
"MFU","52193","1209","d5","1","Trachurus symmetricus",0,"67-1",45.39631833,-124.0406283,0,0
"MFU","52193","1209","d5","1","Trachurus symmetricus",736,"67-1",45.39631833,-124.0406283,0,0
"MFU","52193","1215","d1","1","Clupea pallasii",0,"67-2",45.39731667,-124.21765,50,50
"MFU","52193","1215","d1","1","Engraulis mordax",4777,"67-2",45.39731667,-124.21765,50,50
"MFU","52193","1215","d1","1","Leuroglossus stilbius",0,"67-2",45.39731667,-124.21765,50,50
"MFU","52193","1215","d1","1","Merluccius productus",5563,"67-2",45.39731667,-124.21765,50,50
"MFU","52193","1215","d1","1","Merluccius productus",23960,"67-2",45.39731667,-124.21765,50,50
"MFU","52193","1215","d1","1","Microstomus pacificus",0,"67-2",45.39731667,-124.21765,50,50
"MFU","52193","1215","d1","1","Sardinops sagax",743,"67-2",45.39731667,-124.21765,50,50
"MFU","52193","1215","d1","1","Scomber japonicus",0,"67-2",45.39731667,-124.21765,50,50
"MFU","52193","1215","d1","1","Sebastes entomelas",1458,"67-2",45.39731667,-124.21765,50,50
"MFU","52193","1215","d1","1","Stenobrachius leucopsarus",0,"67-2",45.39731667,-124.21765,50,50
"MFU","52193","1215","d1","1","Stenobrachius leucopsarus",0,"67-2",45.39731667,-124.21765,50,50
"MFU","52193","1215","d1","1","Tactostoma macropus",0,"67-2",45.39731667,-124.21765,50,50
"MFU","52193","1215","d1","1","Tarletonbeania crenularis",0,"67-2",45.39731667,-124.21765,50,50
"MFU","52193","1215","d1","1","Tarletonbeania crenularis",0,"67-2",45.39731667,-124.21765,50,50
"MFU","52193","1215","d1","1","Thaleichthys pacificus",0,"67-2",45.39731667,-124.21765,50,50
"MFU","52193","1215","d1","1","Trachurus symmetricus",0,"67-2",45.39731667,-124.21765,50,50
"MFU","52193","1215","d1","1","Trachurus symmetricus",399,"67-2",45.39731667,-124.21765,50,50
"MFU","52193","1217","d10","1","Clupea pallasii",0,"67-2",45.39731667,-124.21765,0,0
"MFU","52193","1217","d10","1","Engraulis mordax",883,"67-2",45.39731667,-124.21765,0,0
"MFU","52193","1217","d10","1","Leuroglossus stilbius",0,"67-2",45.39731667,-124.21765,0,0
"MFU","52193","1217","d10","1","Merluccius productus",0,"67-2",45.39731667,-124.21765,0,0
"MFU","52193","1217","d10","1","Merluccius productus",491,"67-2",45.39731667,-124.21765,0,0
"MFU","52193","1217","d10","1","Microstomus pacificus",0,"67-2",45.39731667,-124.21765,0,0
"MFU","52193","1217","d10","1","Sardinops sagax",3589,"67-2",45.39731667,-124.21765,0,0
"MFU","52193","1217","d10","1","Scomber japonicus",241275,"67-2",45.39731667,-124.21765,0,0
"MFU","52193","1217","d10","1","Sebastes entomelas",0,"67-2",45.39731667,-124.21765,0,0
"MFU","52193","1217","d10","1","Stenobrachius leucopsarus",0,"67-2",45.39731667,-124.21765,0,0
"MFU","52193","1217","d10","1","Stenobrachius leucopsarus",0,"67-2",45.39731667,-124.21765,0,0
"MFU","52193","1217","d10","1","Tactostoma macropus",0,"67-2",45.39731667,-124.21765,0,0
"MFU","52193","1217","d10","1","Tarletonbeania crenularis",0,"67-2",45.39731667,-124.21765,0,0
"MFU","52193","1217","d10","1","Tarletonbeania crenularis",0,"67-2",45.39731667,-124.21765,0,0
"MFU","52193","1217","d10","1","Thaleichthys pacificus",0,"67-2",45.39731667,-124.21765,0,0
"MFU","52193","1217","d10","1","Trachurus symmetricus",0,"67-2",45.39731667,-124.21765,0,0
"MFU","52193","1217","d10","1","Trachurus symmetricus",0,"67-2",45.39731667,-124.21765,0,0
"MFU","52193","1226","d1","1","Clupea pallasii",0,"67-3",45.39612167,-124.4226133,50,50
"MFU","52193","1226","d1","1","Engraulis mordax",9099,"67-3",45.39612167,-124.4226133,50,50
"MFU","52193","1226","d1","1","Leuroglossus stilbius",0,"67-3",45.39612167,-124.4226133,50,50
"MFU","52193","1226","d1","1","Merluccius productus",5758,"67-3",45.39612167,-124.4226133,50,50
"MFU","52193","1226","d1","1","Merluccius productus",10989,"67-3",45.39612167,-124.4226133,50,50
"MFU","52193","1226","d1","1","Microstomus pacificus",0,"67-3",45.39612167,-124.4226133,50,50
"MFU","52193","1226","d1","1","Sardinops sagax",4717,"67-3",45.39612167,-124.4226133,50,50
"MFU","52193","1226","d1","1","Scomber japonicus",0,"67-3",45.39612167,-124.4226133,50,50
"MFU","52193","1226","d1","1","Sebastes entomelas",0,"67-3",45.39612167,-124.4226133,50,50
"MFU","52193","1226","d1","1","Stenobrachius leucopsarus",0,"67-3",45.39612167,-124.4226133,50,50
"MFU","52193","1226","d1","1","Stenobrachius leucopsarus",1200,"67-3",45.39612167,-124.4226133,50,50
"MFU","52193","1226","d1","1","Tactostoma macropus",0,"67-3",45.39612167,-124.4226133,50,50
"MFU","52193","1226","d1","1","Tarletonbeania crenularis",0,"67-3",45.39612167,-124.4226133,50,50
"MFU","52193","1226","d1","1","Tarletonbeania crenularis",0,"67-3",45.39612167,-124.4226133,50,50
"MFU","52193","1226","d1","1","Thaleichthys pacificus",0,"67-3",45.39612167,-124.4226133,50,50
"MFU","52193","1226","d1","1","Trachurus symmetricus",0,"67-3",45.39612167,-124.4226133,50,50
"MFU","52193","1226","d1","1","Trachurus symmetricus",1267,"67-3",45.39612167,-124.4226133,50,50
"MFU","52193","1227","d5","1","Clupea pallasii",0,"67-3",45.39612167,-124.4226133,0,0
"MFU","52193","1227","d5","1","Engraulis mordax",82494,"67-3",45.39612167,-124.4226133,0,0
"MFU","52193","1227","d5","1","Leuroglossus stilbius",0,"67-3",45.39612167,-124.4226133,0,0
"MFU","52193","1227","d5","1","Merluccius productus",5268,"67-3",45.39612167,-124.4226133,0,0
"MFU","52193","1227","d5","1","Merluccius productus",6732,"67-3",45.39612167,-124.4226133,0,0
"MFU","52193","1227","d5","1","Microstomus pacificus",0,"67-3",45.39612167,-124.4226133,0,0
"MFU","52193","1227","d5","1","Sardinops sagax",163,"67-3",45.39612167,-124.4226133,0,0
"MFU","52193","1227","d5","1","Scomber japonicus",558,"67-3",45.39612167,-124.4226133,0,0
"MFU","52193","1227","d5","1","Sebastes entomelas",0,"67-3",45.39612167,-124.4226133,0,0
"MFU","52193","1227","d5","1","Stenobrachius leucopsarus",0,"67-3",45.39612167,-124.4226133,0,0
"MFU","52193","1227","d5","1","Stenobrachius leucopsarus",0,"67-3",45.39612167,-124.4226133,0,0
"MFU","52193","1227","d5","1","Tactostoma macropus",0,"67-3",45.39612167,-124.4226133,0,0
"MFU","52193","1227","d5","1","Tarletonbeania crenularis",0,"67-3",45.39612167,-124.4226133,0,0
"MFU","52193","1227","d5","1","Tarletonbeania crenularis",0,"67-3",45.39612167,-124.4226133,0,0
"MFU","52193","1227","d5","1","Thaleichthys pacificus",0,"67-3",45.39612167,-124.4226133,0,0
"MFU","52193","1227","d5","1","Trachurus symmetricus",0,"67-3",45.39612167,-124.4226133,0,0
"MFU","52193","1227","d5","1","Trachurus symmetricus",660,"67-3",45.39612167,-124.4226133,0,0
"MFU","52193","1229","d1","1","Clupea pallasii",0,"67-4",45.39651833,-124.70627,485,500
"MFU","52193","1229","d1","1","Engraulis mordax",6426,"67-4",45.39651833,-124.70627,485,500
"MFU","52193","1229","d1","1","Leuroglossus stilbius",0,"67-4",45.39651833,-124.70627,485,500
"MFU","52193","1229","d1","1","Merluccius productus",0,"67-4",45.39651833,-124.70627,485,500
"MFU","52193","1229","d1","1","Merluccius productus",13169,"67-4",45.39651833,-124.70627,485,500
"MFU","52193","1229","d1","1","Microstomus pacificus",6672,"67-4",45.39651833,-124.70627,485,500
"MFU","52193","1229","d1","1","Sardinops sagax",0,"67-4",45.39651833,-124.70627,485,500
"MFU","52193","1229","d1","1","Scomber japonicus",0,"67-4",45.39651833,-124.70627,485,500
"MFU","52193","1229","d1","1","Sebastes entomelas",0,"67-4",45.39651833,-124.70627,485,500
"MFU","52193","1229","d1","1","Stenobrachius leucopsarus",0,"67-4",45.39651833,-124.70627,485,500
"MFU","52193","1229","d1","1","Stenobrachius leucopsarus",27079,"67-4",45.39651833,-124.70627,485,500
"MFU","52193","1229","d1","1","Tactostoma macropus",0,"67-4",45.39651833,-124.70627,485,500
"MFU","52193","1229","d1","1","Tarletonbeania crenularis",0,"67-4",45.39651833,-124.70627,485,500
"MFU","52193","1229","d1","1","Tarletonbeania crenularis",2455,"67-4",45.39651833,-124.70627,485,500
"MFU","52193","1229","d1","1","Thaleichthys pacificus",0,"67-4",45.39651833,-124.70627,485,500
"MFU","52193","1229","d1","1","Trachurus symmetricus",0,"67-4",45.39651833,-124.70627,485,500
"MFU","52193","1229","d1","1","Trachurus symmetricus",0,"67-4",45.39651833,-124.70627,485,500
"MFU","52193","1231","d1","1","Clupea pallasii",0,"67-4",45.39651833,-124.70627,300,300
"MFU","52193","1231","d1","1","Engraulis mordax",0,"67-4",45.39651833,-124.70627,300,300
"MFU","52193","1231","d1","1","Leuroglossus stilbius",0,"67-4",45.39651833,-124.70627,300,300
"MFU","52193","1231","d1","1","Merluccius productus",0,"67-4",45.39651833,-124.70627,300,300
"MFU","52193","1231","d1","1","Merluccius productus",0,"67-4",45.39651833,-124.70627,300,300
"MFU","52193","1231","d1","1","Microstomus pacificus",0,"67-4",45.39651833,-124.70627,300,300
"MFU","52193","1231","d1","1","Sardinops sagax",0,"67-4",45.39651833,-124.70627,300,300
"MFU","52193","1231","d1","1","Scomber japonicus",0,"67-4",45.39651833,-124.70627,300,300
"MFU","52193","1231","d1","1","Sebastes entomelas",0,"67-4",45.39651833,-124.70627,300,300
"MFU","52193","1231","d1","1","Stenobrachius leucopsarus",0,"67-4",45.39651833,-124.70627,300,300
"MFU","52193","1231","d1","1","Stenobrachius leucopsarus",0,"67-4",45.39651833,-124.70627,300,300
"MFU","52193","1231","d1","1","Tactostoma macropus",0,"67-4",45.39651833,-124.70627,300,300
"MFU","52193","1231","d1","1","Tarletonbeania crenularis",0,"67-4",45.39651833,-124.70627,300,300
"MFU","52193","1231","d1","1","Tarletonbeania crenularis",9780,"67-4",45.39651833,-124.70627,300,300
"MFU","52193","1231","d1","1","Thaleichthys pacificus",0,"67-4",45.39651833,-124.70627,300,300
"MFU","52193","1231","d1","1","Trachurus symmetricus",0,"67-4",45.39651833,-124.70627,300,300
"MFU","52193","1231","d1","1","Trachurus symmetricus",0,"67-4",45.39651833,-124.70627,300,300
"MFU","52193","1233","d1","1","Clupea pallasii",0,"67-4",45.39651833,-124.70627,150,150
"MFU","52193","1233","d1","1","Engraulis mordax",0,"67-4",45.39651833,-124.70627,150,150
"MFU","52193","1233","d1","1","Leuroglossus stilbius",0,"67-4",45.39651833,-124.70627,150,150
"MFU","52193","1233","d1","1","Merluccius productus",0,"67-4",45.39651833,-124.70627,150,150
"MFU","52193","1233","d1","1","Merluccius productus",0,"67-4",45.39651833,-124.70627,150,150
"MFU","52193","1233","d1","1","Microstomus pacificus",0,"67-4",45.39651833,-124.70627,150,150
"MFU","52193","1233","d1","1","Sardinops sagax",0,"67-4",45.39651833,-124.70627,150,150
"MFU","52193","1233","d1","1","Scomber japonicus",0,"67-4",45.39651833,-124.70627,150,150
"MFU","52193","1233","d1","1","Sebastes entomelas",0,"67-4",45.39651833,-124.70627,150,150
"MFU","52193","1233","d1","1","Stenobrachius leucopsarus",0,"67-4",45.39651833,-124.70627,150,150
"MFU","52193","1233","d1","1","Stenobrachius leucopsarus",0,"67-4",45.39651833,-124.70627,150,150
"MFU","52193","1233","d1","1","Tactostoma macropus",0,"67-4",45.39651833,-124.70627,150,150
"MFU","52193","1233","d1","1","Tarletonbeania crenularis",0,"67-4",45.39651833,-124.70627,150,150
"MFU","52193","1233","d1","1","Tarletonbeania crenularis",2373,"67-4",45.39651833,-124.70627,150,150
"MFU","52193","1233","d1","1","Thaleichthys pacificus",0,"67-4",45.39651833,-124.70627,150,150
"MFU","52193","1233","d1","1","Trachurus symmetricus",0,"67-4",45.39651833,-124.70627,150,150
"MFU","52193","1233","d1","1","Trachurus symmetricus",0,"67-4",45.39651833,-124.70627,150,150
"MFU","52193","1239","d5","1","Clupea pallasii",0,"67-4",45.39651833,-124.70627,0,0
"MFU","52193","1239","d5","1","Engraulis mordax",41020,"67-4",45.39651833,-124.70627,0,0
"MFU","52193","1239","d5","1","Leuroglossus stilbius",0,"67-4",45.39651833,-124.70627,0,0
"MFU","52193","1239","d5","1","Merluccius productus",0,"67-4",45.39651833,-124.70627,0,0
"MFU","52193","1239","d5","1","Merluccius productus",0,"67-4",45.39651833,-124.70627,0,0
"MFU","52193","1239","d5","1","Microstomus pacificus",0,"67-4",45.39651833,-124.70627,0,0
"MFU","52193","1239","d5","1","Sardinops sagax",17,"67-4",45.39651833,-124.70627,0,0
"MFU","52193","1239","d5","1","Scomber japonicus",9,"67-4",45.39651833,-124.70627,0,0
"MFU","52193","1239","d5","1","Sebastes entomelas",0,"67-4",45.39651833,-124.70627,0,0
"MFU","52193","1239","d5","1","Stenobrachius leucopsarus",0,"67-4",45.39651833,-124.70627,0,0
"MFU","52193","1239","d5","1","Stenobrachius leucopsarus",0,"67-4",45.39651833,-124.70627,0,0
"MFU","52193","1239","d5","1","Tactostoma macropus",13,"67-4",45.39651833,-124.70627,0,0
"MFU","52193","1239","d5","1","Tarletonbeania crenularis",0,"67-4",45.39651833,-124.70627,0,0
"MFU","52193","1239","d5","1","Tarletonbeania crenularis",0,"67-4",45.39651833,-124.70627,0,0
"MFU","52193","1239","d5","1","Thaleichthys pacificus",0,"67-4",45.39651833,-124.70627,0,0
"MFU","52193","1239","d5","1","Trachurus symmetricus",0,"67-4",45.39651833,-124.70627,0,0
"MFU","52193","1239","d5","1","Trachurus symmetricus",0,"67-4",45.39651833,-124.70627,0,0
"MFU","52193","124","d1","1","Clupea pallasii",0,"27-2",38.730965,-123.7684633,50,50
"MFU","52193","124","d1","1","Engraulis mordax",0,"27-2",38.730965,-123.7684633,50,50
"MFU","52193","124","d1","1","Leuroglossus stilbius",0,"27-2",38.730965,-123.7684633,50,50
"MFU","52193","124","d1","1","Merluccius productus",0,"27-2",38.730965,-123.7684633,50,50
"MFU","52193","124","d1","1","Merluccius productus",89235,"27-2",38.730965,-123.7684633,50,50
"MFU","52193","124","d1","1","Microstomus pacificus",0,"27-2",38.730965,-123.7684633,50,50
"MFU","52193","124","d1","1","Sardinops sagax",3907,"27-2",38.730965,-123.7684633,50,50
"MFU","52193","124","d1","1","Scomber japonicus",0,"27-2",38.730965,-123.7684633,50,50
"MFU","52193","124","d1","1","Sebastes entomelas",0,"27-2",38.730965,-123.7684633,50,50
"MFU","52193","124","d1","1","Stenobrachius leucopsarus",0,"27-2",38.730965,-123.7684633,50,50
"MFU","52193","124","d1","1","Stenobrachius leucopsarus",0,"27-2",38.730965,-123.7684633,50,50
"MFU","52193","124","d1","1","Tactostoma macropus",0,"27-2",38.730965,-123.7684633,50,50
"MFU","52193","124","d1","1","Tarletonbeania crenularis",0,"27-2",38.730965,-123.7684633,50,50
"MFU","52193","124","d1","1","Tarletonbeania crenularis",0,"27-2",38.730965,-123.7684633,50,50
"MFU","52193","124","d1","1","Thaleichthys pacificus",0,"27-2",38.730965,-123.7684633,50,50
"MFU","52193","124","d1","1","Trachurus symmetricus",0,"27-2",38.730965,-123.7684633,50,50
"MFU","52193","124","d1","1","Trachurus symmetricus",10281,"27-2",38.730965,-123.7684633,50,50
"MFU","52193","1241","d1","1","Clupea pallasii",0,"67-5",45.39821167,-124.8227467,500,500
"MFU","52193","1241","d1","1","Engraulis mordax",0,"67-5",45.39821167,-124.8227467,500,500
"MFU","52193","1241","d1","1","Leuroglossus stilbius",0,"67-5",45.39821167,-124.8227467,500,500
"MFU","52193","1241","d1","1","Merluccius productus",0,"67-5",45.39821167,-124.8227467,500,500
"MFU","52193","1241","d1","1","Merluccius productus",2559,"67-5",45.39821167,-124.8227467,500,500
"MFU","52193","1241","d1","1","Microstomus pacificus",0,"67-5",45.39821167,-124.8227467,500,500
"MFU","52193","1241","d1","1","Sardinops sagax",0,"67-5",45.39821167,-124.8227467,500,500
"MFU","52193","1241","d1","1","Scomber japonicus",0,"67-5",45.39821167,-124.8227467,500,500
"MFU","52193","1241","d1","1","Sebastes entomelas",0,"67-5",45.39821167,-124.8227467,500,500
"MFU","52193","1241","d1","1","Stenobrachius leucopsarus",0,"67-5",45.39821167,-124.8227467,500,500
"MFU","52193","1241","d1","1","Stenobrachius leucopsarus",22264,"67-5",45.39821167,-124.8227467,500,500
"MFU","52193","1241","d1","1","Tactostoma macropus",0,"67-5",45.39821167,-124.8227467,500,500
"MFU","52193","1241","d1","1","Tarletonbeania crenularis",0,"67-5",45.39821167,-124.8227467,500,500
"MFU","52193","1241","d1","1","Tarletonbeania crenularis",0,"67-5",45.39821167,-124.8227467,500,500
"MFU","52193","1241","d1","1","Thaleichthys pacificus",0,"67-5",45.39821167,-124.8227467,500,500
"MFU","52193","1241","d1","1","Trachurus symmetricus",0,"67-5",45.39821167,-124.8227467,500,500
"MFU","52193","1241","d1","1","Trachurus symmetricus",0,"67-5",45.39821167,-124.8227467,500,500
"MFU","52193","1243","d1","1","Clupea pallasii",0,"67-5",45.39821167,-124.8227467,300,300
"MFU","52193","1243","d1","1","Engraulis mordax",0,"67-5",45.39821167,-124.8227467,300,300
"MFU","52193","1243","d1","1","Leuroglossus stilbius",0,"67-5",45.39821167,-124.8227467,300,300
"MFU","52193","1243","d1","1","Merluccius productus",0,"67-5",45.39821167,-124.8227467,300,300
"MFU","52193","1243","d1","1","Merluccius productus",0,"67-5",45.39821167,-124.8227467,300,300
"MFU","52193","1243","d1","1","Microstomus pacificus",0,"67-5",45.39821167,-124.8227467,300,300
"MFU","52193","1243","d1","1","Sardinops sagax",0,"67-5",45.39821167,-124.8227467,300,300
"MFU","52193","1243","d1","1","Scomber japonicus",0,"67-5",45.39821167,-124.8227467,300,300
"MFU","52193","1243","d1","1","Sebastes entomelas",0,"67-5",45.39821167,-124.8227467,300,300
"MFU","52193","1243","d1","1","Stenobrachius leucopsarus",0,"67-5",45.39821167,-124.8227467,300,300
"MFU","52193","1243","d1","1","Stenobrachius leucopsarus",0,"67-5",45.39821167,-124.8227467,300,300
"MFU","52193","1243","d1","1","Tactostoma macropus",0,"67-5",45.39821167,-124.8227467,300,300
"MFU","52193","1243","d1","1","Tarletonbeania crenularis",0,"67-5",45.39821167,-124.8227467,300,300
"MFU","52193","1243","d1","1","Tarletonbeania crenularis",0,"67-5",45.39821167,-124.8227467,300,300
"MFU","52193","1243","d1","1","Thaleichthys pacificus",0,"67-5",45.39821167,-124.8227467,300,300
"MFU","52193","1243","d1","1","Trachurus symmetricus",0,"67-5",45.39821167,-124.8227467,300,300
"MFU","52193","1243","d1","1","Trachurus symmetricus",0,"67-5",45.39821167,-124.8227467,300,300
"MFU","52193","1243","d10","1","Clupea pallasii",0,"67-5",45.39821167,-124.8227467,300,300
"MFU","52193","1243","d10","1","Engraulis mordax",0,"67-5",45.39821167,-124.8227467,300,300
"MFU","52193","1243","d10","1","Leuroglossus stilbius",0,"67-5",45.39821167,-124.8227467,300,300
"MFU","52193","1243","d10","1","Merluccius productus",0,"67-5",45.39821167,-124.8227467,300,300
"MFU","52193","1243","d10","1","Merluccius productus",0,"67-5",45.39821167,-124.8227467,300,300
"MFU","52193","1243","d10","1","Microstomus pacificus",0,"67-5",45.39821167,-124.8227467,300,300
"MFU","52193","1243","d10","1","Sardinops sagax",0,"67-5",45.39821167,-124.8227467,300,300
"MFU","52193","1243","d10","1","Scomber japonicus",0,"67-5",45.39821167,-124.8227467,300,300
"MFU","52193","1243","d10","1","Sebastes entomelas",0,"67-5",45.39821167,-124.8227467,300,300
"MFU","52193","1243","d10","1","Stenobrachius leucopsarus",0,"67-5",45.39821167,-124.8227467,300,300
"MFU","52193","1243","d10","1","Stenobrachius leucopsarus",0,"67-5",45.39821167,-124.8227467,300,300
"MFU","52193","1243","d10","1","Tactostoma macropus",0,"67-5",45.39821167,-124.8227467,300,300
"MFU","52193","1243","d10","1","Tarletonbeania crenularis",0,"67-5",45.39821167,-124.8227467,300,300
"MFU","52193","1243","d10","1","Tarletonbeania crenularis",538,"67-5",45.39821167,-124.8227467,300,300
"MFU","52193","1243","d10","1","Thaleichthys pacificus",0,"67-5",45.39821167,-124.8227467,300,300
"MFU","52193","1243","d10","1","Trachurus symmetricus",0,"67-5",45.39821167,-124.8227467,300,300
"MFU","52193","1243","d10","1","Trachurus symmetricus",0,"67-5",45.39821167,-124.8227467,300,300
"MFU","52193","1245","d10","1","Clupea pallasii",0,"67-5",45.39821167,-124.8227467,150,150
"MFU","52193","1245","d10","1","Engraulis mordax",0,"67-5",45.39821167,-124.8227467,150,150
"MFU","52193","1245","d10","1","Leuroglossus stilbius",0,"67-5",45.39821167,-124.8227467,150,150
"MFU","52193","1245","d10","1","Merluccius productus",0,"67-5",45.39821167,-124.8227467,150,150
"MFU","52193","1245","d10","1","Merluccius productus",290,"67-5",45.39821167,-124.8227467,150,150
"MFU","52193","1245","d10","1","Microstomus pacificus",0,"67-5",45.39821167,-124.8227467,150,150
"MFU","52193","1245","d10","1","Sardinops sagax",0,"67-5",45.39821167,-124.8227467,150,150
"MFU","52193","1245","d10","1","Scomber japonicus",0,"67-5",45.39821167,-124.8227467,150,150
"MFU","52193","1245","d10","1","Sebastes entomelas",0,"67-5",45.39821167,-124.8227467,150,150
"MFU","52193","1245","d10","1","Stenobrachius leucopsarus",0,"67-5",45.39821167,-124.8227467,150,150
"MFU","52193","1245","d10","1","Stenobrachius leucopsarus",0,"67-5",45.39821167,-124.8227467,150,150
"MFU","52193","1245","d10","1","Tactostoma macropus",0,"67-5",45.39821167,-124.8227467,150,150
"MFU","52193","1245","d10","1","Tarletonbeania crenularis",0,"67-5",45.39821167,-124.8227467,150,150
"MFU","52193","1245","d10","1","Tarletonbeania crenularis",0,"67-5",45.39821167,-124.8227467,150,150
"MFU","52193","1245","d10","1","Thaleichthys pacificus",0,"67-5",45.39821167,-124.8227467,150,150
"MFU","52193","1245","d10","1","Trachurus symmetricus",0,"67-5",45.39821167,-124.8227467,150,150
"MFU","52193","1245","d10","1","Trachurus symmetricus",0,"67-5",45.39821167,-124.8227467,150,150
"MFU","52193","1249","d10","1","Clupea pallasii",0,"67-5",45.39821167,-124.8227467,50,50
"MFU","52193","1249","d10","1","Engraulis mordax",0,"67-5",45.39821167,-124.8227467,50,50
"MFU","52193","1249","d10","1","Leuroglossus stilbius",0,"67-5",45.39821167,-124.8227467,50,50
"MFU","52193","1249","d10","1","Merluccius productus",0,"67-5",45.39821167,-124.8227467,50,50
"MFU","52193","1249","d10","1","Merluccius productus",0,"67-5",45.39821167,-124.8227467,50,50
"MFU","52193","1249","d10","1","Microstomus pacificus",0,"67-5",45.39821167,-124.8227467,50,50
"MFU","52193","1249","d10","1","Sardinops sagax",0,"67-5",45.39821167,-124.8227467,50,50
"MFU","52193","1249","d10","1","Scomber japonicus",0,"67-5",45.39821167,-124.8227467,50,50
"MFU","52193","1249","d10","1","Sebastes entomelas",0,"67-5",45.39821167,-124.8227467,50,50
"MFU","52193","1249","d10","1","Stenobrachius leucopsarus",0,"67-5",45.39821167,-124.8227467,50,50
"MFU","52193","1249","d10","1","Stenobrachius leucopsarus",0,"67-5",45.39821167,-124.8227467,50,50
"MFU","52193","1249","d10","1","Tactostoma macropus",0,"67-5",45.39821167,-124.8227467,50,50
"MFU","52193","1249","d10","1","Tarletonbeania crenularis",0,"67-5",45.39821167,-124.8227467,50,50
"MFU","52193","1249","d10","1","Tarletonbeania crenularis",714,"67-5",45.39821167,-124.8227467,50,50
"MFU","52193","1249","d10","1","Thaleichthys pacificus",0,"67-5",45.39821167,-124.8227467,50,50
"MFU","52193","1249","d10","1","Trachurus symmetricus",0,"67-5",45.39821167,-124.8227467,50,50
"MFU","52193","1249","d10","1","Trachurus symmetricus",0,"67-5",45.39821167,-124.8227467,50,50
"MFU","52193","1251","d5","1","Clupea pallasii",0,"67-5",45.39821167,-124.8227467,0,0
"MFU","52193","1251","d5","1","Engraulis mordax",234477,"67-5",45.39821167,-124.8227467,0,0
"MFU","52193","1251","d5","1","Leuroglossus stilbius",0,"67-5",45.39821167,-124.8227467,0,0
"MFU","52193","1251","d5","1","Merluccius productus",0,"67-5",45.39821167,-124.8227467,0,0
"MFU","52193","1251","d5","1","Merluccius productus",0,"67-5",45.39821167,-124.8227467,0,0
"MFU","52193","1251","d5","1","Microstomus pacificus",0,"67-5",45.39821167,-124.8227467,0,0
"MFU","52193","1251","d5","1","Sardinops sagax",0,"67-5",45.39821167,-124.8227467,0,0
"MFU","52193","1251","d5","1","Scomber japonicus",0,"67-5",45.39821167,-124.8227467,0,0
"MFU","52193","1251","d5","1","Sebastes entomelas",0,"67-5",45.39821167,-124.8227467,0,0
"MFU","52193","1251","d5","1","Stenobrachius leucopsarus",0,"67-5",45.39821167,-124.8227467,0,0
"MFU","52193","1251","d5","1","Stenobrachius leucopsarus",0,"67-5",45.39821167,-124.8227467,0,0
"MFU","52193","1251","d5","1","Tactostoma macropus",487,"67-5",45.39821167,-124.8227467,0,0
"MFU","52193","1251","d5","1","Tarletonbeania crenularis",0,"67-5",45.39821167,-124.8227467,0,0
"MFU","52193","1251","d5","1","Tarletonbeania crenularis",0,"67-5",45.39821167,-124.8227467,0,0
"MFU","52193","1251","d5","1","Thaleichthys pacificus",0,"67-5",45.39821167,-124.8227467,0,0
"MFU","52193","1251","d5","1","Trachurus symmetricus",0,"67-5",45.39821167,-124.8227467,0,0
"MFU","52193","1251","d5","1","Trachurus symmetricus",2865,"67-5",45.39821167,-124.8227467,0,0
"MFU","52193","1253","d1","1","Clupea pallasii",0,"67-6",45.39852333,-124.9396417,500,500
"MFU","52193","1253","d1","1","Engraulis mordax",0,"67-6",45.39852333,-124.9396417,500,500
"MFU","52193","1253","d1","1","Leuroglossus stilbius",0,"67-6",45.39852333,-124.9396417,500,500
"MFU","52193","1253","d1","1","Merluccius productus",0,"67-6",45.39852333,-124.9396417,500,500
"MFU","52193","1253","d1","1","Merluccius productus",0,"67-6",45.39852333,-124.9396417,500,500
"MFU","52193","1253","d1","1","Microstomus pacificus",0,"67-6",45.39852333,-124.9396417,500,500
"MFU","52193","1253","d1","1","Sardinops sagax",0,"67-6",45.39852333,-124.9396417,500,500
"MFU","52193","1253","d1","1","Scomber japonicus",0,"67-6",45.39852333,-124.9396417,500,500
"MFU","52193","1253","d1","1","Sebastes entomelas",0,"67-6",45.39852333,-124.9396417,500,500
"MFU","52193","1253","d1","1","Stenobrachius leucopsarus",0,"67-6",45.39852333,-124.9396417,500,500
"MFU","52193","1253","d1","1","Stenobrachius leucopsarus",0,"67-6",45.39852333,-124.9396417,500,500
"MFU","52193","1253","d1","1","Tactostoma macropus",0,"67-6",45.39852333,-124.9396417,500,500
"MFU","52193","1253","d1","1","Tarletonbeania crenularis",0,"67-6",45.39852333,-124.9396417,500,500
"MFU","52193","1253","d1","1","Tarletonbeania crenularis",0,"67-6",45.39852333,-124.9396417,500,500
"MFU","52193","1253","d1","1","Thaleichthys pacificus",0,"67-6",45.39852333,-124.9396417,500,500
"MFU","52193","1253","d1","1","Trachurus symmetricus",0,"67-6",45.39852333,-124.9396417,500,500
"MFU","52193","1253","d1","1","Trachurus symmetricus",0,"67-6",45.39852333,-124.9396417,500,500
"MFU","52193","1253","d10","1","Clupea pallasii",0,"67-6",45.39852333,-124.9396417,500,500
"MFU","52193","1253","d10","1","Engraulis mordax",0,"67-6",45.39852333,-124.9396417,500,500
"MFU","52193","1253","d10","1","Leuroglossus stilbius",0,"67-6",45.39852333,-124.9396417,500,500
"MFU","52193","1253","d10","1","Merluccius productus",0,"67-6",45.39852333,-124.9396417,500,500
"MFU","52193","1253","d10","1","Merluccius productus",0,"67-6",45.39852333,-124.9396417,500,500
"MFU","52193","1253","d10","1","Microstomus pacificus",0,"67-6",45.39852333,-124.9396417,500,500
"MFU","52193","1253","d10","1","Sardinops sagax",0,"67-6",45.39852333,-124.9396417,500,500
"MFU","52193","1253","d10","1","Scomber japonicus",0,"67-6",45.39852333,-124.9396417,500,500
"MFU","52193","1253","d10","1","Sebastes entomelas",0,"67-6",45.39852333,-124.9396417,500,500
"MFU","52193","1253","d10","1","Stenobrachius leucopsarus",0,"67-6",45.39852333,-124.9396417,500,500
"MFU","52193","1253","d10","1","Stenobrachius leucopsarus",159,"67-6",45.39852333,-124.9396417,500,500
"MFU","52193","1253","d10","1","Tactostoma macropus",0,"67-6",45.39852333,-124.9396417,500,500
"MFU","52193","1253","d10","1","Tarletonbeania crenularis",0,"67-6",45.39852333,-124.9396417,500,500
"MFU","52193","1253","d10","1","Tarletonbeania crenularis",0,"67-6",45.39852333,-124.9396417,500,500
"MFU","52193","1253","d10","1","Thaleichthys pacificus",0,"67-6",45.39852333,-124.9396417,500,500
"MFU","52193","1253","d10","1","Trachurus symmetricus",0,"67-6",45.39852333,-124.9396417,500,500
"MFU","52193","1253","d10","1","Trachurus symmetricus",0,"67-6",45.39852333,-124.9396417,500,500
"MFU","52193","1255","d1","1","Clupea pallasii",0,"67-6",45.39852333,-124.9396417,300,300
"MFU","52193","1255","d1","1","Engraulis mordax",0,"67-6",45.39852333,-124.9396417,300,300
"MFU","52193","1255","d1","1","Leuroglossus stilbius",0,"67-6",45.39852333,-124.9396417,300,300
"MFU","52193","1255","d1","1","Merluccius productus",0,"67-6",45.39852333,-124.9396417,300,300
"MFU","52193","1255","d1","1","Merluccius productus",0,"67-6",45.39852333,-124.9396417,300,300
"MFU","52193","1255","d1","1","Microstomus pacificus",0,"67-6",45.39852333,-124.9396417,300,300
"MFU","52193","1255","d1","1","Sardinops sagax",0,"67-6",45.39852333,-124.9396417,300,300
"MFU","52193","1255","d1","1","Scomber japonicus",0,"67-6",45.39852333,-124.9396417,300,300
"MFU","52193","1255","d1","1","Sebastes entomelas",0,"67-6",45.39852333,-124.9396417,300,300
"MFU","52193","1255","d1","1","Stenobrachius leucopsarus",0,"67-6",45.39852333,-124.9396417,300,300
"MFU","52193","1255","d1","1","Stenobrachius leucopsarus",0,"67-6",45.39852333,-124.9396417,300,300
"MFU","52193","1255","d1","1","Tactostoma macropus",0,"67-6",45.39852333,-124.9396417,300,300
"MFU","52193","1255","d1","1","Tarletonbeania crenularis",0,"67-6",45.39852333,-124.9396417,300,300
"MFU","52193","1255","d1","1","Tarletonbeania crenularis",27133,"67-6",45.39852333,-124.9396417,300,300
"MFU","52193","1255","d1","1","Thaleichthys pacificus",0,"67-6",45.39852333,-124.9396417,300,300
"MFU","52193","1255","d1","1","Trachurus symmetricus",0,"67-6",45.39852333,-124.9396417,300,300
"MFU","52193","1255","d1","1","Trachurus symmetricus",0,"67-6",45.39852333,-124.9396417,300,300
"MFU","52193","1257","d1","1","Clupea pallasii",0,"67-6",45.39852333,-124.9396417,150,150
"MFU","52193","1257","d1","1","Engraulis mordax",0,"67-6",45.39852333,-124.9396417,150,150
"MFU","52193","1257","d1","1","Leuroglossus stilbius",0,"67-6",45.39852333,-124.9396417,150,150
"MFU","52193","1257","d1","1","Merluccius productus",0,"67-6",45.39852333,-124.9396417,150,150
"MFU","52193","1257","d1","1","Merluccius productus",780,"67-6",45.39852333,-124.9396417,150,150
"MFU","52193","1257","d1","1","Microstomus pacificus",0,"67-6",45.39852333,-124.9396417,150,150
"MFU","52193","1257","d1","1","Sardinops sagax",0,"67-6",45.39852333,-124.9396417,150,150
"MFU","52193","1257","d1","1","Scomber japonicus",0,"67-6",45.39852333,-124.9396417,150,150
"MFU","52193","1257","d1","1","Sebastes entomelas",0,"67-6",45.39852333,-124.9396417,150,150
"MFU","52193","1257","d1","1","Stenobrachius leucopsarus",0,"67-6",45.39852333,-124.9396417,150,150
"MFU","52193","1257","d1","1","Stenobrachius leucopsarus",1064,"67-6",45.39852333,-124.9396417,150,150
"MFU","52193","1257","d1","1","Tactostoma macropus",0,"67-6",45.39852333,-124.9396417,150,150
"MFU","52193","1257","d1","1","Tarletonbeania crenularis",0,"67-6",45.39852333,-124.9396417,150,150
"MFU","52193","1257","d1","1","Tarletonbeania crenularis",8789,"67-6",45.39852333,-124.9396417,150,150
"MFU","52193","1257","d1","1","Thaleichthys pacificus",0,"67-6",45.39852333,-124.9396417,150,150
"MFU","52193","1257","d1","1","Trachurus symmetricus",0,"67-6",45.39852333,-124.9396417,150,150
"MFU","52193","1257","d1","1","Trachurus symmetricus",0,"67-6",45.39852333,-124.9396417,150,150
"MFU","52193","1261","d5","1","Clupea pallasii",0,"67-6",45.39852333,-124.9396417,50,50
"MFU","52193","1261","d5","1","Engraulis mordax",0,"67-6",45.39852333,-124.9396417,50,50
"MFU","52193","1261","d5","1","Leuroglossus stilbius",0,"67-6",45.39852333,-124.9396417,50,50
"MFU","52193","1261","d5","1","Merluccius productus",0,"67-6",45.39852333,-124.9396417,50,50
"MFU","52193","1261","d5","1","Merluccius productus",0,"67-6",45.39852333,-124.9396417,50,50
"MFU","52193","1261","d5","1","Microstomus pacificus",0,"67-6",45.39852333,-124.9396417,50,50
"MFU","52193","1261","d5","1","Sardinops sagax",0,"67-6",45.39852333,-124.9396417,50,50
"MFU","52193","1261","d5","1","Scomber japonicus",0,"67-6",45.39852333,-124.9396417,50,50
"MFU","52193","1261","d5","1","Sebastes entomelas",0,"67-6",45.39852333,-124.9396417,50,50
"MFU","52193","1261","d5","1","Stenobrachius leucopsarus",0,"67-6",45.39852333,-124.9396417,50,50
"MFU","52193","1261","d5","1","Stenobrachius leucopsarus",0,"67-6",45.39852333,-124.9396417,50,50
"MFU","52193","1261","d5","1","Tactostoma macropus",0,"67-6",45.39852333,-124.9396417,50,50
"MFU","52193","1261","d5","1","Tarletonbeania crenularis",0,"67-6",45.39852333,-124.9396417,50,50
"MFU","52193","1261","d5","1","Tarletonbeania crenularis",0,"67-6",45.39852333,-124.9396417,50,50
"MFU","52193","1261","d5","1","Thaleichthys pacificus",0,"67-6",45.39852333,-124.9396417,50,50
"MFU","52193","1261","d5","1","Trachurus symmetricus",0,"67-6",45.39852333,-124.9396417,50,50
"MFU","52193","1261","d5","1","Trachurus symmetricus",0,"67-6",45.39852333,-124.9396417,50,50
"MFU","52193","1263","d5","1","Clupea pallasii",0,"67-6",45.39852333,-124.9396417,0,0
"MFU","52193","1263","d5","1","Engraulis mordax",301356,"67-6",45.39852333,-124.9396417,0,0
"MFU","52193","1263","d5","1","Leuroglossus stilbius",0,"67-6",45.39852333,-124.9396417,0,0
"MFU","52193","1263","d5","1","Merluccius productus",0,"67-6",45.39852333,-124.9396417,0,0
"MFU","52193","1263","d5","1","Merluccius productus",0,"67-6",45.39852333,-124.9396417,0,0
"MFU","52193","1263","d5","1","Microstomus pacificus",0,"67-6",45.39852333,-124.9396417,0,0
"MFU","52193","1263","d5","1","Sardinops sagax",0,"67-6",45.39852333,-124.9396417,0,0
"MFU","52193","1263","d5","1","Scomber japonicus",8317,"67-6",45.39852333,-124.9396417,0,0
"MFU","52193","1263","d5","1","Sebastes entomelas",0,"67-6",45.39852333,-124.9396417,0,0
"MFU","52193","1263","d5","1","Stenobrachius leucopsarus",0,"67-6",45.39852333,-124.9396417,0,0
"MFU","52193","1263","d5","1","Stenobrachius leucopsarus",0,"67-6",45.39852333,-124.9396417,0,0
"MFU","52193","1263","d5","1","Tactostoma macropus",0,"67-6",45.39852333,-124.9396417,0,0
"MFU","52193","1263","d5","1","Tarletonbeania crenularis",0,"67-6",45.39852333,-124.9396417,0,0
"MFU","52193","1263","d5","1","Tarletonbeania crenularis",0,"67-6",45.39852333,-124.9396417,0,0
"MFU","52193","1263","d5","1","Thaleichthys pacificus",0,"67-6",45.39852333,-124.9396417,0,0
"MFU","52193","1263","d5","1","Trachurus symmetricus",0,"67-6",45.39852333,-124.9396417,0,0
"MFU","52193","1263","d5","1","Trachurus symmetricus",1950,"67-6",45.39852333,-124.9396417,0,0
"MFU","52193","1265","d1","1","Clupea pallasii",0,"67-7",45.398275,-125.0283033,500,500
"MFU","52193","1265","d1","1","Engraulis mordax",0,"67-7",45.398275,-125.0283033,500,500
"MFU","52193","1265","d1","1","Leuroglossus stilbius",0,"67-7",45.398275,-125.0283033,500,500
"MFU","52193","1265","d1","1","Merluccius productus",0,"67-7",45.398275,-125.0283033,500,500
"MFU","52193","1265","d1","1","Merluccius productus",0,"67-7",45.398275,-125.0283033,500,500
"MFU","52193","1265","d1","1","Microstomus pacificus",0,"67-7",45.398275,-125.0283033,500,500
"MFU","52193","1265","d1","1","Sardinops sagax",0,"67-7",45.398275,-125.0283033,500,500
"MFU","52193","1265","d1","1","Scomber japonicus",0,"67-7",45.398275,-125.0283033,500,500
"MFU","52193","1265","d1","1","Sebastes entomelas",0,"67-7",45.398275,-125.0283033,500,500
"MFU","52193","1265","d1","1","Stenobrachius leucopsarus",0,"67-7",45.398275,-125.0283033,500,500
"MFU","52193","1265","d1","1","Stenobrachius leucopsarus",0,"67-7",45.398275,-125.0283033,500,500
"MFU","52193","1265","d1","1","Tactostoma macropus",0,"67-7",45.398275,-125.0283033,500,500
"MFU","52193","1265","d1","1","Tarletonbeania crenularis",0,"67-7",45.398275,-125.0283033,500,500
"MFU","52193","1265","d1","1","Tarletonbeania crenularis",0,"67-7",45.398275,-125.0283033,500,500
"MFU","52193","1265","d1","1","Thaleichthys pacificus",0,"67-7",45.398275,-125.0283033,500,500
"MFU","52193","1265","d1","1","Trachurus symmetricus",0,"67-7",45.398275,-125.0283033,500,500
"MFU","52193","1265","d1","1","Trachurus symmetricus",0,"67-7",45.398275,-125.0283033,500,500
"MFU","52193","1267","d1","1","Clupea pallasii",0,"67-7",45.398275,-125.0283033,300,300
"MFU","52193","1267","d1","1","Engraulis mordax",0,"67-7",45.398275,-125.0283033,300,300
"MFU","52193","1267","d1","1","Leuroglossus stilbius",0,"67-7",45.398275,-125.0283033,300,300
"MFU","52193","1267","d1","1","Merluccius productus",0,"67-7",45.398275,-125.0283033,300,300
"MFU","52193","1267","d1","1","Merluccius productus",0,"67-7",45.398275,-125.0283033,300,300
"MFU","52193","1267","d1","1","Microstomus pacificus",0,"67-7",45.398275,-125.0283033,300,300
"MFU","52193","1267","d1","1","Sardinops sagax",0,"67-7",45.398275,-125.0283033,300,300
"MFU","52193","1267","d1","1","Scomber japonicus",0,"67-7",45.398275,-125.0283033,300,300
"MFU","52193","1267","d1","1","Sebastes entomelas",0,"67-7",45.398275,-125.0283033,300,300
"MFU","52193","1267","d1","1","Stenobrachius leucopsarus",0,"67-7",45.398275,-125.0283033,300,300
"MFU","52193","1267","d1","1","Stenobrachius leucopsarus",0,"67-7",45.398275,-125.0283033,300,300
"MFU","52193","1267","d1","1","Tactostoma macropus",0,"67-7",45.398275,-125.0283033,300,300
"MFU","52193","1267","d1","1","Tarletonbeania crenularis",0,"67-7",45.398275,-125.0283033,300,300
"MFU","52193","1267","d1","1","Tarletonbeania crenularis",21554,"67-7",45.398275,-125.0283033,300,300
"MFU","52193","1267","d1","1","Thaleichthys pacificus",0,"67-7",45.398275,-125.0283033,300,300
"MFU","52193","1267","d1","1","Trachurus symmetricus",0,"67-7",45.398275,-125.0283033,300,300
"MFU","52193","1267","d1","1","Trachurus symmetricus",0,"67-7",45.398275,-125.0283033,300,300
"MFU","52193","1269","d1","1","Clupea pallasii",0,"67-7",45.398275,-125.0283033,150,150
"MFU","52193","1269","d1","1","Engraulis mordax",0,"67-7",45.398275,-125.0283033,150,150
"MFU","52193","1269","d1","1","Leuroglossus stilbius",0,"67-7",45.398275,-125.0283033,150,150
"MFU","52193","1269","d1","1","Merluccius productus",0,"67-7",45.398275,-125.0283033,150,150
"MFU","52193","1269","d1","1","Merluccius productus",0,"67-7",45.398275,-125.0283033,150,150
"MFU","52193","1269","d1","1","Microstomus pacificus",0,"67-7",45.398275,-125.0283033,150,150
"MFU","52193","1269","d1","1","Sardinops sagax",0,"67-7",45.398275,-125.0283033,150,150
"MFU","52193","1269","d1","1","Scomber japonicus",0,"67-7",45.398275,-125.0283033,150,150
"MFU","52193","1269","d1","1","Sebastes entomelas",0,"67-7",45.398275,-125.0283033,150,150
"MFU","52193","1269","d1","1","Stenobrachius leucopsarus",0,"67-7",45.398275,-125.0283033,150,150
"MFU","52193","1269","d1","1","Stenobrachius leucopsarus",0,"67-7",45.398275,-125.0283033,150,150
"MFU","52193","1269","d1","1","Tactostoma macropus",0,"67-7",45.398275,-125.0283033,150,150
"MFU","52193","1269","d1","1","Tarletonbeania crenularis",0,"67-7",45.398275,-125.0283033,150,150
"MFU","52193","1269","d1","1","Tarletonbeania crenularis",83912,"67-7",45.398275,-125.0283033,150,150
"MFU","52193","1269","d1","1","Thaleichthys pacificus",0,"67-7",45.398275,-125.0283033,150,150
"MFU","52193","1269","d1","1","Trachurus symmetricus",0,"67-7",45.398275,-125.0283033,150,150
"MFU","52193","1269","d1","1","Trachurus symmetricus",0,"67-7",45.398275,-125.0283033,150,150
"MFU","52193","1273","d1","1","Clupea pallasii",0,"67-7",45.398275,-125.0283033,50,50
"MFU","52193","1273","d1","1","Engraulis mordax",0,"67-7",45.398275,-125.0283033,50,50
"MFU","52193","1273","d1","1","Leuroglossus stilbius",0,"67-7",45.398275,-125.0283033,50,50
"MFU","52193","1273","d1","1","Merluccius productus",41,"67-7",45.398275,-125.0283033,50,50
"MFU","52193","1273","d1","1","Merluccius productus",749,"67-7",45.398275,-125.0283033,50,50
"MFU","52193","1273","d1","1","Microstomus pacificus",0,"67-7",45.398275,-125.0283033,50,50
"MFU","52193","1273","d1","1","Sardinops sagax",118,"67-7",45.398275,-125.0283033,50,50
"MFU","52193","1273","d1","1","Scomber japonicus",0,"67-7",45.398275,-125.0283033,50,50
"MFU","52193","1273","d1","1","Sebastes entomelas",0,"67-7",45.398275,-125.0283033,50,50
"MFU","52193","1273","d1","1","Stenobrachius leucopsarus",0,"67-7",45.398275,-125.0283033,50,50
"MFU","52193","1273","d1","1","Stenobrachius leucopsarus",108,"67-7",45.398275,-125.0283033,50,50
"MFU","52193","1273","d1","1","Tactostoma macropus",0,"67-7",45.398275,-125.0283033,50,50
"MFU","52193","1273","d1","1","Tarletonbeania crenularis",0,"67-7",45.398275,-125.0283033,50,50
"MFU","52193","1273","d1","1","Tarletonbeania crenularis",109,"67-7",45.398275,-125.0283033,50,50
"MFU","52193","1273","d1","1","Thaleichthys pacificus",0,"67-7",45.398275,-125.0283033,50,50
"MFU","52193","1273","d1","1","Trachurus symmetricus",0,"67-7",45.398275,-125.0283033,50,50
"MFU","52193","1273","d1","1","Trachurus symmetricus",0,"67-7",45.398275,-125.0283033,50,50
"MFU","52193","1275","d5","1","Clupea pallasii",0,"67-7",45.398275,-125.0283033,0,0
"MFU","52193","1275","d5","1","Engraulis mordax",318945,"67-7",45.398275,-125.0283033,0,0
"MFU","52193","1275","d5","1","Leuroglossus stilbius",0,"67-7",45.398275,-125.0283033,0,0
"MFU","52193","1275","d5","1","Merluccius productus",0,"67-7",45.398275,-125.0283033,0,0
"MFU","52193","1275","d5","1","Merluccius productus",0,"67-7",45.398275,-125.0283033,0,0
"MFU","52193","1275","d5","1","Microstomus pacificus",0,"67-7",45.398275,-125.0283033,0,0
"MFU","52193","1275","d5","1","Sardinops sagax",1099,"67-7",45.398275,-125.0283033,0,0
"MFU","52193","1275","d5","1","Scomber japonicus",1325,"67-7",45.398275,-125.0283033,0,0
"MFU","52193","1275","d5","1","Sebastes entomelas",0,"67-7",45.398275,-125.0283033,0,0
"MFU","52193","1275","d5","1","Stenobrachius leucopsarus",0,"67-7",45.398275,-125.0283033,0,0
"MFU","52193","1275","d5","1","Stenobrachius leucopsarus",0,"67-7",45.398275,-125.0283033,0,0
"MFU","52193","1275","d5","1","Tactostoma macropus",39561,"67-7",45.398275,-125.0283033,0,0
"MFU","52193","1275","d5","1","Tarletonbeania crenularis",0,"67-7",45.398275,-125.0283033,0,0
"MFU","52193","1275","d5","1","Tarletonbeania crenularis",0,"67-7",45.398275,-125.0283033,0,0
"MFU","52193","1275","d5","1","Thaleichthys pacificus",0,"67-7",45.398275,-125.0283033,0,0
"MFU","52193","1275","d5","1","Trachurus symmetricus",0,"67-7",45.398275,-125.0283033,0,0
"MFU","52193","1275","d5","1","Trachurus symmetricus",893,"67-7",45.398275,-125.0283033,0,0
"MFU","52193","1279","d5","1","Clupea pallasii",0,"69-6",45.73054833,-124.9361617,0,0
"MFU","52193","1279","d5","1","Engraulis mordax",22382,"69-6",45.73054833,-124.9361617,0,0
"MFU","52193","1279","d5","1","Leuroglossus stilbius",0,"69-6",45.73054833,-124.9361617,0,0
"MFU","52193","1279","d5","1","Merluccius productus",0,"69-6",45.73054833,-124.9361617,0,0
"MFU","52193","1279","d5","1","Merluccius productus",292,"69-6",45.73054833,-124.9361617,0,0
"MFU","52193","1279","d5","1","Microstomus pacificus",0,"69-6",45.73054833,-124.9361617,0,0
"MFU","52193","1279","d5","1","Sardinops sagax",1221,"69-6",45.73054833,-124.9361617,0,0
"MFU","52193","1279","d5","1","Scomber japonicus",0,"69-6",45.73054833,-124.9361617,0,0
"MFU","52193","1279","d5","1","Sebastes entomelas",0,"69-6",45.73054833,-124.9361617,0,0
"MFU","52193","1279","d5","1","Stenobrachius leucopsarus",0,"69-6",45.73054833,-124.9361617,0,0
"MFU","52193","1279","d5","1","Stenobrachius leucopsarus",0,"69-6",45.73054833,-124.9361617,0,0
"MFU","52193","1279","d5","1","Tactostoma macropus",766,"69-6",45.73054833,-124.9361617,0,0
"MFU","52193","1279","d5","1","Tarletonbeania crenularis",0,"69-6",45.73054833,-124.9361617,0,0
"MFU","52193","1279","d5","1","Tarletonbeania crenularis",0,"69-6",45.73054833,-124.9361617,0,0
"MFU","52193","1279","d5","1","Thaleichthys pacificus",0,"69-6",45.73054833,-124.9361617,0,0
"MFU","52193","1279","d5","1","Trachurus symmetricus",0,"69-6",45.73054833,-124.9361617,0,0
"MFU","52193","1279","d5","1","Trachurus symmetricus",2710,"69-6",45.73054833,-124.9361617,0,0
"MFU","52193","1281","d1","1","Clupea pallasii",0,"69-6",45.73054833,-124.9361617,500,500
"MFU","52193","1281","d1","1","Engraulis mordax",0,"69-6",45.73054833,-124.9361617,500,500
"MFU","52193","1281","d1","1","Leuroglossus stilbius",0,"69-6",45.73054833,-124.9361617,500,500
"MFU","52193","1281","d1","1","Merluccius productus",6347,"69-6",45.73054833,-124.9361617,500,500
"MFU","52193","1281","d1","1","Merluccius productus",18510,"69-6",45.73054833,-124.9361617,500,500
"MFU","52193","1281","d1","1","Microstomus pacificus",2319,"69-6",45.73054833,-124.9361617,500,500
"MFU","52193","1281","d1","1","Sardinops sagax",0,"69-6",45.73054833,-124.9361617,500,500
"MFU","52193","1281","d1","1","Scomber japonicus",0,"69-6",45.73054833,-124.9361617,500,500
"MFU","52193","1281","d1","1","Sebastes entomelas",0,"69-6",45.73054833,-124.9361617,500,500
"MFU","52193","1281","d1","1","Stenobrachius leucopsarus",0,"69-6",45.73054833,-124.9361617,500,500
"MFU","52193","1281","d1","1","Stenobrachius leucopsarus",1637,"69-6",45.73054833,-124.9361617,500,500
"MFU","52193","1281","d1","1","Tactostoma macropus",3582,"69-6",45.73054833,-124.9361617,500,500
"MFU","52193","1281","d1","1","Tarletonbeania crenularis",0,"69-6",45.73054833,-124.9361617,500,500
"MFU","52193","1281","d1","1","Tarletonbeania crenularis",0,"69-6",45.73054833,-124.9361617,500,500
"MFU","52193","1281","d1","1","Thaleichthys pacificus",0,"69-6",45.73054833,-124.9361617,500,500
"MFU","52193","1281","d1","1","Trachurus symmetricus",0,"69-6",45.73054833,-124.9361617,500,500
"MFU","52193","1281","d1","1","Trachurus symmetricus",0,"69-6",45.73054833,-124.9361617,500,500
"MFU","52193","1283","d1","1","Clupea pallasii",0,"69-6",45.73054833,-124.9361617,300,300
"MFU","52193","1283","d1","1","Engraulis mordax",0,"69-6",45.73054833,-124.9361617,300,300
"MFU","52193","1283","d1","1","Leuroglossus stilbius",0,"69-6",45.73054833,-124.9361617,300,300
"MFU","52193","1283","d1","1","Merluccius productus",2842,"69-6",45.73054833,-124.9361617,300,300
"MFU","52193","1283","d1","1","Merluccius productus",15467,"69-6",45.73054833,-124.9361617,300,300
"MFU","52193","1283","d1","1","Microstomus pacificus",0,"69-6",45.73054833,-124.9361617,300,300
"MFU","52193","1283","d1","1","Sardinops sagax",0,"69-6",45.73054833,-124.9361617,300,300
"MFU","52193","1283","d1","1","Scomber japonicus",0,"69-6",45.73054833,-124.9361617,300,300
"MFU","52193","1283","d1","1","Sebastes entomelas",0,"69-6",45.73054833,-124.9361617,300,300
"MFU","52193","1283","d1","1","Stenobrachius leucopsarus",0,"69-6",45.73054833,-124.9361617,300,300
"MFU","52193","1283","d1","1","Stenobrachius leucopsarus",0,"69-6",45.73054833,-124.9361617,300,300
"MFU","52193","1283","d1","1","Tactostoma macropus",0,"69-6",45.73054833,-124.9361617,300,300
"MFU","52193","1283","d1","1","Tarletonbeania crenularis",0,"69-6",45.73054833,-124.9361617,300,300
"MFU","52193","1283","d1","1","Tarletonbeania crenularis",4957,"69-6",45.73054833,-124.9361617,300,300
"MFU","52193","1283","d1","1","Thaleichthys pacificus",0,"69-6",45.73054833,-124.9361617,300,300
"MFU","52193","1283","d1","1","Trachurus symmetricus",0,"69-6",45.73054833,-124.9361617,300,300
"MFU","52193","1283","d1","1","Trachurus symmetricus",0,"69-6",45.73054833,-124.9361617,300,300
"MFU","52193","1285","d1","1","Clupea pallasii",1661,"69-6",45.73054833,-124.9361617,150,150
"MFU","52193","1285","d1","1","Engraulis mordax",0,"69-6",45.73054833,-124.9361617,150,150
"MFU","52193","1285","d1","1","Leuroglossus stilbius",0,"69-6",45.73054833,-124.9361617,150,150
"MFU","52193","1285","d1","1","Merluccius productus",24146,"69-6",45.73054833,-124.9361617,150,150
"MFU","52193","1285","d1","1","Merluccius productus",13888,"69-6",45.73054833,-124.9361617,150,150
"MFU","52193","1285","d1","1","Microstomus pacificus",0,"69-6",45.73054833,-124.9361617,150,150
"MFU","52193","1285","d1","1","Sardinops sagax",0,"69-6",45.73054833,-124.9361617,150,150
"MFU","52193","1285","d1","1","Scomber japonicus",0,"69-6",45.73054833,-124.9361617,150,150
"MFU","52193","1285","d1","1","Sebastes entomelas",0,"69-6",45.73054833,-124.9361617,150,150
"MFU","52193","1285","d1","1","Stenobrachius leucopsarus",0,"69-6",45.73054833,-124.9361617,150,150
"MFU","52193","1285","d1","1","Stenobrachius leucopsarus",0,"69-6",45.73054833,-124.9361617,150,150
"MFU","52193","1285","d1","1","Tactostoma macropus",0,"69-6",45.73054833,-124.9361617,150,150
"MFU","52193","1285","d1","1","Tarletonbeania crenularis",0,"69-6",45.73054833,-124.9361617,150,150
"MFU","52193","1285","d1","1","Tarletonbeania crenularis",24691,"69-6",45.73054833,-124.9361617,150,150
"MFU","52193","1285","d1","1","Thaleichthys pacificus",0,"69-6",45.73054833,-124.9361617,150,150
"MFU","52193","1285","d1","1","Trachurus symmetricus",0,"69-6",45.73054833,-124.9361617,150,150
"MFU","52193","1285","d1","1","Trachurus symmetricus",0,"69-6",45.73054833,-124.9361617,150,150
"MFU","52193","1289","d10","1","Clupea pallasii",0,"69-6",45.73054833,-124.9361617,50,50
"MFU","52193","1289","d10","1","Engraulis mordax",0,"69-6",45.73054833,-124.9361617,50,50
"MFU","52193","1289","d10","1","Leuroglossus stilbius",0,"69-6",45.73054833,-124.9361617,50,50
"MFU","52193","1289","d10","1","Merluccius productus",0,"69-6",45.73054833,-124.9361617,50,50
"MFU","52193","1289","d10","1","Merluccius productus",0,"69-6",45.73054833,-124.9361617,50,50
"MFU","52193","1289","d10","1","Microstomus pacificus",0,"69-6",45.73054833,-124.9361617,50,50
"MFU","52193","1289","d10","1","Sardinops sagax",0,"69-6",45.73054833,-124.9361617,50,50
"MFU","52193","1289","d10","1","Scomber japonicus",0,"69-6",45.73054833,-124.9361617,50,50
"MFU","52193","1289","d10","1","Sebastes entomelas",0,"69-6",45.73054833,-124.9361617,50,50
"MFU","52193","1289","d10","1","Stenobrachius leucopsarus",0,"69-6",45.73054833,-124.9361617,50,50
"MFU","52193","1289","d10","1","Stenobrachius leucopsarus",0,"69-6",45.73054833,-124.9361617,50,50
"MFU","52193","1289","d10","1","Tactostoma macropus",0,"69-6",45.73054833,-124.9361617,50,50
"MFU","52193","1289","d10","1","Tarletonbeania crenularis",0,"69-6",45.73054833,-124.9361617,50,50
"MFU","52193","1289","d10","1","Tarletonbeania crenularis",23878,"69-6",45.73054833,-124.9361617,50,50
"MFU","52193","1289","d10","1","Thaleichthys pacificus",0,"69-6",45.73054833,-124.9361617,50,50
"MFU","52193","1289","d10","1","Trachurus symmetricus",0,"69-6",45.73054833,-124.9361617,50,50
"MFU","52193","1289","d10","1","Trachurus symmetricus",0,"69-6",45.73054833,-124.9361617,50,50
"MFU","52193","1291","d1","1","Clupea pallasii",0,"69-5",45.73098833,-124.896025,500,500
"MFU","52193","1291","d1","1","Engraulis mordax",0,"69-5",45.73098833,-124.896025,500,500
"MFU","52193","1291","d1","1","Leuroglossus stilbius",0,"69-5",45.73098833,-124.896025,500,500
"MFU","52193","1291","d1","1","Merluccius productus",6658,"69-5",45.73098833,-124.896025,500,500
"MFU","52193","1291","d1","1","Merluccius productus",111811,"69-5",45.73098833,-124.896025,500,500
"MFU","52193","1291","d1","1","Microstomus pacificus",0,"69-5",45.73098833,-124.896025,500,500
"MFU","52193","1291","d1","1","Sardinops sagax",0,"69-5",45.73098833,-124.896025,500,500
"MFU","52193","1291","d1","1","Scomber japonicus",0,"69-5",45.73098833,-124.896025,500,500
"MFU","52193","1291","d1","1","Sebastes entomelas",0,"69-5",45.73098833,-124.896025,500,500
"MFU","52193","1291","d1","1","Stenobrachius leucopsarus",0,"69-5",45.73098833,-124.896025,500,500
"MFU","52193","1291","d1","1","Stenobrachius leucopsarus",2756,"69-5",45.73098833,-124.896025,500,500
"MFU","52193","1291","d1","1","Tactostoma macropus",0,"69-5",45.73098833,-124.896025,500,500
"MFU","52193","1291","d1","1","Tarletonbeania crenularis",0,"69-5",45.73098833,-124.896025,500,500
"MFU","52193","1291","d1","1","Tarletonbeania crenularis",0,"69-5",45.73098833,-124.896025,500,500
"MFU","52193","1291","d1","1","Thaleichthys pacificus",0,"69-5",45.73098833,-124.896025,500,500
"MFU","52193","1291","d1","1","Trachurus symmetricus",760,"69-5",45.73098833,-124.896025,500,500
"MFU","52193","1291","d1","1","Trachurus symmetricus",1001,"69-5",45.73098833,-124.896025,500,500
"MFU","52193","1293","d1","1","Clupea pallasii",0,"69-5",45.73098833,-124.896025,300,300
"MFU","52193","1293","d1","1","Engraulis mordax",0,"69-5",45.73098833,-124.896025,300,300
"MFU","52193","1293","d1","1","Leuroglossus stilbius",0,"69-5",45.73098833,-124.896025,300,300
"MFU","52193","1293","d1","1","Merluccius productus",0,"69-5",45.73098833,-124.896025,300,300
"MFU","52193","1293","d1","1","Merluccius productus",212619,"69-5",45.73098833,-124.896025,300,300
"MFU","52193","1293","d1","1","Microstomus pacificus",0,"69-5",45.73098833,-124.896025,300,300
"MFU","52193","1293","d1","1","Sardinops sagax",0,"69-5",45.73098833,-124.896025,300,300
"MFU","52193","1293","d1","1","Scomber japonicus",0,"69-5",45.73098833,-124.896025,300,300
"MFU","52193","1293","d1","1","Sebastes entomelas",0,"69-5",45.73098833,-124.896025,300,300
"MFU","52193","1293","d1","1","Stenobrachius leucopsarus",0,"69-5",45.73098833,-124.896025,300,300
"MFU","52193","1293","d1","1","Stenobrachius leucopsarus",0,"69-5",45.73098833,-124.896025,300,300
"MFU","52193","1293","d1","1","Tactostoma macropus",0,"69-5",45.73098833,-124.896025,300,300
"MFU","52193","1293","d1","1","Tarletonbeania crenularis",0,"69-5",45.73098833,-124.896025,300,300
"MFU","52193","1293","d1","1","Tarletonbeania crenularis",99282,"69-5",45.73098833,-124.896025,300,300
"MFU","52193","1293","d1","1","Thaleichthys pacificus",0,"69-5",45.73098833,-124.896025,300,300
"MFU","52193","1293","d1","1","Trachurus symmetricus",0,"69-5",45.73098833,-124.896025,300,300
"MFU","52193","1293","d1","1","Trachurus symmetricus",0,"69-5",45.73098833,-124.896025,300,300
"MFU","52193","1295","d1","1","Clupea pallasii",0,"69-5",45.73098833,-124.896025,150,150
"MFU","52193","1295","d1","1","Engraulis mordax",0,"69-5",45.73098833,-124.896025,150,150
"MFU","52193","1295","d1","1","Leuroglossus stilbius",2888,"69-5",45.73098833,-124.896025,150,150
"MFU","52193","1295","d1","1","Merluccius productus",2569,"69-5",45.73098833,-124.896025,150,150
"MFU","52193","1295","d1","1","Merluccius productus",10916,"69-5",45.73098833,-124.896025,150,150
"MFU","52193","1295","d1","1","Microstomus pacificus",0,"69-5",45.73098833,-124.896025,150,150
"MFU","52193","1295","d1","1","Sardinops sagax",0,"69-5",45.73098833,-124.896025,150,150
"MFU","52193","1295","d1","1","Scomber japonicus",0,"69-5",45.73098833,-124.896025,150,150
"MFU","52193","1295","d1","1","Sebastes entomelas",0,"69-5",45.73098833,-124.896025,150,150
"MFU","52193","1295","d1","1","Stenobrachius leucopsarus",0,"69-5",45.73098833,-124.896025,150,150
"MFU","52193","1295","d1","1","Stenobrachius leucopsarus",1708,"69-5",45.73098833,-124.896025,150,150
"MFU","52193","1295","d1","1","Tactostoma macropus",0,"69-5",45.73098833,-124.896025,150,150
"MFU","52193","1295","d1","1","Tarletonbeania crenularis",0,"69-5",45.73098833,-124.896025,150,150
"MFU","52193","1295","d1","1","Tarletonbeania crenularis",8976,"69-5",45.73098833,-124.896025,150,150
"MFU","52193","1295","d1","1","Thaleichthys pacificus",0,"69-5",45.73098833,-124.896025,150,150
"MFU","52193","1295","d1","1","Trachurus symmetricus",0,"69-5",45.73098833,-124.896025,150,150
"MFU","52193","1295","d1","1","Trachurus symmetricus",0,"69-5",45.73098833,-124.896025,150,150
"MFU","52193","1299","d5","1","Clupea pallasii",0,"69-5",45.73098833,-124.896025,50,50
"MFU","52193","1299","d5","1","Engraulis mordax",0,"69-5",45.73098833,-124.896025,50,50
"MFU","52193","1299","d5","1","Leuroglossus stilbius",0,"69-5",45.73098833,-124.896025,50,50
"MFU","52193","1299","d5","1","Merluccius productus",11798,"69-5",45.73098833,-124.896025,50,50
"MFU","52193","1299","d5","1","Merluccius productus",6628,"69-5",45.73098833,-124.896025,50,50
"MFU","52193","1299","d5","1","Microstomus pacificus",0,"69-5",45.73098833,-124.896025,50,50
"MFU","52193","1299","d5","1","Sardinops sagax",0,"69-5",45.73098833,-124.896025,50,50
"MFU","52193","1299","d5","1","Scomber japonicus",0,"69-5",45.73098833,-124.896025,50,50
"MFU","52193","1299","d5","1","Sebastes entomelas",0,"69-5",45.73098833,-124.896025,50,50
"MFU","52193","1299","d5","1","Stenobrachius leucopsarus",0,"69-5",45.73098833,-124.896025,50,50
"MFU","52193","1299","d5","1","Stenobrachius leucopsarus",0,"69-5",45.73098833,-124.896025,50,50
"MFU","52193","1299","d5","1","Tactostoma macropus",0,"69-5",45.73098833,-124.896025,50,50
"MFU","52193","1299","d5","1","Tarletonbeania crenularis",0,"69-5",45.73098833,-124.896025,50,50
"MFU","52193","1299","d5","1","Tarletonbeania crenularis",0,"69-5",45.73098833,-124.896025,50,50
"MFU","52193","1299","d5","1","Thaleichthys pacificus",0,"69-5",45.73098833,-124.896025,50,50
"MFU","52193","1299","d5","1","Trachurus symmetricus",0,"69-5",45.73098833,-124.896025,50,50
"MFU","52193","1299","d5","1","Trachurus symmetricus",0,"69-5",45.73098833,-124.896025,50,50
"MFU","52193","1301","d5","1","Clupea pallasii",0,"69-5",45.73098833,-124.896025,0,0
"MFU","52193","1301","d5","1","Engraulis mordax",21955,"69-5",45.73098833,-124.896025,0,0
"MFU","52193","1301","d5","1","Leuroglossus stilbius",0,"69-5",45.73098833,-124.896025,0,0
"MFU","52193","1301","d5","1","Merluccius productus",1683,"69-5",45.73098833,-124.896025,0,0
"MFU","52193","1301","d5","1","Merluccius productus",13199,"69-5",45.73098833,-124.896025,0,0
"MFU","52193","1301","d5","1","Microstomus pacificus",0,"69-5",45.73098833,-124.896025,0,0
"MFU","52193","1301","d5","1","Sardinops sagax",2254,"69-5",45.73098833,-124.896025,0,0
"MFU","52193","1301","d5","1","Scomber japonicus",423,"69-5",45.73098833,-124.896025,0,0
"MFU","52193","1301","d5","1","Sebastes entomelas",0,"69-5",45.73098833,-124.896025,0,0
"MFU","52193","1301","d5","1","Stenobrachius leucopsarus",0,"69-5",45.73098833,-124.896025,0,0
"MFU","52193","1301","d5","1","Stenobrachius leucopsarus",270,"69-5",45.73098833,-124.896025,0,0
"MFU","52193","1301","d5","1","Tactostoma macropus",1067,"69-5",45.73098833,-124.896025,0,0
"MFU","52193","1301","d5","1","Tarletonbeania crenularis",0,"69-5",45.73098833,-124.896025,0,0
"MFU","52193","1301","d5","1","Tarletonbeania crenularis",3508,"69-5",45.73098833,-124.896025,0,0
"MFU","52193","1301","d5","1","Thaleichthys pacificus",0,"69-5",45.73098833,-124.896025,0,0
"MFU","52193","1301","d5","1","Trachurus symmetricus",0,"69-5",45.73098833,-124.896025,0,0
"MFU","52193","1301","d5","1","Trachurus symmetricus",25483,"69-5",45.73098833,-124.896025,0,0
"MFU","52193","1310","d5","1","Clupea pallasii",0,"69-4",45.73155833,-124.7744767,50,50
"MFU","52193","1310","d5","1","Engraulis mordax",0,"69-4",45.73155833,-124.7744767,50,50
"MFU","52193","1310","d5","1","Leuroglossus stilbius",0,"69-4",45.73155833,-124.7744767,50,50
"MFU","52193","1310","d5","1","Merluccius productus",0,"69-4",45.73155833,-124.7744767,50,50
"MFU","52193","1310","d5","1","Merluccius productus",0,"69-4",45.73155833,-124.7744767,50,50
"MFU","52193","1310","d5","1","Microstomus pacificus",0,"69-4",45.73155833,-124.7744767,50,50
"MFU","52193","1310","d5","1","Sardinops sagax",0,"69-4",45.73155833,-124.7744767,50,50
"MFU","52193","1310","d5","1","Scomber japonicus",0,"69-4",45.73155833,-124.7744767,50,50
"MFU","52193","1310","d5","1","Sebastes entomelas",0,"69-4",45.73155833,-124.7744767,50,50
"MFU","52193","1310","d5","1","Stenobrachius leucopsarus",0,"69-4",45.73155833,-124.7744767,50,50
"MFU","52193","1310","d5","1","Stenobrachius leucopsarus",16684,"69-4",45.73155833,-124.7744767,50,50
"MFU","52193","1310","d5","1","Tactostoma macropus",0,"69-4",45.73155833,-124.7744767,50,50
"MFU","52193","1310","d5","1","Tarletonbeania crenularis",0,"69-4",45.73155833,-124.7744767,50,50
"MFU","52193","1310","d5","1","Tarletonbeania crenularis",36997,"69-4",45.73155833,-124.7744767,50,50
"MFU","52193","1310","d5","1","Thaleichthys pacificus",0,"69-4",45.73155833,-124.7744767,50,50
"MFU","52193","1310","d5","1","Trachurus symmetricus",0,"69-4",45.73155833,-124.7744767,50,50
"MFU","52193","1310","d5","1","Trachurus symmetricus",0,"69-4",45.73155833,-124.7744767,50,50
"MFU","52193","1313","d5","1","Clupea pallasii",0,"69-4",45.73155833,-124.7744767,0,0
"MFU","52193","1313","d5","1","Engraulis mordax",72382,"69-4",45.73155833,-124.7744767,0,0
"MFU","52193","1313","d5","1","Leuroglossus stilbius",0,"69-4",45.73155833,-124.7744767,0,0
"MFU","52193","1313","d5","1","Merluccius productus",0,"69-4",45.73155833,-124.7744767,0,0
"MFU","52193","1313","d5","1","Merluccius productus",0,"69-4",45.73155833,-124.7744767,0,0
"MFU","52193","1313","d5","1","Microstomus pacificus",0,"69-4",45.73155833,-124.7744767,0,0
"MFU","52193","1313","d5","1","Sardinops sagax",62879,"69-4",45.73155833,-124.7744767,0,0
"MFU","52193","1313","d5","1","Scomber japonicus",0,"69-4",45.73155833,-124.7744767,0,0
"MFU","52193","1313","d5","1","Sebastes entomelas",0,"69-4",45.73155833,-124.7744767,0,0
"MFU","52193","1313","d5","1","Stenobrachius leucopsarus",0,"69-4",45.73155833,-124.7744767,0,0
"MFU","52193","1313","d5","1","Stenobrachius leucopsarus",0,"69-4",45.73155833,-124.7744767,0,0
"MFU","52193","1313","d5","1","Tactostoma macropus",8642,"69-4",45.73155833,-124.7744767,0,0
"MFU","52193","1313","d5","1","Tarletonbeania crenularis",0,"69-4",45.73155833,-124.7744767,0,0
"MFU","52193","1313","d5","1","Tarletonbeania crenularis",9143,"69-4",45.73155833,-124.7744767,0,0
"MFU","52193","1313","d5","1","Thaleichthys pacificus",0,"69-4",45.73155833,-124.7744767,0,0
"MFU","52193","1313","d5","1","Trachurus symmetricus",0,"69-4",45.73155833,-124.7744767,0,0
"MFU","52193","1313","d5","1","Trachurus symmetricus",37462,"69-4",45.73155833,-124.7744767,0,0
"MFU","52193","1314","d5","1","Clupea pallasii",0,"69-2",45.73175,-124.3750117,0,0
"MFU","52193","1314","d5","1","Engraulis mordax",26072,"69-2",45.73175,-124.3750117,0,0
"MFU","52193","1314","d5","1","Leuroglossus stilbius",0,"69-2",45.73175,-124.3750117,0,0
"MFU","52193","1314","d5","1","Merluccius productus",0,"69-2",45.73175,-124.3750117,0,0
"MFU","52193","1314","d5","1","Merluccius productus",0,"69-2",45.73175,-124.3750117,0,0
"MFU","52193","1314","d5","1","Microstomus pacificus",0,"69-2",45.73175,-124.3750117,0,0
"MFU","52193","1314","d5","1","Sardinops sagax",65999,"69-2",45.73175,-124.3750117,0,0
"MFU","52193","1314","d5","1","Scomber japonicus",21821,"69-2",45.73175,-124.3750117,0,0
"MFU","52193","1314","d5","1","Sebastes entomelas",0,"69-2",45.73175,-124.3750117,0,0
"MFU","52193","1314","d5","1","Stenobrachius leucopsarus",0,"69-2",45.73175,-124.3750117,0,0
"MFU","52193","1314","d5","1","Stenobrachius leucopsarus",0,"69-2",45.73175,-124.3750117,0,0
"MFU","52193","1314","d5","1","Tactostoma macropus",0,"69-2",45.73175,-124.3750117,0,0
"MFU","52193","1314","d5","1","Tarletonbeania crenularis",0,"69-2",45.73175,-124.3750117,0,0
"MFU","52193","1314","d5","1","Tarletonbeania crenularis",0,"69-2",45.73175,-124.3750117,0,0
"MFU","52193","1314","d5","1","Thaleichthys pacificus",0,"69-2",45.73175,-124.3750117,0,0
"MFU","52193","1314","d5","1","Trachurus symmetricus",0,"69-2",45.73175,-124.3750117,0,0
"MFU","52193","1314","d5","1","Trachurus symmetricus",78249,"69-2",45.73175,-124.3750117,0,0
"MFU","52193","1320","d1","1","Clupea pallasii",0,"69-2",45.73175,-124.3750117,50,50
"MFU","52193","1320","d1","1","Engraulis mordax",0,"69-2",45.73175,-124.3750117,50,50
"MFU","52193","1320","d1","1","Leuroglossus stilbius",0,"69-2",45.73175,-124.3750117,50,50
"MFU","52193","1320","d1","1","Merluccius productus",0,"69-2",45.73175,-124.3750117,50,50
"MFU","52193","1320","d1","1","Merluccius productus",37,"69-2",45.73175,-124.3750117,50,50
"MFU","52193","1320","d1","1","Microstomus pacificus",0,"69-2",45.73175,-124.3750117,50,50
"MFU","52193","1320","d1","1","Sardinops sagax",0,"69-2",45.73175,-124.3750117,50,50
"MFU","52193","1320","d1","1","Scomber japonicus",0,"69-2",45.73175,-124.3750117,50,50
"MFU","52193","1320","d1","1","Sebastes entomelas",0,"69-2",45.73175,-124.3750117,50,50
"MFU","52193","1320","d1","1","Stenobrachius leucopsarus",0,"69-2",45.73175,-124.3750117,50,50
"MFU","52193","1320","d1","1","Stenobrachius leucopsarus",0,"69-2",45.73175,-124.3750117,50,50
"MFU","52193","1320","d1","1","Tactostoma macropus",0,"69-2",45.73175,-124.3750117,50,50
"MFU","52193","1320","d1","1","Tarletonbeania crenularis",0,"69-2",45.73175,-124.3750117,50,50
"MFU","52193","1320","d1","1","Tarletonbeania crenularis",0,"69-2",45.73175,-124.3750117,50,50
"MFU","52193","1320","d1","1","Thaleichthys pacificus",0,"69-2",45.73175,-124.3750117,50,50
"MFU","52193","1320","d1","1","Trachurus symmetricus",0,"69-2",45.73175,-124.3750117,50,50
"MFU","52193","1320","d1","1","Trachurus symmetricus",0,"69-2",45.73175,-124.3750117,50,50
"MFU","52193","1322","d5","1","Clupea pallasii",0,"69-1",45.73040333,-124.0066933,0,0
"MFU","52193","1322","d5","1","Engraulis mordax",11472,"69-1",45.73040333,-124.0066933,0,0
"MFU","52193","1322","d5","1","Leuroglossus stilbius",0,"69-1",45.73040333,-124.0066933,0,0
"MFU","52193","1322","d5","1","Merluccius productus",0,"69-1",45.73040333,-124.0066933,0,0
"MFU","52193","1322","d5","1","Merluccius productus",0,"69-1",45.73040333,-124.0066933,0,0
"MFU","52193","1322","d5","1","Microstomus pacificus",0,"69-1",45.73040333,-124.0066933,0,0
"MFU","52193","1322","d5","1","Sardinops sagax",0,"69-1",45.73040333,-124.0066933,0,0
"MFU","52193","1322","d5","1","Scomber japonicus",0,"69-1",45.73040333,-124.0066933,0,0
"MFU","52193","1322","d5","1","Sebastes entomelas",0,"69-1",45.73040333,-124.0066933,0,0
"MFU","52193","1322","d5","1","Stenobrachius leucopsarus",0,"69-1",45.73040333,-124.0066933,0,0
"MFU","52193","1322","d5","1","Stenobrachius leucopsarus",0,"69-1",45.73040333,-124.0066933,0,0
"MFU","52193","1322","d5","1","Tactostoma macropus",0,"69-1",45.73040333,-124.0066933,0,0
"MFU","52193","1322","d5","1","Tarletonbeania crenularis",0,"69-1",45.73040333,-124.0066933,0,0
"MFU","52193","1322","d5","1","Tarletonbeania crenularis",0,"69-1",45.73040333,-124.0066933,0,0
"MFU","52193","1322","d5","1","Thaleichthys pacificus",0,"69-1",45.73040333,-124.0066933,0,0
"MFU","52193","1322","d5","1","Trachurus symmetricus",0,"69-1",45.73040333,-124.0066933,0,0
"MFU","52193","1322","d5","1","Trachurus symmetricus",19001,"69-1",45.73040333,-124.0066933,0,0
"MFU","52193","1330","d5","1","Clupea pallasii",0,"71-6",46.06301167,-125.0776883,0,0
"MFU","52193","1330","d5","1","Engraulis mordax",13167,"71-6",46.06301167,-125.0776883,0,0
"MFU","52193","1330","d5","1","Leuroglossus stilbius",0,"71-6",46.06301167,-125.0776883,0,0
"MFU","52193","1330","d5","1","Merluccius productus",0,"71-6",46.06301167,-125.0776883,0,0
"MFU","52193","1330","d5","1","Merluccius productus",5139,"71-6",46.06301167,-125.0776883,0,0
"MFU","52193","1330","d5","1","Microstomus pacificus",0,"71-6",46.06301167,-125.0776883,0,0
"MFU","52193","1330","d5","1","Sardinops sagax",0,"71-6",46.06301167,-125.0776883,0,0
"MFU","52193","1330","d5","1","Scomber japonicus",0,"71-6",46.06301167,-125.0776883,0,0
"MFU","52193","1330","d5","1","Sebastes entomelas",0,"71-6",46.06301167,-125.0776883,0,0
"MFU","52193","1330","d5","1","Stenobrachius leucopsarus",0,"71-6",46.06301167,-125.0776883,0,0
"MFU","52193","1330","d5","1","Stenobrachius leucopsarus",0,"71-6",46.06301167,-125.0776883,0,0
"MFU","52193","1330","d5","1","Tactostoma macropus",6840,"71-6",46.06301167,-125.0776883,0,0
"MFU","52193","1330","d5","1","Tarletonbeania crenularis",0,"71-6",46.06301167,-125.0776883,0,0
"MFU","52193","1330","d5","1","Tarletonbeania crenularis",0,"71-6",46.06301167,-125.0776883,0,0
"MFU","52193","1330","d5","1","Thaleichthys pacificus",0,"71-6",46.06301167,-125.0776883,0,0
"MFU","52193","1330","d5","1","Trachurus symmetricus",0,"71-6",46.06301167,-125.0776883,0,0
"MFU","52193","1330","d5","1","Trachurus symmetricus",5026,"71-6",46.06301167,-125.0776883,0,0
"MFU","52193","1332","d1","1","Clupea pallasii",0,"71-6",46.06301167,-125.0776883,500,500
"MFU","52193","1332","d1","1","Engraulis mordax",0,"71-6",46.06301167,-125.0776883,500,500
"MFU","52193","1332","d1","1","Leuroglossus stilbius",0,"71-6",46.06301167,-125.0776883,500,500
"MFU","52193","1332","d1","1","Merluccius productus",104476,"71-6",46.06301167,-125.0776883,500,500
"MFU","52193","1332","d1","1","Merluccius productus",16659,"71-6",46.06301167,-125.0776883,500,500
"MFU","52193","1332","d1","1","Microstomus pacificus",0,"71-6",46.06301167,-125.0776883,500,500
"MFU","52193","1332","d1","1","Sardinops sagax",0,"71-6",46.06301167,-125.0776883,500,500
"MFU","52193","1332","d1","1","Scomber japonicus",0,"71-6",46.06301167,-125.0776883,500,500
"MFU","52193","1332","d1","1","Sebastes entomelas",0,"71-6",46.06301167,-125.0776883,500,500
"MFU","52193","1332","d1","1","Stenobrachius leucopsarus",0,"71-6",46.06301167,-125.0776883,500,500
"MFU","52193","1332","d1","1","Stenobrachius leucopsarus",0,"71-6",46.06301167,-125.0776883,500,500
"MFU","52193","1332","d1","1","Tactostoma macropus",0,"71-6",46.06301167,-125.0776883,500,500
"MFU","52193","1332","d1","1","Tarletonbeania crenularis",0,"71-6",46.06301167,-125.0776883,500,500
"MFU","52193","1332","d1","1","Tarletonbeania crenularis",0,"71-6",46.06301167,-125.0776883,500,500
"MFU","52193","1332","d1","1","Thaleichthys pacificus",0,"71-6",46.06301167,-125.0776883,500,500
"MFU","52193","1332","d1","1","Trachurus symmetricus",0,"71-6",46.06301167,-125.0776883,500,500
"MFU","52193","1332","d1","1","Trachurus symmetricus",0,"71-6",46.06301167,-125.0776883,500,500
"MFU","52193","1334","d1","1","Clupea pallasii",0,"71-6",46.06301167,-125.0776883,300,300
"MFU","52193","1334","d1","1","Engraulis mordax",0,"71-6",46.06301167,-125.0776883,300,300
"MFU","52193","1334","d1","1","Leuroglossus stilbius",628,"71-6",46.06301167,-125.0776883,300,300
"MFU","52193","1334","d1","1","Merluccius productus",643,"71-6",46.06301167,-125.0776883,300,300
"MFU","52193","1334","d1","1","Merluccius productus",7233,"71-6",46.06301167,-125.0776883,300,300
"MFU","52193","1334","d1","1","Microstomus pacificus",0,"71-6",46.06301167,-125.0776883,300,300
"MFU","52193","1334","d1","1","Sardinops sagax",0,"71-6",46.06301167,-125.0776883,300,300
"MFU","52193","1334","d1","1","Scomber japonicus",0,"71-6",46.06301167,-125.0776883,300,300
"MFU","52193","1334","d1","1","Sebastes entomelas",0,"71-6",46.06301167,-125.0776883,300,300
"MFU","52193","1334","d1","1","Stenobrachius leucopsarus",0,"71-6",46.06301167,-125.0776883,300,300
"MFU","52193","1334","d1","1","Stenobrachius leucopsarus",0,"71-6",46.06301167,-125.0776883,300,300
"MFU","52193","1334","d1","1","Tactostoma macropus",0,"71-6",46.06301167,-125.0776883,300,300
"MFU","52193","1334","d1","1","Tarletonbeania crenularis",0,"71-6",46.06301167,-125.0776883,300,300
"MFU","52193","1334","d1","1","Tarletonbeania crenularis",3072,"71-6",46.06301167,-125.0776883,300,300
"MFU","52193","1334","d1","1","Thaleichthys pacificus",0,"71-6",46.06301167,-125.0776883,300,300
"MFU","52193","1334","d1","1","Trachurus symmetricus",0,"71-6",46.06301167,-125.0776883,300,300
"MFU","52193","1334","d1","1","Trachurus symmetricus",0,"71-6",46.06301167,-125.0776883,300,300
"MFU","52193","1336","d1","1","Clupea pallasii",0,"71-6",46.06301167,-125.0776883,150,150
"MFU","52193","1336","d1","1","Engraulis mordax",0,"71-6",46.06301167,-125.0776883,150,150
"MFU","52193","1336","d1","1","Leuroglossus stilbius",0,"71-6",46.06301167,-125.0776883,150,150
"MFU","52193","1336","d1","1","Merluccius productus",27999,"71-6",46.06301167,-125.0776883,150,150
"MFU","52193","1336","d1","1","Merluccius productus",64448,"71-6",46.06301167,-125.0776883,150,150
"MFU","52193","1336","d1","1","Microstomus pacificus",0,"71-6",46.06301167,-125.0776883,150,150
"MFU","52193","1336","d1","1","Sardinops sagax",0,"71-6",46.06301167,-125.0776883,150,150
"MFU","52193","1336","d1","1","Scomber japonicus",0,"71-6",46.06301167,-125.0776883,150,150
"MFU","52193","1336","d1","1","Sebastes entomelas",0,"71-6",46.06301167,-125.0776883,150,150
"MFU","52193","1336","d1","1","Stenobrachius leucopsarus",0,"71-6",46.06301167,-125.0776883,150,150
"MFU","52193","1336","d1","1","Stenobrachius leucopsarus",6770,"71-6",46.06301167,-125.0776883,150,150
"MFU","52193","1336","d1","1","Tactostoma macropus",0,"71-6",46.06301167,-125.0776883,150,150
"MFU","52193","1336","d1","1","Tarletonbeania crenularis",0,"71-6",46.06301167,-125.0776883,150,150
"MFU","52193","1336","d1","1","Tarletonbeania crenularis",13283,"71-6",46.06301167,-125.0776883,150,150
"MFU","52193","1336","d1","1","Thaleichthys pacificus",0,"71-6",46.06301167,-125.0776883,150,150
"MFU","52193","1336","d1","1","Trachurus symmetricus",0,"71-6",46.06301167,-125.0776883,150,150
"MFU","52193","1336","d1","1","Trachurus symmetricus",4048,"71-6",46.06301167,-125.0776883,150,150
"MFU","52193","1340","d1","1","Clupea pallasii",0,"71-6",46.06301167,-125.0776883,50,50
"MFU","52193","1340","d1","1","Engraulis mordax",0,"71-6",46.06301167,-125.0776883,50,50
"MFU","52193","1340","d1","1","Leuroglossus stilbius",0,"71-6",46.06301167,-125.0776883,50,50
"MFU","52193","1340","d1","1","Merluccius productus",0,"71-6",46.06301167,-125.0776883,50,50
"MFU","52193","1340","d1","1","Merluccius productus",21430,"71-6",46.06301167,-125.0776883,50,50
"MFU","52193","1340","d1","1","Microstomus pacificus",0,"71-6",46.06301167,-125.0776883,50,50
"MFU","52193","1340","d1","1","Sardinops sagax",0,"71-6",46.06301167,-125.0776883,50,50
"MFU","52193","1340","d1","1","Scomber japonicus",0,"71-6",46.06301167,-125.0776883,50,50
"MFU","52193","1340","d1","1","Sebastes entomelas",0,"71-6",46.06301167,-125.0776883,50,50
"MFU","52193","1340","d1","1","Stenobrachius leucopsarus",0,"71-6",46.06301167,-125.0776883,50,50
"MFU","52193","1340","d1","1","Stenobrachius leucopsarus",20086,"71-6",46.06301167,-125.0776883,50,50
"MFU","52193","1340","d1","1","Tactostoma macropus",0,"71-6",46.06301167,-125.0776883,50,50
"MFU","52193","1340","d1","1","Tarletonbeania crenularis",0,"71-6",46.06301167,-125.0776883,50,50
"MFU","52193","1340","d1","1","Tarletonbeania crenularis",0,"71-6",46.06301167,-125.0776883,50,50
"MFU","52193","1340","d1","1","Thaleichthys pacificus",0,"71-6",46.06301167,-125.0776883,50,50
"MFU","52193","1340","d1","1","Trachurus symmetricus",0,"71-6",46.06301167,-125.0776883,50,50
"MFU","52193","1340","d1","1","Trachurus symmetricus",41892,"71-6",46.06301167,-125.0776883,50,50
"MFU","52193","1343","d5","1","Clupea pallasii",0,"71-5",46.06389833,-124.9583783,0,0
"MFU","52193","1343","d5","1","Engraulis mordax",72532,"71-5",46.06389833,-124.9583783,0,0
"MFU","52193","1343","d5","1","Leuroglossus stilbius",0,"71-5",46.06389833,-124.9583783,0,0
"MFU","52193","1343","d5","1","Merluccius productus",0,"71-5",46.06389833,-124.9583783,0,0
"MFU","52193","1343","d5","1","Merluccius productus",27840,"71-5",46.06389833,-124.9583783,0,0
"MFU","52193","1343","d5","1","Microstomus pacificus",0,"71-5",46.06389833,-124.9583783,0,0
"MFU","52193","1343","d5","1","Sardinops sagax",0,"71-5",46.06389833,-124.9583783,0,0
"MFU","52193","1343","d5","1","Scomber japonicus",0,"71-5",46.06389833,-124.9583783,0,0
"MFU","52193","1343","d5","1","Sebastes entomelas",0,"71-5",46.06389833,-124.9583783,0,0
"MFU","52193","1343","d5","1","Stenobrachius leucopsarus",0,"71-5",46.06389833,-124.9583783,0,0
"MFU","52193","1343","d5","1","Stenobrachius leucopsarus",0,"71-5",46.06389833,-124.9583783,0,0
"MFU","52193","1343","d5","1","Tactostoma macropus",0,"71-5",46.06389833,-124.9583783,0,0
"MFU","52193","1343","d5","1","Tarletonbeania crenularis",0,"71-5",46.06389833,-124.9583783,0,0
"MFU","52193","1343","d5","1","Tarletonbeania crenularis",0,"71-5",46.06389833,-124.9583783,0,0
"MFU","52193","1343","d5","1","Thaleichthys pacificus",0,"71-5",46.06389833,-124.9583783,0,0
"MFU","52193","1343","d5","1","Trachurus symmetricus",0,"71-5",46.06389833,-124.9583783,0,0
"MFU","52193","1343","d5","1","Trachurus symmetricus",3112,"71-5",46.06389833,-124.9583783,0,0
"MFU","52193","135","d10","1","Clupea pallasii",0,"27-1",38.73188,-123.526325,0,0
"MFU","52193","135","d10","1","Engraulis mordax",28350,"27-1",38.73188,-123.526325,0,0
"MFU","52193","135","d10","1","Leuroglossus stilbius",0,"27-1",38.73188,-123.526325,0,0
"MFU","52193","135","d10","1","Merluccius productus",0,"27-1",38.73188,-123.526325,0,0
"MFU","52193","135","d10","1","Merluccius productus",0,"27-1",38.73188,-123.526325,0,0
"MFU","52193","135","d10","1","Microstomus pacificus",0,"27-1",38.73188,-123.526325,0,0
"MFU","52193","135","d10","1","Sardinops sagax",0,"27-1",38.73188,-123.526325,0,0
"MFU","52193","135","d10","1","Scomber japonicus",0,"27-1",38.73188,-123.526325,0,0
"MFU","52193","135","d10","1","Sebastes entomelas",0,"27-1",38.73188,-123.526325,0,0
"MFU","52193","135","d10","1","Stenobrachius leucopsarus",0,"27-1",38.73188,-123.526325,0,0
"MFU","52193","135","d10","1","Stenobrachius leucopsarus",0,"27-1",38.73188,-123.526325,0,0
"MFU","52193","135","d10","1","Tactostoma macropus",0,"27-1",38.73188,-123.526325,0,0
"MFU","52193","135","d10","1","Tarletonbeania crenularis",0,"27-1",38.73188,-123.526325,0,0
"MFU","52193","135","d10","1","Tarletonbeania crenularis",2473,"27-1",38.73188,-123.526325,0,0
"MFU","52193","135","d10","1","Thaleichthys pacificus",0,"27-1",38.73188,-123.526325,0,0
"MFU","52193","135","d10","1","Trachurus symmetricus",0,"27-1",38.73188,-123.526325,0,0
"MFU","52193","135","d10","1","Trachurus symmetricus",0,"27-1",38.73188,-123.526325,0,0
"MFU","52193","1355","d5","1","Clupea pallasii",0,"71-4",46.06427833,-124.84002,0,0
"MFU","52193","1355","d5","1","Engraulis mordax",0,"71-4",46.06427833,-124.84002,0,0
"MFU","52193","1355","d5","1","Leuroglossus stilbius",0,"71-4",46.06427833,-124.84002,0,0
"MFU","52193","1355","d5","1","Merluccius productus",1139,"71-4",46.06427833,-124.84002,0,0
"MFU","52193","1355","d5","1","Merluccius productus",1372,"71-4",46.06427833,-124.84002,0,0
"MFU","52193","1355","d5","1","Microstomus pacificus",0,"71-4",46.06427833,-124.84002,0,0
"MFU","52193","1355","d5","1","Sardinops sagax",719,"71-4",46.06427833,-124.84002,0,0
"MFU","52193","1355","d5","1","Scomber japonicus",0,"71-4",46.06427833,-124.84002,0,0
"MFU","52193","1355","d5","1","Sebastes entomelas",0,"71-4",46.06427833,-124.84002,0,0
"MFU","52193","1355","d5","1","Stenobrachius leucopsarus",0,"71-4",46.06427833,-124.84002,0,0
"MFU","52193","1355","d5","1","Stenobrachius leucopsarus",737,"71-4",46.06427833,-124.84002,0,0
"MFU","52193","1355","d5","1","Tactostoma macropus",818,"71-4",46.06427833,-124.84002,0,0
"MFU","52193","1355","d5","1","Tarletonbeania crenularis",0,"71-4",46.06427833,-124.84002,0,0
"MFU","52193","1355","d5","1","Tarletonbeania crenularis",380215,"71-4",46.06427833,-124.84002,0,0
"MFU","52193","1355","d5","1","Thaleichthys pacificus",0,"71-4",46.06427833,-124.84002,0,0
"MFU","52193","1355","d5","1","Trachurus symmetricus",0,"71-4",46.06427833,-124.84002,0,0
"MFU","52193","1355","d5","1","Trachurus symmetricus",6716,"71-4",46.06427833,-124.84002,0,0
"MFU","52193","1357","d1","1","Clupea pallasii",0,"71-4",46.06427833,-124.84002,464,500
"MFU","52193","1357","d1","1","Engraulis mordax",0,"71-4",46.06427833,-124.84002,464,500
"MFU","52193","1357","d1","1","Leuroglossus stilbius",0,"71-4",46.06427833,-124.84002,464,500
"MFU","52193","1357","d1","1","Merluccius productus",46419,"71-4",46.06427833,-124.84002,464,500
"MFU","52193","1357","d1","1","Merluccius productus",49749,"71-4",46.06427833,-124.84002,464,500
"MFU","52193","1357","d1","1","Microstomus pacificus",0,"71-4",46.06427833,-124.84002,464,500
"MFU","52193","1357","d1","1","Sardinops sagax",0,"71-4",46.06427833,-124.84002,464,500
"MFU","52193","1357","d1","1","Scomber japonicus",0,"71-4",46.06427833,-124.84002,464,500
"MFU","52193","1357","d1","1","Sebastes entomelas",3086,"71-4",46.06427833,-124.84002,464,500
"MFU","52193","1357","d1","1","Stenobrachius leucopsarus",0,"71-4",46.06427833,-124.84002,464,500
"MFU","52193","1357","d1","1","Stenobrachius leucopsarus",11411,"71-4",46.06427833,-124.84002,464,500
"MFU","52193","1357","d1","1","Tactostoma macropus",0,"71-4",46.06427833,-124.84002,464,500
"MFU","52193","1357","d1","1","Tarletonbeania crenularis",0,"71-4",46.06427833,-124.84002,464,500
"MFU","52193","1357","d1","1","Tarletonbeania crenularis",0,"71-4",46.06427833,-124.84002,464,500
"MFU","52193","1357","d1","1","Thaleichthys pacificus",0,"71-4",46.06427833,-124.84002,464,500
"MFU","52193","1357","d1","1","Trachurus symmetricus",0,"71-4",46.06427833,-124.84002,464,500
"MFU","52193","1357","d1","1","Trachurus symmetricus",0,"71-4",46.06427833,-124.84002,464,500
"MFU","52193","1359","d1","1","Clupea pallasii",0,"71-4",46.06427833,-124.84002,300,300
"MFU","52193","1359","d1","1","Engraulis mordax",0,"71-4",46.06427833,-124.84002,300,300
"MFU","52193","1359","d1","1","Leuroglossus stilbius",0,"71-4",46.06427833,-124.84002,300,300
"MFU","52193","1359","d1","1","Merluccius productus",6561,"71-4",46.06427833,-124.84002,300,300
"MFU","52193","1359","d1","1","Merluccius productus",77193,"71-4",46.06427833,-124.84002,300,300
"MFU","52193","1359","d1","1","Microstomus pacificus",0,"71-4",46.06427833,-124.84002,300,300
"MFU","52193","1359","d1","1","Sardinops sagax",0,"71-4",46.06427833,-124.84002,300,300
"MFU","52193","1359","d1","1","Scomber japonicus",0,"71-4",46.06427833,-124.84002,300,300
"MFU","52193","1359","d1","1","Sebastes entomelas",0,"71-4",46.06427833,-124.84002,300,300
"MFU","52193","1359","d1","1","Stenobrachius leucopsarus",0,"71-4",46.06427833,-124.84002,300,300
"MFU","52193","1359","d1","1","Stenobrachius leucopsarus",0,"71-4",46.06427833,-124.84002,300,300
"MFU","52193","1359","d1","1","Tactostoma macropus",0,"71-4",46.06427833,-124.84002,300,300
"MFU","52193","1359","d1","1","Tarletonbeania crenularis",0,"71-4",46.06427833,-124.84002,300,300
"MFU","52193","1359","d1","1","Tarletonbeania crenularis",3618,"71-4",46.06427833,-124.84002,300,300
"MFU","52193","1359","d1","1","Thaleichthys pacificus",0,"71-4",46.06427833,-124.84002,300,300
"MFU","52193","1359","d1","1","Trachurus symmetricus",0,"71-4",46.06427833,-124.84002,300,300
"MFU","52193","1359","d1","1","Trachurus symmetricus",12431,"71-4",46.06427833,-124.84002,300,300
"MFU","52193","1363","d1","1","Clupea pallasii",0,"71-4",46.06427833,-124.84002,150,150
"MFU","52193","1363","d1","1","Engraulis mordax",0,"71-4",46.06427833,-124.84002,150,150
"MFU","52193","1363","d1","1","Leuroglossus stilbius",0,"71-4",46.06427833,-124.84002,150,150
"MFU","52193","1363","d1","1","Merluccius productus",4757,"71-4",46.06427833,-124.84002,150,150
"MFU","52193","1363","d1","1","Merluccius productus",12736,"71-4",46.06427833,-124.84002,150,150
"MFU","52193","1363","d1","1","Microstomus pacificus",0,"71-4",46.06427833,-124.84002,150,150
"MFU","52193","1363","d1","1","Sardinops sagax",0,"71-4",46.06427833,-124.84002,150,150
"MFU","52193","1363","d1","1","Scomber japonicus",0,"71-4",46.06427833,-124.84002,150,150
"MFU","52193","1363","d1","1","Sebastes entomelas",0,"71-4",46.06427833,-124.84002,150,150
"MFU","52193","1363","d1","1","Stenobrachius leucopsarus",0,"71-4",46.06427833,-124.84002,150,150
"MFU","52193","1363","d1","1","Stenobrachius leucopsarus",0,"71-4",46.06427833,-124.84002,150,150
"MFU","52193","1363","d1","1","Tactostoma macropus",0,"71-4",46.06427833,-124.84002,150,150
"MFU","52193","1363","d1","1","Tarletonbeania crenularis",0,"71-4",46.06427833,-124.84002,150,150
"MFU","52193","1363","d1","1","Tarletonbeania crenularis",3623,"71-4",46.06427833,-124.84002,150,150
"MFU","52193","1363","d1","1","Thaleichthys pacificus",0,"71-4",46.06427833,-124.84002,150,150
"MFU","52193","1363","d1","1","Trachurus symmetricus",0,"71-4",46.06427833,-124.84002,150,150
"MFU","52193","1363","d1","1","Trachurus symmetricus",0,"71-4",46.06427833,-124.84002,150,150
"MFU","52193","1367","d1","1","Clupea pallasii",0,"71-4",46.06427833,-124.84002,50,50
"MFU","52193","1367","d1","1","Engraulis mordax",0,"71-4",46.06427833,-124.84002,50,50
"MFU","52193","1367","d1","1","Leuroglossus stilbius",0,"71-4",46.06427833,-124.84002,50,50
"MFU","52193","1367","d1","1","Merluccius productus",1375,"71-4",46.06427833,-124.84002,50,50
"MFU","52193","1367","d1","1","Merluccius productus",4496,"71-4",46.06427833,-124.84002,50,50
"MFU","52193","1367","d1","1","Microstomus pacificus",0,"71-4",46.06427833,-124.84002,50,50
"MFU","52193","1367","d1","1","Sardinops sagax",0,"71-4",46.06427833,-124.84002,50,50
"MFU","52193","1367","d1","1","Scomber japonicus",0,"71-4",46.06427833,-124.84002,50,50
"MFU","52193","1367","d1","1","Sebastes entomelas",0,"71-4",46.06427833,-124.84002,50,50
"MFU","52193","1367","d1","1","Stenobrachius leucopsarus",0,"71-4",46.06427833,-124.84002,50,50
"MFU","52193","1367","d1","1","Stenobrachius leucopsarus",0,"71-4",46.06427833,-124.84002,50,50
"MFU","52193","1367","d1","1","Tactostoma macropus",0,"71-4",46.06427833,-124.84002,50,50
"MFU","52193","1367","d1","1","Tarletonbeania crenularis",0,"71-4",46.06427833,-124.84002,50,50
"MFU","52193","1367","d1","1","Tarletonbeania crenularis",3130,"71-4",46.06427833,-124.84002,50,50
"MFU","52193","1367","d1","1","Thaleichthys pacificus",0,"71-4",46.06427833,-124.84002,50,50
"MFU","52193","1367","d1","1","Trachurus symmetricus",0,"71-4",46.06427833,-124.84002,50,50
"MFU","52193","1367","d1","1","Trachurus symmetricus",1188,"71-4",46.06427833,-124.84002,50,50
"MFU","52193","1369","d10","1","Clupea pallasii",0,"71-3",46.06373,-124.7150383,0,0
"MFU","52193","1369","d10","1","Engraulis mordax",1252,"71-3",46.06373,-124.7150383,0,0
"MFU","52193","1369","d10","1","Leuroglossus stilbius",0,"71-3",46.06373,-124.7150383,0,0
"MFU","52193","1369","d10","1","Merluccius productus",0,"71-3",46.06373,-124.7150383,0,0
"MFU","52193","1369","d10","1","Merluccius productus",728,"71-3",46.06373,-124.7150383,0,0
"MFU","52193","1369","d10","1","Microstomus pacificus",0,"71-3",46.06373,-124.7150383,0,0
"MFU","52193","1369","d10","1","Sardinops sagax",0,"71-3",46.06373,-124.7150383,0,0
"MFU","52193","1369","d10","1","Scomber japonicus",0,"71-3",46.06373,-124.7150383,0,0
"MFU","52193","1369","d10","1","Sebastes entomelas",0,"71-3",46.06373,-124.7150383,0,0
"MFU","52193","1369","d10","1","Stenobrachius leucopsarus",0,"71-3",46.06373,-124.7150383,0,0
"MFU","52193","1369","d10","1","Stenobrachius leucopsarus",0,"71-3",46.06373,-124.7150383,0,0
"MFU","52193","1369","d10","1","Tactostoma macropus",112,"71-3",46.06373,-124.7150383,0,0
"MFU","52193","1369","d10","1","Tarletonbeania crenularis",0,"71-3",46.06373,-124.7150383,0,0
"MFU","52193","1369","d10","1","Tarletonbeania crenularis",15309,"71-3",46.06373,-124.7150383,0,0
"MFU","52193","1369","d10","1","Thaleichthys pacificus",0,"71-3",46.06373,-124.7150383,0,0
"MFU","52193","1369","d10","1","Trachurus symmetricus",0,"71-3",46.06373,-124.7150383,0,0
"MFU","52193","1369","d10","1","Trachurus symmetricus",23470,"71-3",46.06373,-124.7150383,0,0
"MFU","52193","1377","d1","1","Clupea pallasii",0,"71-3",46.06373,-124.7150383,50,50
"MFU","52193","1377","d1","1","Engraulis mordax",549,"71-3",46.06373,-124.7150383,50,50
"MFU","52193","1377","d1","1","Leuroglossus stilbius",0,"71-3",46.06373,-124.7150383,50,50
"MFU","52193","1377","d1","1","Merluccius productus",0,"71-3",46.06373,-124.7150383,50,50
"MFU","52193","1377","d1","1","Merluccius productus",793,"71-3",46.06373,-124.7150383,50,50
"MFU","52193","1377","d1","1","Microstomus pacificus",0,"71-3",46.06373,-124.7150383,50,50
"MFU","52193","1377","d1","1","Sardinops sagax",0,"71-3",46.06373,-124.7150383,50,50
"MFU","52193","1377","d1","1","Scomber japonicus",0,"71-3",46.06373,-124.7150383,50,50
"MFU","52193","1377","d1","1","Sebastes entomelas",0,"71-3",46.06373,-124.7150383,50,50
"MFU","52193","1377","d1","1","Stenobrachius leucopsarus",0,"71-3",46.06373,-124.7150383,50,50
"MFU","52193","1377","d1","1","Stenobrachius leucopsarus",49561,"71-3",46.06373,-124.7150383,50,50
"MFU","52193","1377","d1","1","Tactostoma macropus",0,"71-3",46.06373,-124.7150383,50,50
"MFU","52193","1377","d1","1","Tarletonbeania crenularis",0,"71-3",46.06373,-124.7150383,50,50
"MFU","52193","1377","d1","1","Tarletonbeania crenularis",6345,"71-3",46.06373,-124.7150383,50,50
"MFU","52193","1377","d1","1","Thaleichthys pacificus",0,"71-3",46.06373,-124.7150383,50,50
"MFU","52193","1377","d1","1","Trachurus symmetricus",0,"71-3",46.06373,-124.7150383,50,50
"MFU","52193","1377","d1","1","Trachurus symmetricus",0,"71-3",46.06373,-124.7150383,50,50
"MFU","52193","1379","d10","1","Clupea pallasii",0,"71-2",46.06318167,-124.59208,0,0
"MFU","52193","1379","d10","1","Engraulis mordax",685,"71-2",46.06318167,-124.59208,0,0
"MFU","52193","1379","d10","1","Leuroglossus stilbius",0,"71-2",46.06318167,-124.59208,0,0
"MFU","52193","1379","d10","1","Merluccius productus",0,"71-2",46.06318167,-124.59208,0,0
"MFU","52193","1379","d10","1","Merluccius productus",0,"71-2",46.06318167,-124.59208,0,0
"MFU","52193","1379","d10","1","Microstomus pacificus",0,"71-2",46.06318167,-124.59208,0,0
"MFU","52193","1379","d10","1","Sardinops sagax",0,"71-2",46.06318167,-124.59208,0,0
"MFU","52193","1379","d10","1","Scomber japonicus",0,"71-2",46.06318167,-124.59208,0,0
"MFU","52193","1379","d10","1","Sebastes entomelas",0,"71-2",46.06318167,-124.59208,0,0
"MFU","52193","1379","d10","1","Stenobrachius leucopsarus",0,"71-2",46.06318167,-124.59208,0,0
"MFU","52193","1379","d10","1","Stenobrachius leucopsarus",0,"71-2",46.06318167,-124.59208,0,0
"MFU","52193","1379","d10","1","Tactostoma macropus",2107,"71-2",46.06318167,-124.59208,0,0
"MFU","52193","1379","d10","1","Tarletonbeania crenularis",0,"71-2",46.06318167,-124.59208,0,0
"MFU","52193","1379","d10","1","Tarletonbeania crenularis",52349,"71-2",46.06318167,-124.59208,0,0
"MFU","52193","1379","d10","1","Thaleichthys pacificus",0,"71-2",46.06318167,-124.59208,0,0
"MFU","52193","1379","d10","1","Trachurus symmetricus",0,"71-2",46.06318167,-124.59208,0,0
"MFU","52193","1379","d10","1","Trachurus symmetricus",10050,"71-2",46.06318167,-124.59208,0,0
"MFU","52193","1385","d1","1","Clupea pallasii",0,"71-2",46.06318167,-124.59208,50,50
"MFU","52193","1385","d1","1","Engraulis mordax",4150,"71-2",46.06318167,-124.59208,50,50
"MFU","52193","1385","d1","1","Leuroglossus stilbius",0,"71-2",46.06318167,-124.59208,50,50
"MFU","52193","1385","d1","1","Merluccius productus",11413,"71-2",46.06318167,-124.59208,50,50
"MFU","52193","1385","d1","1","Merluccius productus",33296,"71-2",46.06318167,-124.59208,50,50
"MFU","52193","1385","d1","1","Microstomus pacificus",0,"71-2",46.06318167,-124.59208,50,50
"MFU","52193","1385","d1","1","Sardinops sagax",0,"71-2",46.06318167,-124.59208,50,50
"MFU","52193","1385","d1","1","Scomber japonicus",0,"71-2",46.06318167,-124.59208,50,50
"MFU","52193","1385","d1","1","Sebastes entomelas",10876,"71-2",46.06318167,-124.59208,50,50
"MFU","52193","1385","d1","1","Stenobrachius leucopsarus",0,"71-2",46.06318167,-124.59208,50,50
"MFU","52193","1385","d1","1","Stenobrachius leucopsarus",4249,"71-2",46.06318167,-124.59208,50,50
"MFU","52193","1385","d1","1","Tactostoma macropus",0,"71-2",46.06318167,-124.59208,50,50
"MFU","52193","1385","d1","1","Tarletonbeania crenularis",0,"71-2",46.06318167,-124.59208,50,50
"MFU","52193","1385","d1","1","Tarletonbeania crenularis",20332,"71-2",46.06318167,-124.59208,50,50
"MFU","52193","1385","d1","1","Thaleichthys pacificus",0,"71-2",46.06318167,-124.59208,50,50
"MFU","52193","1385","d1","1","Trachurus symmetricus",0,"71-2",46.06318167,-124.59208,50,50
"MFU","52193","1385","d1","1","Trachurus symmetricus",0,"71-2",46.06318167,-124.59208,50,50
"MFU","52193","1388","d5","1","Clupea pallasii",0,"71-1",46.06385333,-124.06542,0,0
"MFU","52193","1388","d5","1","Engraulis mordax",198265,"71-1",46.06385333,-124.06542,0,0
"MFU","52193","1388","d5","1","Leuroglossus stilbius",0,"71-1",46.06385333,-124.06542,0,0
"MFU","52193","1388","d5","1","Merluccius productus",1776,"71-1",46.06385333,-124.06542,0,0
"MFU","52193","1388","d5","1","Merluccius productus",9730,"71-1",46.06385333,-124.06542,0,0
"MFU","52193","1388","d5","1","Microstomus pacificus",0,"71-1",46.06385333,-124.06542,0,0
"MFU","52193","1388","d5","1","Sardinops sagax",292,"71-1",46.06385333,-124.06542,0,0
"MFU","52193","1388","d5","1","Scomber japonicus",0,"71-1",46.06385333,-124.06542,0,0
"MFU","52193","1388","d5","1","Sebastes entomelas",0,"71-1",46.06385333,-124.06542,0,0
"MFU","52193","1388","d5","1","Stenobrachius leucopsarus",0,"71-1",46.06385333,-124.06542,0,0
"MFU","52193","1388","d5","1","Stenobrachius leucopsarus",0,"71-1",46.06385333,-124.06542,0,0
"MFU","52193","1388","d5","1","Tactostoma macropus",762,"71-1",46.06385333,-124.06542,0,0
"MFU","52193","1388","d5","1","Tarletonbeania crenularis",0,"71-1",46.06385333,-124.06542,0,0
"MFU","52193","1388","d5","1","Tarletonbeania crenularis",2895,"71-1",46.06385333,-124.06542,0,0
"MFU","52193","1388","d5","1","Thaleichthys pacificus",84201,"71-1",46.06385333,-124.06542,0,0
"MFU","52193","1388","d5","1","Trachurus symmetricus",0,"71-1",46.06385333,-124.06542,0,0
"MFU","52193","1388","d5","1","Trachurus symmetricus",998,"71-1",46.06385333,-124.06542,0,0
"MFU","52193","1395","d5","1","Clupea pallasii",0,"73-1",46.39774333,-124.2423267,0,0
"MFU","52193","1395","d5","1","Engraulis mordax",0,"73-1",46.39774333,-124.2423267,0,0
"MFU","52193","1395","d5","1","Leuroglossus stilbius",0,"73-1",46.39774333,-124.2423267,0,0
"MFU","52193","1395","d5","1","Merluccius productus",0,"73-1",46.39774333,-124.2423267,0,0
"MFU","52193","1395","d5","1","Merluccius productus",3,"73-1",46.39774333,-124.2423267,0,0
"MFU","52193","1395","d5","1","Microstomus pacificus",0,"73-1",46.39774333,-124.2423267,0,0
"MFU","52193","1395","d5","1","Sardinops sagax",0,"73-1",46.39774333,-124.2423267,0,0
"MFU","52193","1395","d5","1","Scomber japonicus",0,"73-1",46.39774333,-124.2423267,0,0
"MFU","52193","1395","d5","1","Sebastes entomelas",0,"73-1",46.39774333,-124.2423267,0,0
"MFU","52193","1395","d5","1","Stenobrachius leucopsarus",0,"73-1",46.39774333,-124.2423267,0,0
"MFU","52193","1395","d5","1","Stenobrachius leucopsarus",0,"73-1",46.39774333,-124.2423267,0,0
"MFU","52193","1395","d5","1","Tactostoma macropus",0,"73-1",46.39774333,-124.2423267,0,0
"MFU","52193","1395","d5","1","Tarletonbeania crenularis",0,"73-1",46.39774333,-124.2423267,0,0
"MFU","52193","1395","d5","1","Tarletonbeania crenularis",64,"73-1",46.39774333,-124.2423267,0,0
"MFU","52193","1395","d5","1","Thaleichthys pacificus",28,"73-1",46.39774333,-124.2423267,0,0
"MFU","52193","1395","d5","1","Trachurus symmetricus",0,"73-1",46.39774333,-124.2423267,0,0
"MFU","52193","1395","d5","1","Trachurus symmetricus",0,"73-1",46.39774333,-124.2423267,0,0
"MFU","52193","1397","d1","1","Clupea pallasii",1187,"73-1",46.39774333,-124.2423267,48,50
"MFU","52193","1397","d1","1","Engraulis mordax",2163,"73-1",46.39774333,-124.2423267,48,50
"MFU","52193","1397","d1","1","Leuroglossus stilbius",0,"73-1",46.39774333,-124.2423267,48,50
"MFU","52193","1397","d1","1","Merluccius productus",52,"73-1",46.39774333,-124.2423267,48,50
"MFU","52193","1397","d1","1","Merluccius productus",324,"73-1",46.39774333,-124.2423267,48,50
"MFU","52193","1397","d1","1","Microstomus pacificus",5747,"73-1",46.39774333,-124.2423267,48,50
"MFU","52193","1397","d1","1","Sardinops sagax",222,"73-1",46.39774333,-124.2423267,48,50
"MFU","52193","1397","d1","1","Scomber japonicus",0,"73-1",46.39774333,-124.2423267,48,50
"MFU","52193","1397","d1","1","Sebastes entomelas",0,"73-1",46.39774333,-124.2423267,48,50
"MFU","52193","1397","d1","1","Stenobrachius leucopsarus",0,"73-1",46.39774333,-124.2423267,48,50
"MFU","52193","1397","d1","1","Stenobrachius leucopsarus",0,"73-1",46.39774333,-124.2423267,48,50
"MFU","52193","1397","d1","1","Tactostoma macropus",0,"73-1",46.39774333,-124.2423267,48,50
"MFU","52193","1397","d1","1","Tarletonbeania crenularis",0,"73-1",46.39774333,-124.2423267,48,50
"MFU","52193","1397","d1","1","Tarletonbeania crenularis",0,"73-1",46.39774333,-124.2423267,48,50
"MFU","52193","1397","d1","1","Thaleichthys pacificus",0,"73-1",46.39774333,-124.2423267,48,50
"MFU","52193","1397","d1","1","Trachurus symmetricus",0,"73-1",46.39774333,-124.2423267,48,50
"MFU","52193","1397","d1","1","Trachurus symmetricus",417,"73-1",46.39774333,-124.2423267,48,50
"MFU","52193","140","d10","1","Clupea pallasii",63012,"29-1",39.06565833,-123.7307767,0,0
"MFU","52193","140","d10","1","Engraulis mordax",0,"29-1",39.06565833,-123.7307767,0,0
"MFU","52193","140","d10","1","Leuroglossus stilbius",0,"29-1",39.06565833,-123.7307767,0,0
"MFU","52193","140","d10","1","Merluccius productus",0,"29-1",39.06565833,-123.7307767,0,0
"MFU","52193","140","d10","1","Merluccius productus",1833,"29-1",39.06565833,-123.7307767,0,0
"MFU","52193","140","d10","1","Microstomus pacificus",0,"29-1",39.06565833,-123.7307767,0,0
"MFU","52193","140","d10","1","Sardinops sagax",0,"29-1",39.06565833,-123.7307767,0,0
"MFU","52193","140","d10","1","Scomber japonicus",0,"29-1",39.06565833,-123.7307767,0,0
"MFU","52193","140","d10","1","Sebastes entomelas",0,"29-1",39.06565833,-123.7307767,0,0
"MFU","52193","140","d10","1","Stenobrachius leucopsarus",0,"29-1",39.06565833,-123.7307767,0,0
"MFU","52193","140","d10","1","Stenobrachius leucopsarus",0,"29-1",39.06565833,-123.7307767,0,0
"MFU","52193","140","d10","1","Tactostoma macropus",0,"29-1",39.06565833,-123.7307767,0,0
"MFU","52193","140","d10","1","Tarletonbeania crenularis",0,"29-1",39.06565833,-123.7307767,0,0
"MFU","52193","140","d10","1","Tarletonbeania crenularis",0,"29-1",39.06565833,-123.7307767,0,0
"MFU","52193","140","d10","1","Thaleichthys pacificus",0,"29-1",39.06565833,-123.7307767,0,0
"MFU","52193","140","d10","1","Trachurus symmetricus",0,"29-1",39.06565833,-123.7307767,0,0
"MFU","52193","140","d10","1","Trachurus symmetricus",0,"29-1",39.06565833,-123.7307767,0,0
"MFU","52193","1403","d5","1","Clupea pallasii",0,"73-2",46.39347,-124.5515067,0,0
"MFU","52193","1403","d5","1","Engraulis mordax",35763,"73-2",46.39347,-124.5515067,0,0
"MFU","52193","1403","d5","1","Leuroglossus stilbius",0,"73-2",46.39347,-124.5515067,0,0
"MFU","52193","1403","d5","1","Merluccius productus",79,"73-2",46.39347,-124.5515067,0,0
"MFU","52193","1403","d5","1","Merluccius productus",131,"73-2",46.39347,-124.5515067,0,0
"MFU","52193","1403","d5","1","Microstomus pacificus",0,"73-2",46.39347,-124.5515067,0,0
"MFU","52193","1403","d5","1","Sardinops sagax",0,"73-2",46.39347,-124.5515067,0,0
"MFU","52193","1403","d5","1","Scomber japonicus",0,"73-2",46.39347,-124.5515067,0,0
"MFU","52193","1403","d5","1","Sebastes entomelas",63,"73-2",46.39347,-124.5515067,0,0
"MFU","52193","1403","d5","1","Stenobrachius leucopsarus",0,"73-2",46.39347,-124.5515067,0,0
"MFU","52193","1403","d5","1","Stenobrachius leucopsarus",0,"73-2",46.39347,-124.5515067,0,0
"MFU","52193","1403","d5","1","Tactostoma macropus",69,"73-2",46.39347,-124.5515067,0,0
"MFU","52193","1403","d5","1","Tarletonbeania crenularis",0,"73-2",46.39347,-124.5515067,0,0
"MFU","52193","1403","d5","1","Tarletonbeania crenularis",1091,"73-2",46.39347,-124.5515067,0,0
"MFU","52193","1403","d5","1","Thaleichthys pacificus",19886,"73-2",46.39347,-124.5515067,0,0
"MFU","52193","1403","d5","1","Trachurus symmetricus",0,"73-2",46.39347,-124.5515067,0,0
"MFU","52193","1403","d5","1","Trachurus symmetricus",648,"73-2",46.39347,-124.5515067,0,0
"MFU","52193","1409","d1","1","Clupea pallasii",0,"73-2",46.39347,-124.5515067,50,50
"MFU","52193","1409","d1","1","Engraulis mordax",0,"73-2",46.39347,-124.5515067,50,50
"MFU","52193","1409","d1","1","Leuroglossus stilbius",0,"73-2",46.39347,-124.5515067,50,50
"MFU","52193","1409","d1","1","Merluccius productus",0,"73-2",46.39347,-124.5515067,50,50
"MFU","52193","1409","d1","1","Merluccius productus",5117,"73-2",46.39347,-124.5515067,50,50
"MFU","52193","1409","d1","1","Microstomus pacificus",0,"73-2",46.39347,-124.5515067,50,50
"MFU","52193","1409","d1","1","Sardinops sagax",0,"73-2",46.39347,-124.5515067,50,50
"MFU","52193","1409","d1","1","Scomber japonicus",0,"73-2",46.39347,-124.5515067,50,50
"MFU","52193","1409","d1","1","Sebastes entomelas",753,"73-2",46.39347,-124.5515067,50,50
"MFU","52193","1409","d1","1","Stenobrachius leucopsarus",0,"73-2",46.39347,-124.5515067,50,50
"MFU","52193","1409","d1","1","Stenobrachius leucopsarus",754,"73-2",46.39347,-124.5515067,50,50
"MFU","52193","1409","d1","1","Tactostoma macropus",0,"73-2",46.39347,-124.5515067,50,50
"MFU","52193","1409","d1","1","Tarletonbeania crenularis",0,"73-2",46.39347,-124.5515067,50,50
"MFU","52193","1409","d1","1","Tarletonbeania crenularis",384,"73-2",46.39347,-124.5515067,50,50
"MFU","52193","1409","d1","1","Thaleichthys pacificus",0,"73-2",46.39347,-124.5515067,50,50
"MFU","52193","1409","d1","1","Trachurus symmetricus",0,"73-2",46.39347,-124.5515067,50,50
"MFU","52193","1409","d1","1","Trachurus symmetricus",1279,"73-2",46.39347,-124.5515067,50,50
"MFU","52193","1411","d5","1","Clupea pallasii",0,"73-4",46.395065,-124.5975783,0,0
"MFU","52193","1411","d5","1","Engraulis mordax",259225,"73-4",46.395065,-124.5975783,0,0
"MFU","52193","1411","d5","1","Leuroglossus stilbius",0,"73-4",46.395065,-124.5975783,0,0
"MFU","52193","1411","d5","1","Merluccius productus",0,"73-4",46.395065,-124.5975783,0,0
"MFU","52193","1411","d5","1","Merluccius productus",2944,"73-4",46.395065,-124.5975783,0,0
"MFU","52193","1411","d5","1","Microstomus pacificus",0,"73-4",46.395065,-124.5975783,0,0
"MFU","52193","1411","d5","1","Sardinops sagax",1177,"73-4",46.395065,-124.5975783,0,0
"MFU","52193","1411","d5","1","Scomber japonicus",0,"73-4",46.395065,-124.5975783,0,0
"MFU","52193","1411","d5","1","Sebastes entomelas",0,"73-4",46.395065,-124.5975783,0,0
"MFU","52193","1411","d5","1","Stenobrachius leucopsarus",0,"73-4",46.395065,-124.5975783,0,0
"MFU","52193","1411","d5","1","Stenobrachius leucopsarus",0,"73-4",46.395065,-124.5975783,0,0
"MFU","52193","1411","d5","1","Tactostoma macropus",2643,"73-4",46.395065,-124.5975783,0,0
"MFU","52193","1411","d5","1","Tarletonbeania crenularis",0,"73-4",46.395065,-124.5975783,0,0
"MFU","52193","1411","d5","1","Tarletonbeania crenularis",4399,"73-4",46.395065,-124.5975783,0,0
"MFU","52193","1411","d5","1","Thaleichthys pacificus",64825,"73-4",46.395065,-124.5975783,0,0
"MFU","52193","1411","d5","1","Trachurus symmetricus",0,"73-4",46.395065,-124.5975783,0,0
"MFU","52193","1411","d5","1","Trachurus symmetricus",15078,"73-4",46.395065,-124.5975783,0,0
"MFU","52193","1421","d1","1","Clupea pallasii",0,"73-4",46.395065,-124.5975783,50,50
"MFU","52193","1421","d1","1","Engraulis mordax",0,"73-4",46.395065,-124.5975783,50,50
"MFU","52193","1421","d1","1","Leuroglossus stilbius",0,"73-4",46.395065,-124.5975783,50,50
"MFU","52193","1421","d1","1","Merluccius productus",0,"73-4",46.395065,-124.5975783,50,50
"MFU","52193","1421","d1","1","Merluccius productus",49976,"73-4",46.395065,-124.5975783,50,50
"MFU","52193","1421","d1","1","Microstomus pacificus",0,"73-4",46.395065,-124.5975783,50,50
"MFU","52193","1421","d1","1","Sardinops sagax",0,"73-4",46.395065,-124.5975783,50,50
"MFU","52193","1421","d1","1","Scomber japonicus",0,"73-4",46.395065,-124.5975783,50,50
"MFU","52193","1421","d1","1","Sebastes entomelas",0,"73-4",46.395065,-124.5975783,50,50
"MFU","52193","1421","d1","1","Stenobrachius leucopsarus",0,"73-4",46.395065,-124.5975783,50,50
"MFU","52193","1421","d1","1","Stenobrachius leucopsarus",2,"73-4",46.395065,-124.5975783,50,50
"MFU","52193","1421","d1","1","Tactostoma macropus",2479,"73-4",46.395065,-124.5975783,50,50
"MFU","52193","1421","d1","1","Tarletonbeania crenularis",0,"73-4",46.395065,-124.5975783,50,50
"MFU","52193","1421","d1","1","Tarletonbeania crenularis",17887,"73-4",46.395065,-124.5975783,50,50
"MFU","52193","1421","d1","1","Thaleichthys pacificus",0,"73-4",46.395065,-124.5975783,50,50
"MFU","52193","1421","d1","1","Trachurus symmetricus",0,"73-4",46.395065,-124.5975783,50,50
"MFU","52193","1421","d1","1","Trachurus symmetricus",18927,"73-4",46.395065,-124.5975783,50,50
"MFU","52193","1423","d1","1","Clupea pallasii",0,"73-5",46.39761,-124.7151167,0,0
"MFU","52193","1423","d1","1","Engraulis mordax",251660,"73-5",46.39761,-124.7151167,0,0
"MFU","52193","1423","d1","1","Leuroglossus stilbius",0,"73-5",46.39761,-124.7151167,0,0
"MFU","52193","1423","d1","1","Merluccius productus",0,"73-5",46.39761,-124.7151167,0,0
"MFU","52193","1423","d1","1","Merluccius productus",82,"73-5",46.39761,-124.7151167,0,0
"MFU","52193","1423","d1","1","Microstomus pacificus",0,"73-5",46.39761,-124.7151167,0,0
"MFU","52193","1423","d1","1","Sardinops sagax",184,"73-5",46.39761,-124.7151167,0,0
"MFU","52193","1423","d1","1","Scomber japonicus",706,"73-5",46.39761,-124.7151167,0,0
"MFU","52193","1423","d1","1","Sebastes entomelas",0,"73-5",46.39761,-124.7151167,0,0
"MFU","52193","1423","d1","1","Stenobrachius leucopsarus",0,"73-5",46.39761,-124.7151167,0,0
"MFU","52193","1423","d1","1","Stenobrachius leucopsarus",0,"73-5",46.39761,-124.7151167,0,0
"MFU","52193","1423","d1","1","Tactostoma macropus",555,"73-5",46.39761,-124.7151167,0,0
"MFU","52193","1423","d1","1","Tarletonbeania crenularis",0,"73-5",46.39761,-124.7151167,0,0
"MFU","52193","1423","d1","1","Tarletonbeania crenularis",233911,"73-5",46.39761,-124.7151167,0,0
"MFU","52193","1423","d1","1","Thaleichthys pacificus",70594,"73-5",46.39761,-124.7151167,0,0
"MFU","52193","1423","d1","1","Trachurus symmetricus",0,"73-5",46.39761,-124.7151167,0,0
"MFU","52193","1423","d1","1","Trachurus symmetricus",25489,"73-5",46.39761,-124.7151167,0,0
"MFU","52193","1436","d1","1","Clupea pallasii",0,"73-6",46.398595,-124.8364483,0,0
"MFU","52193","1436","d1","1","Engraulis mordax",19059,"73-6",46.398595,-124.8364483,0,0
"MFU","52193","1436","d1","1","Leuroglossus stilbius",0,"73-6",46.398595,-124.8364483,0,0
"MFU","52193","1436","d1","1","Merluccius productus",0,"73-6",46.398595,-124.8364483,0,0
"MFU","52193","1436","d1","1","Merluccius productus",23,"73-6",46.398595,-124.8364483,0,0
"MFU","52193","1436","d1","1","Microstomus pacificus",0,"73-6",46.398595,-124.8364483,0,0
"MFU","52193","1436","d1","1","Sardinops sagax",20,"73-6",46.398595,-124.8364483,0,0
"MFU","52193","1436","d1","1","Scomber japonicus",199,"73-6",46.398595,-124.8364483,0,0
"MFU","52193","1436","d1","1","Sebastes entomelas",0,"73-6",46.398595,-124.8364483,0,0
"MFU","52193","1436","d1","1","Stenobrachius leucopsarus",0,"73-6",46.398595,-124.8364483,0,0
"MFU","52193","1436","d1","1","Stenobrachius leucopsarus",39,"73-6",46.398595,-124.8364483,0,0
"MFU","52193","1436","d1","1","Tactostoma macropus",35835,"73-6",46.398595,-124.8364483,0,0
"MFU","52193","1436","d1","1","Tarletonbeania crenularis",0,"73-6",46.398595,-124.8364483,0,0
"MFU","52193","1436","d1","1","Tarletonbeania crenularis",54832,"73-6",46.398595,-124.8364483,0,0
"MFU","52193","1436","d1","1","Thaleichthys pacificus",11132,"73-6",46.398595,-124.8364483,0,0
"MFU","52193","1436","d1","1","Trachurus symmetricus",0,"73-6",46.398595,-124.8364483,0,0
"MFU","52193","1436","d1","1","Trachurus symmetricus",1729,"73-6",46.398595,-124.8364483,0,0
"MFU","52193","1445","d1","1","Clupea pallasii",0,"73-6",46.398595,-124.8364483,50,50
"MFU","52193","1445","d1","1","Engraulis mordax",0,"73-6",46.398595,-124.8364483,50,50
"MFU","52193","1445","d1","1","Leuroglossus stilbius",0,"73-6",46.398595,-124.8364483,50,50
"MFU","52193","1445","d1","1","Merluccius productus",2093,"73-6",46.398595,-124.8364483,50,50
"MFU","52193","1445","d1","1","Merluccius productus",1561,"73-6",46.398595,-124.8364483,50,50
"MFU","52193","1445","d1","1","Microstomus pacificus",0,"73-6",46.398595,-124.8364483,50,50
"MFU","52193","1445","d1","1","Sardinops sagax",0,"73-6",46.398595,-124.8364483,50,50
"MFU","52193","1445","d1","1","Scomber japonicus",0,"73-6",46.398595,-124.8364483,50,50
"MFU","52193","1445","d1","1","Sebastes entomelas",0,"73-6",46.398595,-124.8364483,50,50
"MFU","52193","1445","d1","1","Stenobrachius leucopsarus",0,"73-6",46.398595,-124.8364483,50,50
"MFU","52193","1445","d1","1","Stenobrachius leucopsarus",1729,"73-6",46.398595,-124.8364483,50,50
"MFU","52193","1445","d1","1","Tactostoma macropus",0,"73-6",46.398595,-124.8364483,50,50
"MFU","52193","1445","d1","1","Tarletonbeania crenularis",0,"73-6",46.398595,-124.8364483,50,50
"MFU","52193","1445","d1","1","Tarletonbeania crenularis",16985,"73-6",46.398595,-124.8364483,50,50
"MFU","52193","1445","d1","1","Thaleichthys pacificus",0,"73-6",46.398595,-124.8364483,50,50
"MFU","52193","1445","d1","1","Trachurus symmetricus",0,"73-6",46.398595,-124.8364483,50,50
"MFU","52193","1445","d1","1","Trachurus symmetricus",0,"73-6",46.398595,-124.8364483,50,50
"MFU","52193","1447","d5","1","Clupea pallasii",0,"73-7",46.39949833,-124.95556,0,0
"MFU","52193","1447","d5","1","Engraulis mordax",7184,"73-7",46.39949833,-124.95556,0,0
"MFU","52193","1447","d5","1","Leuroglossus stilbius",0,"73-7",46.39949833,-124.95556,0,0
"MFU","52193","1447","d5","1","Merluccius productus",247,"73-7",46.39949833,-124.95556,0,0
"MFU","52193","1447","d5","1","Merluccius productus",190,"73-7",46.39949833,-124.95556,0,0
"MFU","52193","1447","d5","1","Microstomus pacificus",0,"73-7",46.39949833,-124.95556,0,0
"MFU","52193","1447","d5","1","Sardinops sagax",0,"73-7",46.39949833,-124.95556,0,0
"MFU","52193","1447","d5","1","Scomber japonicus",0,"73-7",46.39949833,-124.95556,0,0
"MFU","52193","1447","d5","1","Sebastes entomelas",0,"73-7",46.39949833,-124.95556,0,0
"MFU","52193","1447","d5","1","Stenobrachius leucopsarus",0,"73-7",46.39949833,-124.95556,0,0
"MFU","52193","1447","d5","1","Stenobrachius leucopsarus",0,"73-7",46.39949833,-124.95556,0,0
"MFU","52193","1447","d5","1","Tactostoma macropus",7912,"73-7",46.39949833,-124.95556,0,0
"MFU","52193","1447","d5","1","Tarletonbeania crenularis",0,"73-7",46.39949833,-124.95556,0,0
"MFU","52193","1447","d5","1","Tarletonbeania crenularis",17081,"73-7",46.39949833,-124.95556,0,0
"MFU","52193","1447","d5","1","Thaleichthys pacificus",20842,"73-7",46.39949833,-124.95556,0,0
"MFU","52193","1447","d5","1","Trachurus symmetricus",0,"73-7",46.39949833,-124.95556,0,0
"MFU","52193","1447","d5","1","Trachurus symmetricus",297,"73-7",46.39949833,-124.95556,0,0
"MFU","52193","1449","d1","1","Clupea pallasii",0,"73-7",46.39949833,-124.95556,500,500
"MFU","52193","1449","d1","1","Engraulis mordax",0,"73-7",46.39949833,-124.95556,500,500
"MFU","52193","1449","d1","1","Leuroglossus stilbius",0,"73-7",46.39949833,-124.95556,500,500
"MFU","52193","1449","d1","1","Merluccius productus",0,"73-7",46.39949833,-124.95556,500,500
"MFU","52193","1449","d1","1","Merluccius productus",0,"73-7",46.39949833,-124.95556,500,500
"MFU","52193","1449","d1","1","Microstomus pacificus",0,"73-7",46.39949833,-124.95556,500,500
"MFU","52193","1449","d1","1","Sardinops sagax",0,"73-7",46.39949833,-124.95556,500,500
"MFU","52193","1449","d1","1","Scomber japonicus",0,"73-7",46.39949833,-124.95556,500,500
"MFU","52193","1449","d1","1","Sebastes entomelas",0,"73-7",46.39949833,-124.95556,500,500
"MFU","52193","1449","d1","1","Stenobrachius leucopsarus",0,"73-7",46.39949833,-124.95556,500,500
"MFU","52193","1449","d1","1","Stenobrachius leucopsarus",2875,"73-7",46.39949833,-124.95556,500,500
"MFU","52193","1449","d1","1","Tactostoma macropus",0,"73-7",46.39949833,-124.95556,500,500
"MFU","52193","1449","d1","1","Tarletonbeania crenularis",0,"73-7",46.39949833,-124.95556,500,500
"MFU","52193","1449","d1","1","Tarletonbeania crenularis",0,"73-7",46.39949833,-124.95556,500,500
"MFU","52193","1449","d1","1","Thaleichthys pacificus",0,"73-7",46.39949833,-124.95556,500,500
"MFU","52193","1449","d1","1","Trachurus symmetricus",0,"73-7",46.39949833,-124.95556,500,500
"MFU","52193","1449","d1","1","Trachurus symmetricus",0,"73-7",46.39949833,-124.95556,500,500
"MFU","52193","1451","d1","1","Clupea pallasii",0,"73-7",46.39949833,-124.95556,300,300
"MFU","52193","1451","d1","1","Engraulis mordax",0,"73-7",46.39949833,-124.95556,300,300
"MFU","52193","1451","d1","1","Leuroglossus stilbius",0,"73-7",46.39949833,-124.95556,300,300
"MFU","52193","1451","d1","1","Merluccius productus",6162,"73-7",46.39949833,-124.95556,300,300
"MFU","52193","1451","d1","1","Merluccius productus",44023,"73-7",46.39949833,-124.95556,300,300
"MFU","52193","1451","d1","1","Microstomus pacificus",0,"73-7",46.39949833,-124.95556,300,300
"MFU","52193","1451","d1","1","Sardinops sagax",0,"73-7",46.39949833,-124.95556,300,300
"MFU","52193","1451","d1","1","Scomber japonicus",0,"73-7",46.39949833,-124.95556,300,300
"MFU","52193","1451","d1","1","Sebastes entomelas",0,"73-7",46.39949833,-124.95556,300,300
"MFU","52193","1451","d1","1","Stenobrachius leucopsarus",0,"73-7",46.39949833,-124.95556,300,300
"MFU","52193","1451","d1","1","Stenobrachius leucopsarus",0,"73-7",46.39949833,-124.95556,300,300
"MFU","52193","1451","d1","1","Tactostoma macropus",0,"73-7",46.39949833,-124.95556,300,300
"MFU","52193","1451","d1","1","Tarletonbeania crenularis",0,"73-7",46.39949833,-124.95556,300,300
"MFU","52193","1451","d1","1","Tarletonbeania crenularis",23994,"73-7",46.39949833,-124.95556,300,300
"MFU","52193","1451","d1","1","Thaleichthys pacificus",0,"73-7",46.39949833,-124.95556,300,300
"MFU","52193","1451","d1","1","Trachurus symmetricus",0,"73-7",46.39949833,-124.95556,300,300
"MFU","52193","1451","d1","1","Trachurus symmetricus",0,"73-7",46.39949833,-124.95556,300,300
"MFU","52193","1453","d1","1","Clupea pallasii",0,"73-7",46.39949833,-124.95556,150,150
"MFU","52193","1453","d1","1","Engraulis mordax",0,"73-7",46.39949833,-124.95556,150,150
"MFU","52193","1453","d1","1","Leuroglossus stilbius",0,"73-7",46.39949833,-124.95556,150,150
"MFU","52193","1453","d1","1","Merluccius productus",0,"73-7",46.39949833,-124.95556,150,150
"MFU","52193","1453","d1","1","Merluccius productus",0,"73-7",46.39949833,-124.95556,150,150
"MFU","52193","1453","d1","1","Microstomus pacificus",0,"73-7",46.39949833,-124.95556,150,150
"MFU","52193","1453","d1","1","Sardinops sagax",0,"73-7",46.39949833,-124.95556,150,150
"MFU","52193","1453","d1","1","Scomber japonicus",0,"73-7",46.39949833,-124.95556,150,150
"MFU","52193","1453","d1","1","Sebastes entomelas",0,"73-7",46.39949833,-124.95556,150,150
"MFU","52193","1453","d1","1","Stenobrachius leucopsarus",0,"73-7",46.39949833,-124.95556,150,150
"MFU","52193","1453","d1","1","Stenobrachius leucopsarus",0,"73-7",46.39949833,-124.95556,150,150
"MFU","52193","1453","d1","1","Tactostoma macropus",0,"73-7",46.39949833,-124.95556,150,150
"MFU","52193","1453","d1","1","Tarletonbeania crenularis",0,"73-7",46.39949833,-124.95556,150,150
"MFU","52193","1453","d1","1","Tarletonbeania crenularis",1668,"73-7",46.39949833,-124.95556,150,150
"MFU","52193","1453","d1","1","Thaleichthys pacificus",0,"73-7",46.39949833,-124.95556,150,150
"MFU","52193","1453","d1","1","Trachurus symmetricus",0,"73-7",46.39949833,-124.95556,150,150
"MFU","52193","1453","d1","1","Trachurus symmetricus",0,"73-7",46.39949833,-124.95556,150,150
"MFU","52193","1453","d10","1","Clupea pallasii",0,"73-7",46.39949833,-124.95556,150,150
"MFU","52193","1453","d10","1","Engraulis mordax",0,"73-7",46.39949833,-124.95556,150,150
"MFU","52193","1453","d10","1","Leuroglossus stilbius",0,"73-7",46.39949833,-124.95556,150,150
"MFU","52193","1453","d10","1","Merluccius productus",0,"73-7",46.39949833,-124.95556,150,150
"MFU","52193","1453","d10","1","Merluccius productus",846,"73-7",46.39949833,-124.95556,150,150
"MFU","52193","1453","d10","1","Microstomus pacificus",0,"73-7",46.39949833,-124.95556,150,150
"MFU","52193","1453","d10","1","Sardinops sagax",0,"73-7",46.39949833,-124.95556,150,150
"MFU","52193","1453","d10","1","Scomber japonicus",0,"73-7",46.39949833,-124.95556,150,150
"MFU","52193","1453","d10","1","Sebastes entomelas",0,"73-7",46.39949833,-124.95556,150,150
"MFU","52193","1453","d10","1","Stenobrachius leucopsarus",0,"73-7",46.39949833,-124.95556,150,150
"MFU","52193","1453","d10","1","Stenobrachius leucopsarus",0,"73-7",46.39949833,-124.95556,150,150
"MFU","52193","1453","d10","1","Tactostoma macropus",0,"73-7",46.39949833,-124.95556,150,150
"MFU","52193","1453","d10","1","Tarletonbeania crenularis",0,"73-7",46.39949833,-124.95556,150,150
"MFU","52193","1453","d10","1","Tarletonbeania crenularis",0,"73-7",46.39949833,-124.95556,150,150
"MFU","52193","1453","d10","1","Thaleichthys pacificus",0,"73-7",46.39949833,-124.95556,150,150
"MFU","52193","1453","d10","1","Trachurus symmetricus",0,"73-7",46.39949833,-124.95556,150,150
"MFU","52193","1453","d10","1","Trachurus symmetricus",0,"73-7",46.39949833,-124.95556,150,150
"MFU","52193","1457","d5","1","Clupea pallasii",0,"73-7",46.39949833,-124.95556,50,50
"MFU","52193","1457","d5","1","Engraulis mordax",0,"73-7",46.39949833,-124.95556,50,50
"MFU","52193","1457","d5","1","Leuroglossus stilbius",0,"73-7",46.39949833,-124.95556,50,50
"MFU","52193","1457","d5","1","Merluccius productus",0,"73-7",46.39949833,-124.95556,50,50
"MFU","52193","1457","d5","1","Merluccius productus",0,"73-7",46.39949833,-124.95556,50,50
"MFU","52193","1457","d5","1","Microstomus pacificus",0,"73-7",46.39949833,-124.95556,50,50
"MFU","52193","1457","d5","1","Sardinops sagax",0,"73-7",46.39949833,-124.95556,50,50
"MFU","52193","1457","d5","1","Scomber japonicus",0,"73-7",46.39949833,-124.95556,50,50
"MFU","52193","1457","d5","1","Sebastes entomelas",0,"73-7",46.39949833,-124.95556,50,50
"MFU","52193","1457","d5","1","Stenobrachius leucopsarus",0,"73-7",46.39949833,-124.95556,50,50
"MFU","52193","1457","d5","1","Stenobrachius leucopsarus",0,"73-7",46.39949833,-124.95556,50,50
"MFU","52193","1457","d5","1","Tactostoma macropus",0,"73-7",46.39949833,-124.95556,50,50
"MFU","52193","1457","d5","1","Tarletonbeania crenularis",0,"73-7",46.39949833,-124.95556,50,50
"MFU","52193","1457","d5","1","Tarletonbeania crenularis",1157,"73-7",46.39949833,-124.95556,50,50
"MFU","52193","1457","d5","1","Thaleichthys pacificus",0,"73-7",46.39949833,-124.95556,50,50
"MFU","52193","1457","d5","1","Trachurus symmetricus",0,"73-7",46.39949833,-124.95556,50,50
"MFU","52193","1457","d5","1","Trachurus symmetricus",0,"73-7",46.39949833,-124.95556,50,50
"MFU","52193","1462","d1","1","Clupea pallasii",0,"75-7",46.73064167,-125.2485817,500,500
"MFU","52193","1462","d1","1","Engraulis mordax",0,"75-7",46.73064167,-125.2485817,500,500
"MFU","52193","1462","d1","1","Leuroglossus stilbius",0,"75-7",46.73064167,-125.2485817,500,500
"MFU","52193","1462","d1","1","Merluccius productus",10954,"75-7",46.73064167,-125.2485817,500,500
"MFU","52193","1462","d1","1","Merluccius productus",21535,"75-7",46.73064167,-125.2485817,500,500
"MFU","52193","1462","d1","1","Microstomus pacificus",0,"75-7",46.73064167,-125.2485817,500,500
"MFU","52193","1462","d1","1","Sardinops sagax",0,"75-7",46.73064167,-125.2485817,500,500
"MFU","52193","1462","d1","1","Scomber japonicus",0,"75-7",46.73064167,-125.2485817,500,500
"MFU","52193","1462","d1","1","Sebastes entomelas",0,"75-7",46.73064167,-125.2485817,500,500
"MFU","52193","1462","d1","1","Stenobrachius leucopsarus",0,"75-7",46.73064167,-125.2485817,500,500
"MFU","52193","1462","d1","1","Stenobrachius leucopsarus",5543,"75-7",46.73064167,-125.2485817,500,500
"MFU","52193","1462","d1","1","Tactostoma macropus",0,"75-7",46.73064167,-125.2485817,500,500
"MFU","52193","1462","d1","1","Tarletonbeania crenularis",0,"75-7",46.73064167,-125.2485817,500,500
"MFU","52193","1462","d1","1","Tarletonbeania crenularis",0,"75-7",46.73064167,-125.2485817,500,500
"MFU","52193","1462","d1","1","Thaleichthys pacificus",0,"75-7",46.73064167,-125.2485817,500,500
"MFU","52193","1462","d1","1","Trachurus symmetricus",0,"75-7",46.73064167,-125.2485817,500,500
"MFU","52193","1462","d1","1","Trachurus symmetricus",0,"75-7",46.73064167,-125.2485817,500,500
"MFU","52193","1464","d1","1","Clupea pallasii",0,"75-7",46.73064167,-125.2485817,300,300
"MFU","52193","1464","d1","1","Engraulis mordax",0,"75-7",46.73064167,-125.2485817,300,300
"MFU","52193","1464","d1","1","Leuroglossus stilbius",0,"75-7",46.73064167,-125.2485817,300,300
"MFU","52193","1464","d1","1","Merluccius productus",0,"75-7",46.73064167,-125.2485817,300,300
"MFU","52193","1464","d1","1","Merluccius productus",0,"75-7",46.73064167,-125.2485817,300,300
"MFU","52193","1464","d1","1","Microstomus pacificus",0,"75-7",46.73064167,-125.2485817,300,300
"MFU","52193","1464","d1","1","Sardinops sagax",0,"75-7",46.73064167,-125.2485817,300,300
"MFU","52193","1464","d1","1","Scomber japonicus",0,"75-7",46.73064167,-125.2485817,300,300
"MFU","52193","1464","d1","1","Sebastes entomelas",0,"75-7",46.73064167,-125.2485817,300,300
"MFU","52193","1464","d1","1","Stenobrachius leucopsarus",0,"75-7",46.73064167,-125.2485817,300,300
"MFU","52193","1464","d1","1","Stenobrachius leucopsarus",0,"75-7",46.73064167,-125.2485817,300,300
"MFU","52193","1464","d1","1","Tactostoma macropus",3035,"75-7",46.73064167,-125.2485817,300,300
"MFU","52193","1464","d1","1","Tarletonbeania crenularis",4152,"75-7",46.73064167,-125.2485817,300,300
"MFU","52193","1464","d1","1","Tarletonbeania crenularis",23108,"75-7",46.73064167,-125.2485817,300,300
"MFU","52193","1464","d1","1","Thaleichthys pacificus",0,"75-7",46.73064167,-125.2485817,300,300
"MFU","52193","1464","d1","1","Trachurus symmetricus",0,"75-7",46.73064167,-125.2485817,300,300
"MFU","52193","1464","d1","1","Trachurus symmetricus",0,"75-7",46.73064167,-125.2485817,300,300
"MFU","52193","1466","d1","1","Clupea pallasii",0,"75-7",46.73064167,-125.2485817,150,150
"MFU","52193","1466","d1","1","Engraulis mordax",0,"75-7",46.73064167,-125.2485817,150,150
"MFU","52193","1466","d1","1","Leuroglossus stilbius",0,"75-7",46.73064167,-125.2485817,150,150
"MFU","52193","1466","d1","1","Merluccius productus",0,"75-7",46.73064167,-125.2485817,150,150
"MFU","52193","1466","d1","1","Merluccius productus",0,"75-7",46.73064167,-125.2485817,150,150
"MFU","52193","1466","d1","1","Microstomus pacificus",0,"75-7",46.73064167,-125.2485817,150,150
"MFU","52193","1466","d1","1","Sardinops sagax",0,"75-7",46.73064167,-125.2485817,150,150
"MFU","52193","1466","d1","1","Scomber japonicus",0,"75-7",46.73064167,-125.2485817,150,150
"MFU","52193","1466","d1","1","Sebastes entomelas",0,"75-7",46.73064167,-125.2485817,150,150
"MFU","52193","1466","d1","1","Stenobrachius leucopsarus",0,"75-7",46.73064167,-125.2485817,150,150
"MFU","52193","1466","d1","1","Stenobrachius leucopsarus",9015,"75-7",46.73064167,-125.2485817,150,150
"MFU","52193","1466","d1","1","Tactostoma macropus",0,"75-7",46.73064167,-125.2485817,150,150
"MFU","52193","1466","d1","1","Tarletonbeania crenularis",0,"75-7",46.73064167,-125.2485817,150,150
"MFU","52193","1466","d1","1","Tarletonbeania crenularis",27770,"75-7",46.73064167,-125.2485817,150,150
"MFU","52193","1466","d1","1","Thaleichthys pacificus",0,"75-7",46.73064167,-125.2485817,150,150
"MFU","52193","1466","d1","1","Trachurus symmetricus",0,"75-7",46.73064167,-125.2485817,150,150
"MFU","52193","1466","d1","1","Trachurus symmetricus",0,"75-7",46.73064167,-125.2485817,150,150
"MFU","52193","1470","d1","1","Clupea pallasii",0,"75-7",46.73064167,-125.2485817,50,50
"MFU","52193","1470","d1","1","Engraulis mordax",117,"75-7",46.73064167,-125.2485817,50,50
"MFU","52193","1470","d1","1","Leuroglossus stilbius",0,"75-7",46.73064167,-125.2485817,50,50
"MFU","52193","1470","d1","1","Merluccius productus",0,"75-7",46.73064167,-125.2485817,50,50
"MFU","52193","1470","d1","1","Merluccius productus",501,"75-7",46.73064167,-125.2485817,50,50
"MFU","52193","1470","d1","1","Microstomus pacificus",0,"75-7",46.73064167,-125.2485817,50,50
"MFU","52193","1470","d1","1","Sardinops sagax",0,"75-7",46.73064167,-125.2485817,50,50
"MFU","52193","1470","d1","1","Scomber japonicus",0,"75-7",46.73064167,-125.2485817,50,50
"MFU","52193","1470","d1","1","Sebastes entomelas",566,"75-7",46.73064167,-125.2485817,50,50
"MFU","52193","1470","d1","1","Stenobrachius leucopsarus",0,"75-7",46.73064167,-125.2485817,50,50
"MFU","52193","1470","d1","1","Stenobrachius leucopsarus",0,"75-7",46.73064167,-125.2485817,50,50
"MFU","52193","1470","d1","1","Tactostoma macropus",0,"75-7",46.73064167,-125.2485817,50,50
"MFU","52193","1470","d1","1","Tarletonbeania crenularis",0,"75-7",46.73064167,-125.2485817,50,50
"MFU","52193","1470","d1","1","Tarletonbeania crenularis",2085,"75-7",46.73064167,-125.2485817,50,50
"MFU","52193","1470","d1","1","Thaleichthys pacificus",0,"75-7",46.73064167,-125.2485817,50,50
"MFU","52193","1470","d1","1","Trachurus symmetricus",0,"75-7",46.73064167,-125.2485817,50,50
"MFU","52193","1470","d1","1","Trachurus symmetricus",0,"75-7",46.73064167,-125.2485817,50,50
"MFU","52193","1472","d5","1","Clupea pallasii",0,"75-6",46.73109667,-125.127575,0,0
"MFU","52193","1472","d5","1","Engraulis mordax",6925,"75-6",46.73109667,-125.127575,0,0
"MFU","52193","1472","d5","1","Leuroglossus stilbius",0,"75-6",46.73109667,-125.127575,0,0
"MFU","52193","1472","d5","1","Merluccius productus",887,"75-6",46.73109667,-125.127575,0,0
"MFU","52193","1472","d5","1","Merluccius productus",5440,"75-6",46.73109667,-125.127575,0,0
"MFU","52193","1472","d5","1","Microstomus pacificus",0,"75-6",46.73109667,-125.127575,0,0
"MFU","52193","1472","d5","1","Sardinops sagax",0,"75-6",46.73109667,-125.127575,0,0
"MFU","52193","1472","d5","1","Scomber japonicus",0,"75-6",46.73109667,-125.127575,0,0
"MFU","52193","1472","d5","1","Sebastes entomelas",527,"75-6",46.73109667,-125.127575,0,0
"MFU","52193","1472","d5","1","Stenobrachius leucopsarus",0,"75-6",46.73109667,-125.127575,0,0
"MFU","52193","1472","d5","1","Stenobrachius leucopsarus",0,"75-6",46.73109667,-125.127575,0,0
"MFU","52193","1472","d5","1","Tactostoma macropus",22458,"75-6",46.73109667,-125.127575,0,0
"MFU","52193","1472","d5","1","Tarletonbeania crenularis",0,"75-6",46.73109667,-125.127575,0,0
"MFU","52193","1472","d5","1","Tarletonbeania crenularis",11063,"75-6",46.73109667,-125.127575,0,0
"MFU","52193","1472","d5","1","Thaleichthys pacificus",0,"75-6",46.73109667,-125.127575,0,0
"MFU","52193","1472","d5","1","Trachurus symmetricus",0,"75-6",46.73109667,-125.127575,0,0
"MFU","52193","1472","d5","1","Trachurus symmetricus",4069,"75-6",46.73109667,-125.127575,0,0
"MFU","52193","1474","d1","1","Clupea pallasii",764,"75-6",46.73109667,-125.127575,500,500
"MFU","52193","1474","d1","1","Engraulis mordax",0,"75-6",46.73109667,-125.127575,500,500
"MFU","52193","1474","d1","1","Leuroglossus stilbius",0,"75-6",46.73109667,-125.127575,500,500
"MFU","52193","1474","d1","1","Merluccius productus",0,"75-6",46.73109667,-125.127575,500,500
"MFU","52193","1474","d1","1","Merluccius productus",1853,"75-6",46.73109667,-125.127575,500,500
"MFU","52193","1474","d1","1","Microstomus pacificus",0,"75-6",46.73109667,-125.127575,500,500
"MFU","52193","1474","d1","1","Sardinops sagax",0,"75-6",46.73109667,-125.127575,500,500
"MFU","52193","1474","d1","1","Scomber japonicus",0,"75-6",46.73109667,-125.127575,500,500
"MFU","52193","1474","d1","1","Sebastes entomelas",0,"75-6",46.73109667,-125.127575,500,500
"MFU","52193","1474","d1","1","Stenobrachius leucopsarus",0,"75-6",46.73109667,-125.127575,500,500
"MFU","52193","1474","d1","1","Stenobrachius leucopsarus",771,"75-6",46.73109667,-125.127575,500,500
"MFU","52193","1474","d1","1","Tactostoma macropus",586,"75-6",46.73109667,-125.127575,500,500
"MFU","52193","1474","d1","1","Tarletonbeania crenularis",0,"75-6",46.73109667,-125.127575,500,500
"MFU","52193","1474","d1","1","Tarletonbeania crenularis",0,"75-6",46.73109667,-125.127575,500,500
"MFU","52193","1474","d1","1","Thaleichthys pacificus",0,"75-6",46.73109667,-125.127575,500,500
"MFU","52193","1474","d1","1","Trachurus symmetricus",0,"75-6",46.73109667,-125.127575,500,500
"MFU","52193","1474","d1","1","Trachurus symmetricus",0,"75-6",46.73109667,-125.127575,500,500
"MFU","52193","1474","d10","1","Clupea pallasii",0,"75-6",46.73109667,-125.127575,500,500
"MFU","52193","1474","d10","1","Engraulis mordax",0,"75-6",46.73109667,-125.127575,500,500
"MFU","52193","1474","d10","1","Leuroglossus stilbius",0,"75-6",46.73109667,-125.127575,500,500
"MFU","52193","1474","d10","1","Merluccius productus",0,"75-6",46.73109667,-125.127575,500,500
"MFU","52193","1474","d10","1","Merluccius productus",0,"75-6",46.73109667,-125.127575,500,500
"MFU","52193","1474","d10","1","Microstomus pacificus",0,"75-6",46.73109667,-125.127575,500,500
"MFU","52193","1474","d10","1","Sardinops sagax",0,"75-6",46.73109667,-125.127575,500,500
"MFU","52193","1474","d10","1","Scomber japonicus",0,"75-6",46.73109667,-125.127575,500,500
"MFU","52193","1474","d10","1","Sebastes entomelas",0,"75-6",46.73109667,-125.127575,500,500
"MFU","52193","1474","d10","1","Stenobrachius leucopsarus",0,"75-6",46.73109667,-125.127575,500,500
"MFU","52193","1474","d10","1","Stenobrachius leucopsarus",0,"75-6",46.73109667,-125.127575,500,500
"MFU","52193","1474","d10","1","Tactostoma macropus",0,"75-6",46.73109667,-125.127575,500,500
"MFU","52193","1474","d10","1","Tarletonbeania crenularis",0,"75-6",46.73109667,-125.127575,500,500
"MFU","52193","1474","d10","1","Tarletonbeania crenularis",0,"75-6",46.73109667,-125.127575,500,500
"MFU","52193","1474","d10","1","Thaleichthys pacificus",0,"75-6",46.73109667,-125.127575,500,500
"MFU","52193","1474","d10","1","Trachurus symmetricus",0,"75-6",46.73109667,-125.127575,500,500
"MFU","52193","1474","d10","1","Trachurus symmetricus",0,"75-6",46.73109667,-125.127575,500,500
"MFU","52193","1476","d1","1","Clupea pallasii",0,"75-6",46.73109667,-125.127575,300,300
"MFU","52193","1476","d1","1","Engraulis mordax",0,"75-6",46.73109667,-125.127575,300,300
"MFU","52193","1476","d1","1","Leuroglossus stilbius",0,"75-6",46.73109667,-125.127575,300,300
"MFU","52193","1476","d1","1","Merluccius productus",6812,"75-6",46.73109667,-125.127575,300,300
"MFU","52193","1476","d1","1","Merluccius productus",29712,"75-6",46.73109667,-125.127575,300,300
"MFU","52193","1476","d1","1","Microstomus pacificus",0,"75-6",46.73109667,-125.127575,300,300
"MFU","52193","1476","d1","1","Sardinops sagax",0,"75-6",46.73109667,-125.127575,300,300
"MFU","52193","1476","d1","1","Scomber japonicus",0,"75-6",46.73109667,-125.127575,300,300
"MFU","52193","1476","d1","1","Sebastes entomelas",0,"75-6",46.73109667,-125.127575,300,300
"MFU","52193","1476","d1","1","Stenobrachius leucopsarus",0,"75-6",46.73109667,-125.127575,300,300
"MFU","52193","1476","d1","1","Stenobrachius leucopsarus",0,"75-6",46.73109667,-125.127575,300,300
"MFU","52193","1476","d1","1","Tactostoma macropus",0,"75-6",46.73109667,-125.127575,300,300
"MFU","52193","1476","d1","1","Tarletonbeania crenularis",690,"75-6",46.73109667,-125.127575,300,300
"MFU","52193","1476","d1","1","Tarletonbeania crenularis",4412,"75-6",46.73109667,-125.127575,300,300
"MFU","52193","1476","d1","1","Thaleichthys pacificus",0,"75-6",46.73109667,-125.127575,300,300
"MFU","52193","1476","d1","1","Trachurus symmetricus",0,"75-6",46.73109667,-125.127575,300,300
"MFU","52193","1476","d1","1","Trachurus symmetricus",0,"75-6",46.73109667,-125.127575,300,300
"MFU","52193","1478","d1","1","Clupea pallasii",0,"75-6",46.73109667,-125.127575,150,150
"MFU","52193","1478","d1","1","Engraulis mordax",0,"75-6",46.73109667,-125.127575,150,150
"MFU","52193","1478","d1","1","Leuroglossus stilbius",0,"75-6",46.73109667,-125.127575,150,150
"MFU","52193","1478","d1","1","Merluccius productus",0,"75-6",46.73109667,-125.127575,150,150
"MFU","52193","1478","d1","1","Merluccius productus",8106,"75-6",46.73109667,-125.127575,150,150
"MFU","52193","1478","d1","1","Microstomus pacificus",0,"75-6",46.73109667,-125.127575,150,150
"MFU","52193","1478","d1","1","Sardinops sagax",0,"75-6",46.73109667,-125.127575,150,150
"MFU","52193","1478","d1","1","Scomber japonicus",0,"75-6",46.73109667,-125.127575,150,150
"MFU","52193","1478","d1","1","Sebastes entomelas",0,"75-6",46.73109667,-125.127575,150,150
"MFU","52193","1478","d1","1","Stenobrachius leucopsarus",0,"75-6",46.73109667,-125.127575,150,150
"MFU","52193","1478","d1","1","Stenobrachius leucopsarus",683,"75-6",46.73109667,-125.127575,150,150
"MFU","52193","1478","d1","1","Tactostoma macropus",0,"75-6",46.73109667,-125.127575,150,150
"MFU","52193","1478","d1","1","Tarletonbeania crenularis",0,"75-6",46.73109667,-125.127575,150,150
"MFU","52193","1478","d1","1","Tarletonbeania crenularis",2939,"75-6",46.73109667,-125.127575,150,150
"MFU","52193","1478","d1","1","Thaleichthys pacificus",0,"75-6",46.73109667,-125.127575,150,150
"MFU","52193","1478","d1","1","Trachurus symmetricus",0,"75-6",46.73109667,-125.127575,150,150
"MFU","52193","1478","d1","1","Trachurus symmetricus",0,"75-6",46.73109667,-125.127575,150,150
"MFU","52193","148","d1","1","Clupea pallasii",0,"29-2",39.064125,-123.9372133,50,50
"MFU","52193","148","d1","1","Engraulis mordax",0,"29-2",39.064125,-123.9372133,50,50
"MFU","52193","148","d1","1","Leuroglossus stilbius",0,"29-2",39.064125,-123.9372133,50,50
"MFU","52193","148","d1","1","Merluccius productus",0,"29-2",39.064125,-123.9372133,50,50
"MFU","52193","148","d1","1","Merluccius productus",9582,"29-2",39.064125,-123.9372133,50,50
"MFU","52193","148","d1","1","Microstomus pacificus",0,"29-2",39.064125,-123.9372133,50,50
"MFU","52193","148","d1","1","Sardinops sagax",0,"29-2",39.064125,-123.9372133,50,50
"MFU","52193","148","d1","1","Scomber japonicus",0,"29-2",39.064125,-123.9372133,50,50
"MFU","52193","148","d1","1","Sebastes entomelas",0,"29-2",39.064125,-123.9372133,50,50
"MFU","52193","148","d1","1","Stenobrachius leucopsarus",0,"29-2",39.064125,-123.9372133,50,50
"MFU","52193","148","d1","1","Stenobrachius leucopsarus",0,"29-2",39.064125,-123.9372133,50,50
"MFU","52193","148","d1","1","Tactostoma macropus",0,"29-2",39.064125,-123.9372133,50,50
"MFU","52193","148","d1","1","Tarletonbeania crenularis",0,"29-2",39.064125,-123.9372133,50,50
"MFU","52193","148","d1","1","Tarletonbeania crenularis",0,"29-2",39.064125,-123.9372133,50,50
"MFU","52193","148","d1","1","Thaleichthys pacificus",0,"29-2",39.064125,-123.9372133,50,50
"MFU","52193","148","d1","1","Trachurus symmetricus",0,"29-2",39.064125,-123.9372133,50,50
"MFU","52193","148","d1","1","Trachurus symmetricus",0,"29-2",39.064125,-123.9372133,50,50
"MFU","52193","1482","d1","1","Clupea pallasii",0,"75-6",46.73109667,-125.127575,50,50
"MFU","52193","1482","d1","1","Engraulis mordax",0,"75-6",46.73109667,-125.127575,50,50
"MFU","52193","1482","d1","1","Leuroglossus stilbius",0,"75-6",46.73109667,-125.127575,50,50
"MFU","52193","1482","d1","1","Merluccius productus",0,"75-6",46.73109667,-125.127575,50,50
"MFU","52193","1482","d1","1","Merluccius productus",1650,"75-6",46.73109667,-125.127575,50,50
"MFU","52193","1482","d1","1","Microstomus pacificus",0,"75-6",46.73109667,-125.127575,50,50
"MFU","52193","1482","d1","1","Sardinops sagax",0,"75-6",46.73109667,-125.127575,50,50
"MFU","52193","1482","d1","1","Scomber japonicus",0,"75-6",46.73109667,-125.127575,50,50
"MFU","52193","1482","d1","1","Sebastes entomelas",0,"75-6",46.73109667,-125.127575,50,50
"MFU","52193","1482","d1","1","Stenobrachius leucopsarus",0,"75-6",46.73109667,-125.127575,50,50
"MFU","52193","1482","d1","1","Stenobrachius leucopsarus",464,"75-6",46.73109667,-125.127575,50,50
"MFU","52193","1482","d1","1","Tactostoma macropus",0,"75-6",46.73109667,-125.127575,50,50
"MFU","52193","1482","d1","1","Tarletonbeania crenularis",0,"75-6",46.73109667,-125.127575,50,50
"MFU","52193","1482","d1","1","Tarletonbeania crenularis",0,"75-6",46.73109667,-125.127575,50,50
"MFU","52193","1482","d1","1","Thaleichthys pacificus",0,"75-6",46.73109667,-125.127575,50,50
"MFU","52193","1482","d1","1","Trachurus symmetricus",0,"75-6",46.73109667,-125.127575,50,50
"MFU","52193","1482","d1","1","Trachurus symmetricus",532,"75-6",46.73109667,-125.127575,50,50
"MFU","52193","1482","d10","1","Clupea pallasii",0,"75-6",46.73109667,-125.127575,50,50
"MFU","52193","1482","d10","1","Engraulis mordax",0,"75-6",46.73109667,-125.127575,50,50
"MFU","52193","1482","d10","1","Leuroglossus stilbius",0,"75-6",46.73109667,-125.127575,50,50
"MFU","52193","1482","d10","1","Merluccius productus",0,"75-6",46.73109667,-125.127575,50,50
"MFU","52193","1482","d10","1","Merluccius productus",76,"75-6",46.73109667,-125.127575,50,50
"MFU","52193","1482","d10","1","Microstomus pacificus",0,"75-6",46.73109667,-125.127575,50,50
"MFU","52193","1482","d10","1","Sardinops sagax",0,"75-6",46.73109667,-125.127575,50,50
"MFU","52193","1482","d10","1","Scomber japonicus",0,"75-6",46.73109667,-125.127575,50,50
"MFU","52193","1482","d10","1","Sebastes entomelas",0,"75-6",46.73109667,-125.127575,50,50
"MFU","52193","1482","d10","1","Stenobrachius leucopsarus",0,"75-6",46.73109667,-125.127575,50,50
"MFU","52193","1482","d10","1","Stenobrachius leucopsarus",0,"75-6",46.73109667,-125.127575,50,50
"MFU","52193","1482","d10","1","Tactostoma macropus",0,"75-6",46.73109667,-125.127575,50,50
"MFU","52193","1482","d10","1","Tarletonbeania crenularis",0,"75-6",46.73109667,-125.127575,50,50
"MFU","52193","1482","d10","1","Tarletonbeania crenularis",475,"75-6",46.73109667,-125.127575,50,50
"MFU","52193","1482","d10","1","Thaleichthys pacificus",0,"75-6",46.73109667,-125.127575,50,50
"MFU","52193","1482","d10","1","Trachurus symmetricus",0,"75-6",46.73109667,-125.127575,50,50
"MFU","52193","1482","d10","1","Trachurus symmetricus",0,"75-6",46.73109667,-125.127575,50,50
"MFU","52193","1485","d10","1","Clupea pallasii",0,"75-5",46.73121333,-125.0062883,0,0
"MFU","52193","1485","d10","1","Engraulis mordax",2741,"75-5",46.73121333,-125.0062883,0,0
"MFU","52193","1485","d10","1","Leuroglossus stilbius",0,"75-5",46.73121333,-125.0062883,0,0
"MFU","52193","1485","d10","1","Merluccius productus",0,"75-5",46.73121333,-125.0062883,0,0
"MFU","52193","1485","d10","1","Merluccius productus",0,"75-5",46.73121333,-125.0062883,0,0
"MFU","52193","1485","d10","1","Microstomus pacificus",0,"75-5",46.73121333,-125.0062883,0,0
"MFU","52193","1485","d10","1","Sardinops sagax",0,"75-5",46.73121333,-125.0062883,0,0
"MFU","52193","1485","d10","1","Scomber japonicus",0,"75-5",46.73121333,-125.0062883,0,0
"MFU","52193","1485","d10","1","Sebastes entomelas",0,"75-5",46.73121333,-125.0062883,0,0
"MFU","52193","1485","d10","1","Stenobrachius leucopsarus",0,"75-5",46.73121333,-125.0062883,0,0
"MFU","52193","1485","d10","1","Stenobrachius leucopsarus",0,"75-5",46.73121333,-125.0062883,0,0
"MFU","52193","1485","d10","1","Tactostoma macropus",6442,"75-5",46.73121333,-125.0062883,0,0
"MFU","52193","1485","d10","1","Tarletonbeania crenularis",0,"75-5",46.73121333,-125.0062883,0,0
"MFU","52193","1485","d10","1","Tarletonbeania crenularis",4806,"75-5",46.73121333,-125.0062883,0,0
"MFU","52193","1485","d10","1","Thaleichthys pacificus",799,"75-5",46.73121333,-125.0062883,0,0
"MFU","52193","1485","d10","1","Trachurus symmetricus",0,"75-5",46.73121333,-125.0062883,0,0
"MFU","52193","1485","d10","1","Trachurus symmetricus",787,"75-5",46.73121333,-125.0062883,0,0
"MFU","52193","1485","d5","1","Clupea pallasii",0,"75-5",46.73121333,-125.0062883,0,0
"MFU","52193","1485","d5","1","Engraulis mordax",4607,"75-5",46.73121333,-125.0062883,0,0
"MFU","52193","1485","d5","1","Leuroglossus stilbius",0,"75-5",46.73121333,-125.0062883,0,0
"MFU","52193","1485","d5","1","Merluccius productus",0,"75-5",46.73121333,-125.0062883,0,0
"MFU","52193","1485","d5","1","Merluccius productus",0,"75-5",46.73121333,-125.0062883,0,0
"MFU","52193","1485","d5","1","Microstomus pacificus",0,"75-5",46.73121333,-125.0062883,0,0
"MFU","52193","1485","d5","1","Sardinops sagax",0,"75-5",46.73121333,-125.0062883,0,0
"MFU","52193","1485","d5","1","Scomber japonicus",0,"75-5",46.73121333,-125.0062883,0,0
"MFU","52193","1485","d5","1","Sebastes entomelas",0,"75-5",46.73121333,-125.0062883,0,0
"MFU","52193","1485","d5","1","Stenobrachius leucopsarus",0,"75-5",46.73121333,-125.0062883,0,0
"MFU","52193","1485","d5","1","Stenobrachius leucopsarus",0,"75-5",46.73121333,-125.0062883,0,0
"MFU","52193","1485","d5","1","Tactostoma macropus",9368,"75-5",46.73121333,-125.0062883,0,0
"MFU","52193","1485","d5","1","Tarletonbeania crenularis",0,"75-5",46.73121333,-125.0062883,0,0
"MFU","52193","1485","d5","1","Tarletonbeania crenularis",9780,"75-5",46.73121333,-125.0062883,0,0
"MFU","52193","1485","d5","1","Thaleichthys pacificus",0,"75-5",46.73121333,-125.0062883,0,0
"MFU","52193","1485","d5","1","Trachurus symmetricus",0,"75-5",46.73121333,-125.0062883,0,0
"MFU","52193","1485","d5","1","Trachurus symmetricus",2512,"75-5",46.73121333,-125.0062883,0,0
"MFU","52193","1487","d1","1","Clupea pallasii",0,"75-5",46.73121333,-125.0062883,500,500
"MFU","52193","1487","d1","1","Engraulis mordax",0,"75-5",46.73121333,-125.0062883,500,500
"MFU","52193","1487","d1","1","Leuroglossus stilbius",0,"75-5",46.73121333,-125.0062883,500,500
"MFU","52193","1487","d1","1","Merluccius productus",0,"75-5",46.73121333,-125.0062883,500,500
"MFU","52193","1487","d1","1","Merluccius productus",0,"75-5",46.73121333,-125.0062883,500,500
"MFU","52193","1487","d1","1","Microstomus pacificus",0,"75-5",46.73121333,-125.0062883,500,500
"MFU","52193","1487","d1","1","Sardinops sagax",0,"75-5",46.73121333,-125.0062883,500,500
"MFU","52193","1487","d1","1","Scomber japonicus",0,"75-5",46.73121333,-125.0062883,500,500
"MFU","52193","1487","d1","1","Sebastes entomelas",7824,"75-5",46.73121333,-125.0062883,500,500
"MFU","52193","1487","d1","1","Stenobrachius leucopsarus",0,"75-5",46.73121333,-125.0062883,500,500
"MFU","52193","1487","d1","1","Stenobrachius leucopsarus",0,"75-5",46.73121333,-125.0062883,500,500
"MFU","52193","1487","d1","1","Tactostoma macropus",0,"75-5",46.73121333,-125.0062883,500,500
"MFU","52193","1487","d1","1","Tarletonbeania crenularis",0,"75-5",46.73121333,-125.0062883,500,500
"MFU","52193","1487","d1","1","Tarletonbeania crenularis",8185,"75-5",46.73121333,-125.0062883,500,500
"MFU","52193","1487","d1","1","Thaleichthys pacificus",0,"75-5",46.73121333,-125.0062883,500,500
"MFU","52193","1487","d1","1","Trachurus symmetricus",0,"75-5",46.73121333,-125.0062883,500,500
"MFU","52193","1487","d1","1","Trachurus symmetricus",0,"75-5",46.73121333,-125.0062883,500,500
"MFU","52193","1489","d1","1","Clupea pallasii",0,"75-5",46.73121333,-125.0062883,300,300
"MFU","52193","1489","d1","1","Engraulis mordax",0,"75-5",46.73121333,-125.0062883,300,300
"MFU","52193","1489","d1","1","Leuroglossus stilbius",0,"75-5",46.73121333,-125.0062883,300,300
"MFU","52193","1489","d1","1","Merluccius productus",0,"75-5",46.73121333,-125.0062883,300,300
"MFU","52193","1489","d1","1","Merluccius productus",7143,"75-5",46.73121333,-125.0062883,300,300
"MFU","52193","1489","d1","1","Microstomus pacificus",0,"75-5",46.73121333,-125.0062883,300,300
"MFU","52193","1489","d1","1","Sardinops sagax",0,"75-5",46.73121333,-125.0062883,300,300
"MFU","52193","1489","d1","1","Scomber japonicus",0,"75-5",46.73121333,-125.0062883,300,300
"MFU","52193","1489","d1","1","Sebastes entomelas",0,"75-5",46.73121333,-125.0062883,300,300
"MFU","52193","1489","d1","1","Stenobrachius leucopsarus",0,"75-5",46.73121333,-125.0062883,300,300
"MFU","52193","1489","d1","1","Stenobrachius leucopsarus",0,"75-5",46.73121333,-125.0062883,300,300
"MFU","52193","1489","d1","1","Tactostoma macropus",0,"75-5",46.73121333,-125.0062883,300,300
"MFU","52193","1489","d1","1","Tarletonbeania crenularis",0,"75-5",46.73121333,-125.0062883,300,300
"MFU","52193","1489","d1","1","Tarletonbeania crenularis",19024,"75-5",46.73121333,-125.0062883,300,300
"MFU","52193","1489","d1","1","Thaleichthys pacificus",0,"75-5",46.73121333,-125.0062883,300,300
"MFU","52193","1489","d1","1","Trachurus symmetricus",0,"75-5",46.73121333,-125.0062883,300,300
"MFU","52193","1489","d1","1","Trachurus symmetricus",0,"75-5",46.73121333,-125.0062883,300,300
"MFU","52193","1491","d1","1","Clupea pallasii",0,"75-5",46.73121333,-125.0062883,150,150
"MFU","52193","1491","d1","1","Engraulis mordax",0,"75-5",46.73121333,-125.0062883,150,150
"MFU","52193","1491","d1","1","Leuroglossus stilbius",0,"75-5",46.73121333,-125.0062883,150,150
"MFU","52193","1491","d1","1","Merluccius productus",0,"75-5",46.73121333,-125.0062883,150,150
"MFU","52193","1491","d1","1","Merluccius productus",0,"75-5",46.73121333,-125.0062883,150,150
"MFU","52193","1491","d1","1","Microstomus pacificus",0,"75-5",46.73121333,-125.0062883,150,150
"MFU","52193","1491","d1","1","Sardinops sagax",0,"75-5",46.73121333,-125.0062883,150,150
"MFU","52193","1491","d1","1","Scomber japonicus",0,"75-5",46.73121333,-125.0062883,150,150
"MFU","52193","1491","d1","1","Sebastes entomelas",0,"75-5",46.73121333,-125.0062883,150,150
"MFU","52193","1491","d1","1","Stenobrachius leucopsarus",0,"75-5",46.73121333,-125.0062883,150,150
"MFU","52193","1491","d1","1","Stenobrachius leucopsarus",0,"75-5",46.73121333,-125.0062883,150,150
"MFU","52193","1491","d1","1","Tactostoma macropus",0,"75-5",46.73121333,-125.0062883,150,150
"MFU","52193","1491","d1","1","Tarletonbeania crenularis",0,"75-5",46.73121333,-125.0062883,150,150
"MFU","52193","1491","d1","1","Tarletonbeania crenularis",79158,"75-5",46.73121333,-125.0062883,150,150
"MFU","52193","1491","d1","1","Thaleichthys pacificus",0,"75-5",46.73121333,-125.0062883,150,150
"MFU","52193","1491","d1","1","Trachurus symmetricus",0,"75-5",46.73121333,-125.0062883,150,150
"MFU","52193","1491","d1","1","Trachurus symmetricus",0,"75-5",46.73121333,-125.0062883,150,150
"MFU","52193","1495","d1","1","Clupea pallasii",0,"75-5",46.73121333,-125.0062883,50,50
"MFU","52193","1495","d1","1","Engraulis mordax",0,"75-5",46.73121333,-125.0062883,50,50
"MFU","52193","1495","d1","1","Leuroglossus stilbius",0,"75-5",46.73121333,-125.0062883,50,50
"MFU","52193","1495","d1","1","Merluccius productus",0,"75-5",46.73121333,-125.0062883,50,50
"MFU","52193","1495","d1","1","Merluccius productus",226,"75-5",46.73121333,-125.0062883,50,50
"MFU","52193","1495","d1","1","Microstomus pacificus",0,"75-5",46.73121333,-125.0062883,50,50
"MFU","52193","1495","d1","1","Sardinops sagax",0,"75-5",46.73121333,-125.0062883,50,50
"MFU","52193","1495","d1","1","Scomber japonicus",0,"75-5",46.73121333,-125.0062883,50,50
"MFU","52193","1495","d1","1","Sebastes entomelas",0,"75-5",46.73121333,-125.0062883,50,50
"MFU","52193","1495","d1","1","Stenobrachius leucopsarus",0,"75-5",46.73121333,-125.0062883,50,50
"MFU","52193","1495","d1","1","Stenobrachius leucopsarus",117,"75-5",46.73121333,-125.0062883,50,50
"MFU","52193","1495","d1","1","Tactostoma macropus",0,"75-5",46.73121333,-125.0062883,50,50
"MFU","52193","1495","d1","1","Tarletonbeania crenularis",0,"75-5",46.73121333,-125.0062883,50,50
"MFU","52193","1495","d1","1","Tarletonbeania crenularis",1616,"75-5",46.73121333,-125.0062883,50,50
"MFU","52193","1495","d1","1","Thaleichthys pacificus",0,"75-5",46.73121333,-125.0062883,50,50
"MFU","52193","1495","d1","1","Trachurus symmetricus",0,"75-5",46.73121333,-125.0062883,50,50
"MFU","52193","1495","d1","1","Trachurus symmetricus",0,"75-5",46.73121333,-125.0062883,50,50
"MFU","52193","1495","d10","1","Clupea pallasii",0,"75-5",46.73121333,-125.0062883,50,50
"MFU","52193","1495","d10","1","Engraulis mordax",0,"75-5",46.73121333,-125.0062883,50,50
"MFU","52193","1495","d10","1","Leuroglossus stilbius",0,"75-5",46.73121333,-125.0062883,50,50
"MFU","52193","1495","d10","1","Merluccius productus",0,"75-5",46.73121333,-125.0062883,50,50
"MFU","52193","1495","d10","1","Merluccius productus",0,"75-5",46.73121333,-125.0062883,50,50
"MFU","52193","1495","d10","1","Microstomus pacificus",0,"75-5",46.73121333,-125.0062883,50,50
"MFU","52193","1495","d10","1","Sardinops sagax",0,"75-5",46.73121333,-125.0062883,50,50
"MFU","52193","1495","d10","1","Scomber japonicus",0,"75-5",46.73121333,-125.0062883,50,50
"MFU","52193","1495","d10","1","Sebastes entomelas",0,"75-5",46.73121333,-125.0062883,50,50
"MFU","52193","1495","d10","1","Stenobrachius leucopsarus",0,"75-5",46.73121333,-125.0062883,50,50
"MFU","52193","1495","d10","1","Stenobrachius leucopsarus",0,"75-5",46.73121333,-125.0062883,50,50
"MFU","52193","1495","d10","1","Tactostoma macropus",0,"75-5",46.73121333,-125.0062883,50,50
"MFU","52193","1495","d10","1","Tarletonbeania crenularis",0,"75-5",46.73121333,-125.0062883,50,50
"MFU","52193","1495","d10","1","Tarletonbeania crenularis",0,"75-5",46.73121333,-125.0062883,50,50
"MFU","52193","1495","d10","1","Thaleichthys pacificus",0,"75-5",46.73121333,-125.0062883,50,50
"MFU","52193","1495","d10","1","Trachurus symmetricus",0,"75-5",46.73121333,-125.0062883,50,50
"MFU","52193","1495","d10","1","Trachurus symmetricus",0,"75-5",46.73121333,-125.0062883,50,50
"MFU","52193","1497","d10","1","Clupea pallasii",0,"75-4",46.72953,-124.8829967,0,0
"MFU","52193","1497","d10","1","Engraulis mordax",15104,"75-4",46.72953,-124.8829967,0,0
"MFU","52193","1497","d10","1","Leuroglossus stilbius",0,"75-4",46.72953,-124.8829967,0,0
"MFU","52193","1497","d10","1","Merluccius productus",0,"75-4",46.72953,-124.8829967,0,0
"MFU","52193","1497","d10","1","Merluccius productus",0,"75-4",46.72953,-124.8829967,0,0
"MFU","52193","1497","d10","1","Microstomus pacificus",0,"75-4",46.72953,-124.8829967,0,0
"MFU","52193","1497","d10","1","Sardinops sagax",0,"75-4",46.72953,-124.8829967,0,0
"MFU","52193","1497","d10","1","Scomber japonicus",0,"75-4",46.72953,-124.8829967,0,0
"MFU","52193","1497","d10","1","Sebastes entomelas",0,"75-4",46.72953,-124.8829967,0,0
"MFU","52193","1497","d10","1","Stenobrachius leucopsarus",0,"75-4",46.72953,-124.8829967,0,0
"MFU","52193","1497","d10","1","Stenobrachius leucopsarus",0,"75-4",46.72953,-124.8829967,0,0
"MFU","52193","1497","d10","1","Tactostoma macropus",20314,"75-4",46.72953,-124.8829967,0,0
"MFU","52193","1497","d10","1","Tarletonbeania crenularis",0,"75-4",46.72953,-124.8829967,0,0
"MFU","52193","1497","d10","1","Tarletonbeania crenularis",52545,"75-4",46.72953,-124.8829967,0,0
"MFU","52193","1497","d10","1","Thaleichthys pacificus",5520,"75-4",46.72953,-124.8829967,0,0
"MFU","52193","1497","d10","1","Trachurus symmetricus",0,"75-4",46.72953,-124.8829967,0,0
"MFU","52193","1497","d10","1","Trachurus symmetricus",18358,"75-4",46.72953,-124.8829967,0,0
"MFU","52193","1499","d1","1","Clupea pallasii",0,"75-4",46.72953,-124.8829967,500,500
"MFU","52193","1499","d1","1","Engraulis mordax",0,"75-4",46.72953,-124.8829967,500,500
"MFU","52193","1499","d1","1","Leuroglossus stilbius",0,"75-4",46.72953,-124.8829967,500,500
"MFU","52193","1499","d1","1","Merluccius productus",6219,"75-4",46.72953,-124.8829967,500,500
"MFU","52193","1499","d1","1","Merluccius productus",13989,"75-4",46.72953,-124.8829967,500,500
"MFU","52193","1499","d1","1","Microstomus pacificus",2130,"75-4",46.72953,-124.8829967,500,500
"MFU","52193","1499","d1","1","Sardinops sagax",0,"75-4",46.72953,-124.8829967,500,500
"MFU","52193","1499","d1","1","Scomber japonicus",0,"75-4",46.72953,-124.8829967,500,500
"MFU","52193","1499","d1","1","Sebastes entomelas",0,"75-4",46.72953,-124.8829967,500,500
"MFU","52193","1499","d1","1","Stenobrachius leucopsarus",0,"75-4",46.72953,-124.8829967,500,500
"MFU","52193","1499","d1","1","Stenobrachius leucopsarus",2784,"75-4",46.72953,-124.8829967,500,500
"MFU","52193","1499","d1","1","Tactostoma macropus",0,"75-4",46.72953,-124.8829967,500,500
"MFU","52193","1499","d1","1","Tarletonbeania crenularis",0,"75-4",46.72953,-124.8829967,500,500
"MFU","52193","1499","d1","1","Tarletonbeania crenularis",1039,"75-4",46.72953,-124.8829967,500,500
"MFU","52193","1499","d1","1","Thaleichthys pacificus",0,"75-4",46.72953,-124.8829967,500,500
"MFU","52193","1499","d1","1","Trachurus symmetricus",0,"75-4",46.72953,-124.8829967,500,500
"MFU","52193","1499","d1","1","Trachurus symmetricus",0,"75-4",46.72953,-124.8829967,500,500
"MFU","52193","150","d5","1","Clupea pallasii",0,"29-2",39.064125,-123.9372133,0,0
"MFU","52193","150","d5","1","Engraulis mordax",0,"29-2",39.064125,-123.9372133,0,0
"MFU","52193","150","d5","1","Leuroglossus stilbius",0,"29-2",39.064125,-123.9372133,0,0
"MFU","52193","150","d5","1","Merluccius productus",0,"29-2",39.064125,-123.9372133,0,0
"MFU","52193","150","d5","1","Merluccius productus",5853,"29-2",39.064125,-123.9372133,0,0
"MFU","52193","150","d5","1","Microstomus pacificus",0,"29-2",39.064125,-123.9372133,0,0
"MFU","52193","150","d5","1","Sardinops sagax",148947,"29-2",39.064125,-123.9372133,0,0
"MFU","52193","150","d5","1","Scomber japonicus",20193,"29-2",39.064125,-123.9372133,0,0
"MFU","52193","150","d5","1","Sebastes entomelas",0,"29-2",39.064125,-123.9372133,0,0
"MFU","52193","150","d5","1","Stenobrachius leucopsarus",0,"29-2",39.064125,-123.9372133,0,0
"MFU","52193","150","d5","1","Stenobrachius leucopsarus",260899,"29-2",39.064125,-123.9372133,0,0
"MFU","52193","150","d5","1","Tactostoma macropus",0,"29-2",39.064125,-123.9372133,0,0
"MFU","52193","150","d5","1","Tarletonbeania crenularis",0,"29-2",39.064125,-123.9372133,0,0
"MFU","52193","150","d5","1","Tarletonbeania crenularis",2522,"29-2",39.064125,-123.9372133,0,0
"MFU","52193","150","d5","1","Thaleichthys pacificus",0,"29-2",39.064125,-123.9372133,0,0
"MFU","52193","150","d5","1","Trachurus symmetricus",0,"29-2",39.064125,-123.9372133,0,0
"MFU","52193","150","d5","1","Trachurus symmetricus",0,"29-2",39.064125,-123.9372133,0,0
"MFU","52193","1501","d1","1","Clupea pallasii",0,"75-4",46.72953,-124.8829967,300,300
"MFU","52193","1501","d1","1","Engraulis mordax",0,"75-4",46.72953,-124.8829967,300,300
"MFU","52193","1501","d1","1","Leuroglossus stilbius",0,"75-4",46.72953,-124.8829967,300,300
"MFU","52193","1501","d1","1","Merluccius productus",0,"75-4",46.72953,-124.8829967,300,300
"MFU","52193","1501","d1","1","Merluccius productus",6295,"75-4",46.72953,-124.8829967,300,300
"MFU","52193","1501","d1","1","Microstomus pacificus",0,"75-4",46.72953,-124.8829967,300,300
"MFU","52193","1501","d1","1","Sardinops sagax",0,"75-4",46.72953,-124.8829967,300,300
"MFU","52193","1501","d1","1","Scomber japonicus",0,"75-4",46.72953,-124.8829967,300,300
"MFU","52193","1501","d1","1","Sebastes entomelas",0,"75-4",46.72953,-124.8829967,300,300
"MFU","52193","1501","d1","1","Stenobrachius leucopsarus",0,"75-4",46.72953,-124.8829967,300,300
"MFU","52193","1501","d1","1","Stenobrachius leucopsarus",891,"75-4",46.72953,-124.8829967,300,300
"MFU","52193","1501","d1","1","Tactostoma macropus",0,"75-4",46.72953,-124.8829967,300,300
"MFU","52193","1501","d1","1","Tarletonbeania crenularis",0,"75-4",46.72953,-124.8829967,300,300
"MFU","52193","1501","d1","1","Tarletonbeania crenularis",0,"75-4",46.72953,-124.8829967,300,300
"MFU","52193","1501","d1","1","Thaleichthys pacificus",0,"75-4",46.72953,-124.8829967,300,300
"MFU","52193","1501","d1","1","Trachurus symmetricus",0,"75-4",46.72953,-124.8829967,300,300
"MFU","52193","1501","d1","1","Trachurus symmetricus",0,"75-4",46.72953,-124.8829967,300,300
"MFU","52193","1501","d10","1","Clupea pallasii",0,"75-4",46.72953,-124.8829967,300,300
"MFU","52193","1501","d10","1","Engraulis mordax",0,"75-4",46.72953,-124.8829967,300,300
"MFU","52193","1501","d10","1","Leuroglossus stilbius",0,"75-4",46.72953,-124.8829967,300,300
"MFU","52193","1501","d10","1","Merluccius productus",0,"75-4",46.72953,-124.8829967,300,300
"MFU","52193","1501","d10","1","Merluccius productus",441,"75-4",46.72953,-124.8829967,300,300
"MFU","52193","1501","d10","1","Microstomus pacificus",0,"75-4",46.72953,-124.8829967,300,300
"MFU","52193","1501","d10","1","Sardinops sagax",0,"75-4",46.72953,-124.8829967,300,300
"MFU","52193","1501","d10","1","Scomber japonicus",0,"75-4",46.72953,-124.8829967,300,300
"MFU","52193","1501","d10","1","Sebastes entomelas",0,"75-4",46.72953,-124.8829967,300,300
"MFU","52193","1501","d10","1","Stenobrachius leucopsarus",0,"75-4",46.72953,-124.8829967,300,300
"MFU","52193","1501","d10","1","Stenobrachius leucopsarus",0,"75-4",46.72953,-124.8829967,300,300
"MFU","52193","1501","d10","1","Tactostoma macropus",0,"75-4",46.72953,-124.8829967,300,300
"MFU","52193","1501","d10","1","Tarletonbeania crenularis",0,"75-4",46.72953,-124.8829967,300,300
"MFU","52193","1501","d10","1","Tarletonbeania crenularis",0,"75-4",46.72953,-124.8829967,300,300
"MFU","52193","1501","d10","1","Thaleichthys pacificus",0,"75-4",46.72953,-124.8829967,300,300
"MFU","52193","1501","d10","1","Trachurus symmetricus",0,"75-4",46.72953,-124.8829967,300,300
"MFU","52193","1501","d10","1","Trachurus symmetricus",0,"75-4",46.72953,-124.8829967,300,300
"MFU","52193","1503","d1","1","Clupea pallasii",0,"75-4",46.72953,-124.8829967,150,150
"MFU","52193","1503","d1","1","Engraulis mordax",0,"75-4",46.72953,-124.8829967,150,150
"MFU","52193","1503","d1","1","Leuroglossus stilbius",0,"75-4",46.72953,-124.8829967,150,150
"MFU","52193","1503","d1","1","Merluccius productus",4538,"75-4",46.72953,-124.8829967,150,150
"MFU","52193","1503","d1","1","Merluccius productus",0,"75-4",46.72953,-124.8829967,150,150
"MFU","52193","1503","d1","1","Microstomus pacificus",0,"75-4",46.72953,-124.8829967,150,150
"MFU","52193","1503","d1","1","Sardinops sagax",0,"75-4",46.72953,-124.8829967,150,150
"MFU","52193","1503","d1","1","Scomber japonicus",0,"75-4",46.72953,-124.8829967,150,150
"MFU","52193","1503","d1","1","Sebastes entomelas",0,"75-4",46.72953,-124.8829967,150,150
"MFU","52193","1503","d1","1","Stenobrachius leucopsarus",0,"75-4",46.72953,-124.8829967,150,150
"MFU","52193","1503","d1","1","Stenobrachius leucopsarus",0,"75-4",46.72953,-124.8829967,150,150
"MFU","52193","1503","d1","1","Tactostoma macropus",0,"75-4",46.72953,-124.8829967,150,150
"MFU","52193","1503","d1","1","Tarletonbeania crenularis",0,"75-4",46.72953,-124.8829967,150,150
"MFU","52193","1503","d1","1","Tarletonbeania crenularis",17507,"75-4",46.72953,-124.8829967,150,150
"MFU","52193","1503","d1","1","Thaleichthys pacificus",0,"75-4",46.72953,-124.8829967,150,150
"MFU","52193","1503","d1","1","Trachurus symmetricus",0,"75-4",46.72953,-124.8829967,150,150
"MFU","52193","1503","d1","1","Trachurus symmetricus",0,"75-4",46.72953,-124.8829967,150,150
"MFU","52193","1507","d1","1","Clupea pallasii",0,"75-4",46.72953,-124.8829967,50,50
"MFU","52193","1507","d1","1","Engraulis mordax",0,"75-4",46.72953,-124.8829967,50,50
"MFU","52193","1507","d1","1","Leuroglossus stilbius",0,"75-4",46.72953,-124.8829967,50,50
"MFU","52193","1507","d1","1","Merluccius productus",0,"75-4",46.72953,-124.8829967,50,50
"MFU","52193","1507","d1","1","Merluccius productus",11391,"75-4",46.72953,-124.8829967,50,50
"MFU","52193","1507","d1","1","Microstomus pacificus",0,"75-4",46.72953,-124.8829967,50,50
"MFU","52193","1507","d1","1","Sardinops sagax",0,"75-4",46.72953,-124.8829967,50,50
"MFU","52193","1507","d1","1","Scomber japonicus",0,"75-4",46.72953,-124.8829967,50,50
"MFU","52193","1507","d1","1","Sebastes entomelas",0,"75-4",46.72953,-124.8829967,50,50
"MFU","52193","1507","d1","1","Stenobrachius leucopsarus",0,"75-4",46.72953,-124.8829967,50,50
"MFU","52193","1507","d1","1","Stenobrachius leucopsarus",79381,"75-4",46.72953,-124.8829967,50,50
"MFU","52193","1507","d1","1","Tactostoma macropus",0,"75-4",46.72953,-124.8829967,50,50
"MFU","52193","1507","d1","1","Tarletonbeania crenularis",0,"75-4",46.72953,-124.8829967,50,50
"MFU","52193","1507","d1","1","Tarletonbeania crenularis",12558,"75-4",46.72953,-124.8829967,50,50
"MFU","52193","1507","d1","1","Thaleichthys pacificus",0,"75-4",46.72953,-124.8829967,50,50
"MFU","52193","1507","d1","1","Trachurus symmetricus",0,"75-4",46.72953,-124.8829967,50,50
"MFU","52193","1507","d1","1","Trachurus symmetricus",0,"75-4",46.72953,-124.8829967,50,50
"MFU","52193","1510","d5","1","Clupea pallasii",0,"75-3",46.73027167,-124.8444367,0,0
"MFU","52193","1510","d5","1","Engraulis mordax",22170,"75-3",46.73027167,-124.8444367,0,0
"MFU","52193","1510","d5","1","Leuroglossus stilbius",0,"75-3",46.73027167,-124.8444367,0,0
"MFU","52193","1510","d5","1","Merluccius productus",0,"75-3",46.73027167,-124.8444367,0,0
"MFU","52193","1510","d5","1","Merluccius productus",0,"75-3",46.73027167,-124.8444367,0,0
"MFU","52193","1510","d5","1","Microstomus pacificus",0,"75-3",46.73027167,-124.8444367,0,0
"MFU","52193","1510","d5","1","Sardinops sagax",0,"75-3",46.73027167,-124.8444367,0,0
"MFU","52193","1510","d5","1","Scomber japonicus",0,"75-3",46.73027167,-124.8444367,0,0
"MFU","52193","1510","d5","1","Sebastes entomelas",0,"75-3",46.73027167,-124.8444367,0,0
"MFU","52193","1510","d5","1","Stenobrachius leucopsarus",0,"75-3",46.73027167,-124.8444367,0,0
"MFU","52193","1510","d5","1","Stenobrachius leucopsarus",0,"75-3",46.73027167,-124.8444367,0,0
"MFU","52193","1510","d5","1","Tactostoma macropus",9203,"75-3",46.73027167,-124.8444367,0,0
"MFU","52193","1510","d5","1","Tarletonbeania crenularis",0,"75-3",46.73027167,-124.8444367,0,0
"MFU","52193","1510","d5","1","Tarletonbeania crenularis",7346,"75-3",46.73027167,-124.8444367,0,0
"MFU","52193","1510","d5","1","Thaleichthys pacificus",976,"75-3",46.73027167,-124.8444367,0,0
"MFU","52193","1510","d5","1","Trachurus symmetricus",0,"75-3",46.73027167,-124.8444367,0,0
"MFU","52193","1510","d5","1","Trachurus symmetricus",9424,"75-3",46.73027167,-124.8444367,0,0
"MFU","52193","1517","d1","1","Clupea pallasii",0,"75-3",46.73027167,-124.8444367,50,50
"MFU","52193","1517","d1","1","Engraulis mordax",857,"75-3",46.73027167,-124.8444367,50,50
"MFU","52193","1517","d1","1","Leuroglossus stilbius",0,"75-3",46.73027167,-124.8444367,50,50
"MFU","52193","1517","d1","1","Merluccius productus",0,"75-3",46.73027167,-124.8444367,50,50
"MFU","52193","1517","d1","1","Merluccius productus",0,"75-3",46.73027167,-124.8444367,50,50
"MFU","52193","1517","d1","1","Microstomus pacificus",0,"75-3",46.73027167,-124.8444367,50,50
"MFU","52193","1517","d1","1","Sardinops sagax",0,"75-3",46.73027167,-124.8444367,50,50
"MFU","52193","1517","d1","1","Scomber japonicus",0,"75-3",46.73027167,-124.8444367,50,50
"MFU","52193","1517","d1","1","Sebastes entomelas",0,"75-3",46.73027167,-124.8444367,50,50
"MFU","52193","1517","d1","1","Stenobrachius leucopsarus",0,"75-3",46.73027167,-124.8444367,50,50
"MFU","52193","1517","d1","1","Stenobrachius leucopsarus",1446,"75-3",46.73027167,-124.8444367,50,50
"MFU","52193","1517","d1","1","Tactostoma macropus",0,"75-3",46.73027167,-124.8444367,50,50
"MFU","52193","1517","d1","1","Tarletonbeania crenularis",0,"75-3",46.73027167,-124.8444367,50,50
"MFU","52193","1517","d1","1","Tarletonbeania crenularis",8428,"75-3",46.73027167,-124.8444367,50,50
"MFU","52193","1517","d1","1","Thaleichthys pacificus",0,"75-3",46.73027167,-124.8444367,50,50
"MFU","52193","1517","d1","1","Trachurus symmetricus",0,"75-3",46.73027167,-124.8444367,50,50
"MFU","52193","1517","d1","1","Trachurus symmetricus",0,"75-3",46.73027167,-124.8444367,50,50
"MFU","52193","1519","d5","1","Clupea pallasii",590,"75-2",46.72985,-124.7129383,0,0
"MFU","52193","1519","d5","1","Engraulis mordax",33297,"75-2",46.72985,-124.7129383,0,0
"MFU","52193","1519","d5","1","Leuroglossus stilbius",0,"75-2",46.72985,-124.7129383,0,0
"MFU","52193","1519","d5","1","Merluccius productus",255,"75-2",46.72985,-124.7129383,0,0
"MFU","52193","1519","d5","1","Merluccius productus",1618,"75-2",46.72985,-124.7129383,0,0
"MFU","52193","1519","d5","1","Microstomus pacificus",0,"75-2",46.72985,-124.7129383,0,0
"MFU","52193","1519","d5","1","Sardinops sagax",0,"75-2",46.72985,-124.7129383,0,0
"MFU","52193","1519","d5","1","Scomber japonicus",0,"75-2",46.72985,-124.7129383,0,0
"MFU","52193","1519","d5","1","Sebastes entomelas",0,"75-2",46.72985,-124.7129383,0,0
"MFU","52193","1519","d5","1","Stenobrachius leucopsarus",0,"75-2",46.72985,-124.7129383,0,0
"MFU","52193","1519","d5","1","Stenobrachius leucopsarus",0,"75-2",46.72985,-124.7129383,0,0
"MFU","52193","1519","d5","1","Tactostoma macropus",1098,"75-2",46.72985,-124.7129383,0,0
"MFU","52193","1519","d5","1","Tarletonbeania crenularis",0,"75-2",46.72985,-124.7129383,0,0
"MFU","52193","1519","d5","1","Tarletonbeania crenularis",3293,"75-2",46.72985,-124.7129383,0,0
"MFU","52193","1519","d5","1","Thaleichthys pacificus",0,"75-2",46.72985,-124.7129383,0,0
"MFU","52193","1519","d5","1","Trachurus symmetricus",0,"75-2",46.72985,-124.7129383,0,0
"MFU","52193","1519","d5","1","Trachurus symmetricus",2108,"75-2",46.72985,-124.7129383,0,0
"MFU","52193","152","d1","1","Clupea pallasii",0,"29-4",39.064665,-123.9845317,475,500
"MFU","52193","152","d1","1","Engraulis mordax",0,"29-4",39.064665,-123.9845317,475,500
"MFU","52193","152","d1","1","Leuroglossus stilbius",559,"29-4",39.064665,-123.9845317,475,500
"MFU","52193","152","d1","1","Merluccius productus",11962,"29-4",39.064665,-123.9845317,475,500
"MFU","52193","152","d1","1","Merluccius productus",0,"29-4",39.064665,-123.9845317,475,500
"MFU","52193","152","d1","1","Microstomus pacificus",0,"29-4",39.064665,-123.9845317,475,500
"MFU","52193","152","d1","1","Sardinops sagax",0,"29-4",39.064665,-123.9845317,475,500
"MFU","52193","152","d1","1","Scomber japonicus",0,"29-4",39.064665,-123.9845317,475,500
"MFU","52193","152","d1","1","Sebastes entomelas",0,"29-4",39.064665,-123.9845317,475,500
"MFU","52193","152","d1","1","Stenobrachius leucopsarus",617,"29-4",39.064665,-123.9845317,475,500
"MFU","52193","152","d1","1","Stenobrachius leucopsarus",3441,"29-4",39.064665,-123.9845317,475,500
"MFU","52193","152","d1","1","Tactostoma macropus",0,"29-4",39.064665,-123.9845317,475,500
"MFU","52193","152","d1","1","Tarletonbeania crenularis",0,"29-4",39.064665,-123.9845317,475,500
"MFU","52193","152","d1","1","Tarletonbeania crenularis",0,"29-4",39.064665,-123.9845317,475,500
"MFU","52193","152","d1","1","Thaleichthys pacificus",0,"29-4",39.064665,-123.9845317,475,500
"MFU","52193","152","d1","1","Trachurus symmetricus",0,"29-4",39.064665,-123.9845317,475,500
"MFU","52193","152","d1","1","Trachurus symmetricus",0,"29-4",39.064665,-123.9845317,475,500
"MFU","52193","1525","d1","1","Clupea pallasii",171,"75-2",46.72985,-124.7129383,50,50
"MFU","52193","1525","d1","1","Engraulis mordax",569,"75-2",46.72985,-124.7129383,50,50
"MFU","52193","1525","d1","1","Leuroglossus stilbius",0,"75-2",46.72985,-124.7129383,50,50
"MFU","52193","1525","d1","1","Merluccius productus",0,"75-2",46.72985,-124.7129383,50,50
"MFU","52193","1525","d1","1","Merluccius productus",1003,"75-2",46.72985,-124.7129383,50,50
"MFU","52193","1525","d1","1","Microstomus pacificus",0,"75-2",46.72985,-124.7129383,50,50
"MFU","52193","1525","d1","1","Sardinops sagax",0,"75-2",46.72985,-124.7129383,50,50
"MFU","52193","1525","d1","1","Scomber japonicus",0,"75-2",46.72985,-124.7129383,50,50
"MFU","52193","1525","d1","1","Sebastes entomelas",1660,"75-2",46.72985,-124.7129383,50,50
"MFU","52193","1525","d1","1","Stenobrachius leucopsarus",0,"75-2",46.72985,-124.7129383,50,50
"MFU","52193","1525","d1","1","Stenobrachius leucopsarus",0,"75-2",46.72985,-124.7129383,50,50
"MFU","52193","1525","d1","1","Tactostoma macropus",0,"75-2",46.72985,-124.7129383,50,50
"MFU","52193","1525","d1","1","Tarletonbeania crenularis",0,"75-2",46.72985,-124.7129383,50,50
"MFU","52193","1525","d1","1","Tarletonbeania crenularis",545,"75-2",46.72985,-124.7129383,50,50
"MFU","52193","1525","d1","1","Thaleichthys pacificus",0,"75-2",46.72985,-124.7129383,50,50
"MFU","52193","1525","d1","1","Trachurus symmetricus",0,"75-2",46.72985,-124.7129383,50,50
"MFU","52193","1525","d1","1","Trachurus symmetricus",766,"75-2",46.72985,-124.7129383,50,50
"MFU","52193","1525","d10","1","Clupea pallasii",0,"75-2",46.72985,-124.7129383,50,50
"MFU","52193","1525","d10","1","Engraulis mordax",0,"75-2",46.72985,-124.7129383,50,50
"MFU","52193","1525","d10","1","Leuroglossus stilbius",0,"75-2",46.72985,-124.7129383,50,50
"MFU","52193","1525","d10","1","Merluccius productus",0,"75-2",46.72985,-124.7129383,50,50
"MFU","52193","1525","d10","1","Merluccius productus",0,"75-2",46.72985,-124.7129383,50,50
"MFU","52193","1525","d10","1","Microstomus pacificus",0,"75-2",46.72985,-124.7129383,50,50
"MFU","52193","1525","d10","1","Sardinops sagax",0,"75-2",46.72985,-124.7129383,50,50
"MFU","52193","1525","d10","1","Scomber japonicus",0,"75-2",46.72985,-124.7129383,50,50
"MFU","52193","1525","d10","1","Sebastes entomelas",8986,"75-2",46.72985,-124.7129383,50,50
"MFU","52193","1525","d10","1","Stenobrachius leucopsarus",0,"75-2",46.72985,-124.7129383,50,50
"MFU","52193","1525","d10","1","Stenobrachius leucopsarus",0,"75-2",46.72985,-124.7129383,50,50
"MFU","52193","1525","d10","1","Tactostoma macropus",0,"75-2",46.72985,-124.7129383,50,50
"MFU","52193","1525","d10","1","Tarletonbeania crenularis",0,"75-2",46.72985,-124.7129383,50,50
"MFU","52193","1525","d10","1","Tarletonbeania crenularis",0,"75-2",46.72985,-124.7129383,50,50
"MFU","52193","1525","d10","1","Thaleichthys pacificus",0,"75-2",46.72985,-124.7129383,50,50
"MFU","52193","1525","d10","1","Trachurus symmetricus",0,"75-2",46.72985,-124.7129383,50,50
"MFU","52193","1525","d10","1","Trachurus symmetricus",0,"75-2",46.72985,-124.7129383,50,50
"MFU","52193","1528","d5","1","Clupea pallasii",0,"75-1",46.73069833,-124.2712383,0,0
"MFU","52193","1528","d5","1","Engraulis mordax",637,"75-1",46.73069833,-124.2712383,0,0
"MFU","52193","1528","d5","1","Leuroglossus stilbius",0,"75-1",46.73069833,-124.2712383,0,0
"MFU","52193","1528","d5","1","Merluccius productus",0,"75-1",46.73069833,-124.2712383,0,0
"MFU","52193","1528","d5","1","Merluccius productus",82,"75-1",46.73069833,-124.2712383,0,0
"MFU","52193","1528","d5","1","Microstomus pacificus",0,"75-1",46.73069833,-124.2712383,0,0
"MFU","52193","1528","d5","1","Sardinops sagax",1444,"75-1",46.73069833,-124.2712383,0,0
"MFU","52193","1528","d5","1","Scomber japonicus",0,"75-1",46.73069833,-124.2712383,0,0
"MFU","52193","1528","d5","1","Sebastes entomelas",0,"75-1",46.73069833,-124.2712383,0,0
"MFU","52193","1528","d5","1","Stenobrachius leucopsarus",0,"75-1",46.73069833,-124.2712383,0,0
"MFU","52193","1528","d5","1","Stenobrachius leucopsarus",0,"75-1",46.73069833,-124.2712383,0,0
"MFU","52193","1528","d5","1","Tactostoma macropus",1797,"75-1",46.73069833,-124.2712383,0,0
"MFU","52193","1528","d5","1","Tarletonbeania crenularis",0,"75-1",46.73069833,-124.2712383,0,0
"MFU","52193","1528","d5","1","Tarletonbeania crenularis",0,"75-1",46.73069833,-124.2712383,0,0
"MFU","52193","1528","d5","1","Thaleichthys pacificus",0,"75-1",46.73069833,-124.2712383,0,0
"MFU","52193","1528","d5","1","Trachurus symmetricus",0,"75-1",46.73069833,-124.2712383,0,0
"MFU","52193","1528","d5","1","Trachurus symmetricus",0,"75-1",46.73069833,-124.2712383,0,0
"MFU","52193","1530","d1","1","Clupea pallasii",0,"75-1",46.73069833,-124.2712383,40,50
"MFU","52193","1530","d1","1","Engraulis mordax",8535,"75-1",46.73069833,-124.2712383,40,50
"MFU","52193","1530","d1","1","Leuroglossus stilbius",0,"75-1",46.73069833,-124.2712383,40,50
"MFU","52193","1530","d1","1","Merluccius productus",0,"75-1",46.73069833,-124.2712383,40,50
"MFU","52193","1530","d1","1","Merluccius productus",1262,"75-1",46.73069833,-124.2712383,40,50
"MFU","52193","1530","d1","1","Microstomus pacificus",2617,"75-1",46.73069833,-124.2712383,40,50
"MFU","52193","1530","d1","1","Sardinops sagax",2788,"75-1",46.73069833,-124.2712383,40,50
"MFU","52193","1530","d1","1","Scomber japonicus",0,"75-1",46.73069833,-124.2712383,40,50
"MFU","52193","1530","d1","1","Sebastes entomelas",0,"75-1",46.73069833,-124.2712383,40,50
"MFU","52193","1530","d1","1","Stenobrachius leucopsarus",0,"75-1",46.73069833,-124.2712383,40,50
"MFU","52193","1530","d1","1","Stenobrachius leucopsarus",0,"75-1",46.73069833,-124.2712383,40,50
"MFU","52193","1530","d1","1","Tactostoma macropus",0,"75-1",46.73069833,-124.2712383,40,50
"MFU","52193","1530","d1","1","Tarletonbeania crenularis",0,"75-1",46.73069833,-124.2712383,40,50
"MFU","52193","1530","d1","1","Tarletonbeania crenularis",0,"75-1",46.73069833,-124.2712383,40,50
"MFU","52193","1530","d1","1","Thaleichthys pacificus",0,"75-1",46.73069833,-124.2712383,40,50
"MFU","52193","1530","d1","1","Trachurus symmetricus",0,"75-1",46.73069833,-124.2712383,40,50
"MFU","52193","1530","d1","1","Trachurus symmetricus",0,"75-1",46.73069833,-124.2712383,40,50
"MFU","52193","1536","d10","1","Clupea pallasii",0,"77-1",47.063255,-124.396465,0,0
"MFU","52193","1536","d10","1","Engraulis mordax",13591,"77-1",47.063255,-124.396465,0,0
"MFU","52193","1536","d10","1","Leuroglossus stilbius",0,"77-1",47.063255,-124.396465,0,0
"MFU","52193","1536","d10","1","Merluccius productus",0,"77-1",47.063255,-124.396465,0,0
"MFU","52193","1536","d10","1","Merluccius productus",0,"77-1",47.063255,-124.396465,0,0
"MFU","52193","1536","d10","1","Microstomus pacificus",0,"77-1",47.063255,-124.396465,0,0
"MFU","52193","1536","d10","1","Sardinops sagax",0,"77-1",47.063255,-124.396465,0,0
"MFU","52193","1536","d10","1","Scomber japonicus",0,"77-1",47.063255,-124.396465,0,0
"MFU","52193","1536","d10","1","Sebastes entomelas",0,"77-1",47.063255,-124.396465,0,0
"MFU","52193","1536","d10","1","Stenobrachius leucopsarus",0,"77-1",47.063255,-124.396465,0,0
"MFU","52193","1536","d10","1","Stenobrachius leucopsarus",0,"77-1",47.063255,-124.396465,0,0
"MFU","52193","1536","d10","1","Tactostoma macropus",0,"77-1",47.063255,-124.396465,0,0
"MFU","52193","1536","d10","1","Tarletonbeania crenularis",0,"77-1",47.063255,-124.396465,0,0
"MFU","52193","1536","d10","1","Tarletonbeania crenularis",18786,"77-1",47.063255,-124.396465,0,0
"MFU","52193","1536","d10","1","Thaleichthys pacificus",0,"77-1",47.063255,-124.396465,0,0
"MFU","52193","1536","d10","1","Trachurus symmetricus",0,"77-1",47.063255,-124.396465,0,0
"MFU","52193","1536","d10","1","Trachurus symmetricus",0,"77-1",47.063255,-124.396465,0,0
"MFU","52193","1538","d1","1","Clupea pallasii",0,"77-1",47.063255,-124.396465,50,50
"MFU","52193","1538","d1","1","Engraulis mordax",9391,"77-1",47.063255,-124.396465,50,50
"MFU","52193","1538","d1","1","Leuroglossus stilbius",0,"77-1",47.063255,-124.396465,50,50
"MFU","52193","1538","d1","1","Merluccius productus",4988,"77-1",47.063255,-124.396465,50,50
"MFU","52193","1538","d1","1","Merluccius productus",1173,"77-1",47.063255,-124.396465,50,50
"MFU","52193","1538","d1","1","Microstomus pacificus",3644,"77-1",47.063255,-124.396465,50,50
"MFU","52193","1538","d1","1","Sardinops sagax",0,"77-1",47.063255,-124.396465,50,50
"MFU","52193","1538","d1","1","Scomber japonicus",0,"77-1",47.063255,-124.396465,50,50
"MFU","52193","1538","d1","1","Sebastes entomelas",0,"77-1",47.063255,-124.396465,50,50
"MFU","52193","1538","d1","1","Stenobrachius leucopsarus",0,"77-1",47.063255,-124.396465,50,50
"MFU","52193","1538","d1","1","Stenobrachius leucopsarus",0,"77-1",47.063255,-124.396465,50,50
"MFU","52193","1538","d1","1","Tactostoma macropus",0,"77-1",47.063255,-124.396465,50,50
"MFU","52193","1538","d1","1","Tarletonbeania crenularis",0,"77-1",47.063255,-124.396465,50,50
"MFU","52193","1538","d1","1","Tarletonbeania crenularis",0,"77-1",47.063255,-124.396465,50,50
"MFU","52193","1538","d1","1","Thaleichthys pacificus",1245,"77-1",47.063255,-124.396465,50,50
"MFU","52193","1538","d1","1","Trachurus symmetricus",0,"77-1",47.063255,-124.396465,50,50
"MFU","52193","1538","d1","1","Trachurus symmetricus",4450,"77-1",47.063255,-124.396465,50,50
"MFU","52193","154","d1","1","Clupea pallasii",0,"29-4",39.064665,-123.9845317,280,300
"MFU","52193","154","d1","1","Engraulis mordax",0,"29-4",39.064665,-123.9845317,280,300
"MFU","52193","154","d1","1","Leuroglossus stilbius",0,"29-4",39.064665,-123.9845317,280,300
"MFU","52193","154","d1","1","Merluccius productus",0,"29-4",39.064665,-123.9845317,280,300
"MFU","52193","154","d1","1","Merluccius productus",51807,"29-4",39.064665,-123.9845317,280,300
"MFU","52193","154","d1","1","Microstomus pacificus",0,"29-4",39.064665,-123.9845317,280,300
"MFU","52193","154","d1","1","Sardinops sagax",0,"29-4",39.064665,-123.9845317,280,300
"MFU","52193","154","d1","1","Scomber japonicus",0,"29-4",39.064665,-123.9845317,280,300
"MFU","52193","154","d1","1","Sebastes entomelas",0,"29-4",39.064665,-123.9845317,280,300
"MFU","52193","154","d1","1","Stenobrachius leucopsarus",0,"29-4",39.064665,-123.9845317,280,300
"MFU","52193","154","d1","1","Stenobrachius leucopsarus",22736,"29-4",39.064665,-123.9845317,280,300
"MFU","52193","154","d1","1","Tactostoma macropus",0,"29-4",39.064665,-123.9845317,280,300
"MFU","52193","154","d1","1","Tarletonbeania crenularis",0,"29-4",39.064665,-123.9845317,280,300
"MFU","52193","154","d1","1","Tarletonbeania crenularis",0,"29-4",39.064665,-123.9845317,280,300
"MFU","52193","154","d1","1","Thaleichthys pacificus",0,"29-4",39.064665,-123.9845317,280,300
"MFU","52193","154","d1","1","Trachurus symmetricus",0,"29-4",39.064665,-123.9845317,280,300
"MFU","52193","154","d1","1","Trachurus symmetricus",0,"29-4",39.064665,-123.9845317,280,300
"MFU","52193","1542","d1","1","Clupea pallasii",0,"77-2",47.06391667,-124.8705967,0,0
"MFU","52193","1542","d1","1","Engraulis mordax",69720,"77-2",47.06391667,-124.8705967,0,0
"MFU","52193","1542","d1","1","Leuroglossus stilbius",0,"77-2",47.06391667,-124.8705967,0,0
"MFU","52193","1542","d1","1","Merluccius productus",0,"77-2",47.06391667,-124.8705967,0,0
"MFU","52193","1542","d1","1","Merluccius productus",357,"77-2",47.06391667,-124.8705967,0,0
"MFU","52193","1542","d1","1","Microstomus pacificus",0,"77-2",47.06391667,-124.8705967,0,0
"MFU","52193","1542","d1","1","Sardinops sagax",0,"77-2",47.06391667,-124.8705967,0,0
"MFU","52193","1542","d1","1","Scomber japonicus",0,"77-2",47.06391667,-124.8705967,0,0
"MFU","52193","1542","d1","1","Sebastes entomelas",0,"77-2",47.06391667,-124.8705967,0,0
"MFU","52193","1542","d1","1","Stenobrachius leucopsarus",0,"77-2",47.06391667,-124.8705967,0,0
"MFU","52193","1542","d1","1","Stenobrachius leucopsarus",0,"77-2",47.06391667,-124.8705967,0,0
"MFU","52193","1542","d1","1","Tactostoma macropus",0,"77-2",47.06391667,-124.8705967,0,0
"MFU","52193","1542","d1","1","Tarletonbeania crenularis",0,"77-2",47.06391667,-124.8705967,0,0
"MFU","52193","1542","d1","1","Tarletonbeania crenularis",2062,"77-2",47.06391667,-124.8705967,0,0
"MFU","52193","1542","d1","1","Thaleichthys pacificus",0,"77-2",47.06391667,-124.8705967,0,0
"MFU","52193","1542","d1","1","Trachurus symmetricus",0,"77-2",47.06391667,-124.8705967,0,0
"MFU","52193","1542","d1","1","Trachurus symmetricus",0,"77-2",47.06391667,-124.8705967,0,0
"MFU","52193","1542","d5","1","Clupea pallasii",0,"77-2",47.06391667,-124.8705967,0,0
"MFU","52193","1542","d5","1","Engraulis mordax",391,"77-2",47.06391667,-124.8705967,0,0
"MFU","52193","1542","d5","1","Leuroglossus stilbius",0,"77-2",47.06391667,-124.8705967,0,0
"MFU","52193","1542","d5","1","Merluccius productus",0,"77-2",47.06391667,-124.8705967,0,0
"MFU","52193","1542","d5","1","Merluccius productus",17,"77-2",47.06391667,-124.8705967,0,0
"MFU","52193","1542","d5","1","Microstomus pacificus",0,"77-2",47.06391667,-124.8705967,0,0
"MFU","52193","1542","d5","1","Sardinops sagax",0,"77-2",47.06391667,-124.8705967,0,0
"MFU","52193","1542","d5","1","Scomber japonicus",0,"77-2",47.06391667,-124.8705967,0,0
"MFU","52193","1542","d5","1","Sebastes entomelas",0,"77-2",47.06391667,-124.8705967,0,0
"MFU","52193","1542","d5","1","Stenobrachius leucopsarus",0,"77-2",47.06391667,-124.8705967,0,0
"MFU","52193","1542","d5","1","Stenobrachius leucopsarus",0,"77-2",47.06391667,-124.8705967,0,0
"MFU","52193","1542","d5","1","Tactostoma macropus",0,"77-2",47.06391667,-124.8705967,0,0
"MFU","52193","1542","d5","1","Tarletonbeania crenularis",0,"77-2",47.06391667,-124.8705967,0,0
"MFU","52193","1542","d5","1","Tarletonbeania crenularis",6,"77-2",47.06391667,-124.8705967,0,0
"MFU","52193","1542","d5","1","Thaleichthys pacificus",0,"77-2",47.06391667,-124.8705967,0,0
"MFU","52193","1542","d5","1","Trachurus symmetricus",0,"77-2",47.06391667,-124.8705967,0,0
"MFU","52193","1542","d5","1","Trachurus symmetricus",0,"77-2",47.06391667,-124.8705967,0,0
"MFU","52193","1547","d1","1","Clupea pallasii",3270,"77-2",47.06391667,-124.8705967,50,50
"MFU","52193","1547","d1","1","Engraulis mordax",0,"77-2",47.06391667,-124.8705967,50,50
"MFU","52193","1547","d1","1","Leuroglossus stilbius",0,"77-2",47.06391667,-124.8705967,50,50
"MFU","52193","1547","d1","1","Merluccius productus",0,"77-2",47.06391667,-124.8705967,50,50
"MFU","52193","1547","d1","1","Merluccius productus",4523,"77-2",47.06391667,-124.8705967,50,50
"MFU","52193","1547","d1","1","Microstomus pacificus",0,"77-2",47.06391667,-124.8705967,50,50
"MFU","52193","1547","d1","1","Sardinops sagax",0,"77-2",47.06391667,-124.8705967,50,50
"MFU","52193","1547","d1","1","Scomber japonicus",0,"77-2",47.06391667,-124.8705967,50,50
"MFU","52193","1547","d1","1","Sebastes entomelas",0,"77-2",47.06391667,-124.8705967,50,50
"MFU","52193","1547","d1","1","Stenobrachius leucopsarus",0,"77-2",47.06391667,-124.8705967,50,50
"MFU","52193","1547","d1","1","Stenobrachius leucopsarus",0,"77-2",47.06391667,-124.8705967,50,50
"MFU","52193","1547","d1","1","Tactostoma macropus",0,"77-2",47.06391667,-124.8705967,50,50
"MFU","52193","1547","d1","1","Tarletonbeania crenularis",0,"77-2",47.06391667,-124.8705967,50,50
"MFU","52193","1547","d1","1","Tarletonbeania crenularis",0,"77-2",47.06391667,-124.8705967,50,50
"MFU","52193","1547","d1","1","Thaleichthys pacificus",0,"77-2",47.06391667,-124.8705967,50,50
"MFU","52193","1547","d1","1","Trachurus symmetricus",0,"77-2",47.06391667,-124.8705967,50,50
"MFU","52193","1547","d1","1","Trachurus symmetricus",0,"77-2",47.06391667,-124.8705967,50,50
"MFU","52193","1549","d10","1","Clupea pallasii",811,"77-4",47.06398,-124.9667317,0,0
"MFU","52193","1549","d10","1","Engraulis mordax",169083,"77-4",47.06398,-124.9667317,0,0
"MFU","52193","1549","d10","1","Leuroglossus stilbius",0,"77-4",47.06398,-124.9667317,0,0
"MFU","52193","1549","d10","1","Merluccius productus",0,"77-4",47.06398,-124.9667317,0,0
"MFU","52193","1549","d10","1","Merluccius productus",0,"77-4",47.06398,-124.9667317,0,0
"MFU","52193","1549","d10","1","Microstomus pacificus",0,"77-4",47.06398,-124.9667317,0,0
"MFU","52193","1549","d10","1","Sardinops sagax",0,"77-4",47.06398,-124.9667317,0,0
"MFU","52193","1549","d10","1","Scomber japonicus",0,"77-4",47.06398,-124.9667317,0,0
"MFU","52193","1549","d10","1","Sebastes entomelas",0,"77-4",47.06398,-124.9667317,0,0
"MFU","52193","1549","d10","1","Stenobrachius leucopsarus",0,"77-4",47.06398,-124.9667317,0,0
"MFU","52193","1549","d10","1","Stenobrachius leucopsarus",0,"77-4",47.06398,-124.9667317,0,0
"MFU","52193","1549","d10","1","Tactostoma macropus",0,"77-4",47.06398,-124.9667317,0,0
"MFU","52193","1549","d10","1","Tarletonbeania crenularis",0,"77-4",47.06398,-124.9667317,0,0
"MFU","52193","1549","d10","1","Tarletonbeania crenularis",4554,"77-4",47.06398,-124.9667317,0,0
"MFU","52193","1549","d10","1","Thaleichthys pacificus",0,"77-4",47.06398,-124.9667317,0,0
"MFU","52193","1549","d10","1","Trachurus symmetricus",0,"77-4",47.06398,-124.9667317,0,0
"MFU","52193","1549","d10","1","Trachurus symmetricus",0,"77-4",47.06398,-124.9667317,0,0
"MFU","52193","1551","d1","1","Clupea pallasii",0,"77-4",47.06398,-124.9667317,500,500
"MFU","52193","1551","d1","1","Engraulis mordax",0,"77-4",47.06398,-124.9667317,500,500
"MFU","52193","1551","d1","1","Leuroglossus stilbius",0,"77-4",47.06398,-124.9667317,500,500
"MFU","52193","1551","d1","1","Merluccius productus",6095,"77-4",47.06398,-124.9667317,500,500
"MFU","52193","1551","d1","1","Merluccius productus",32573,"77-4",47.06398,-124.9667317,500,500
"MFU","52193","1551","d1","1","Microstomus pacificus",0,"77-4",47.06398,-124.9667317,500,500
"MFU","52193","1551","d1","1","Sardinops sagax",0,"77-4",47.06398,-124.9667317,500,500
"MFU","52193","1551","d1","1","Scomber japonicus",0,"77-4",47.06398,-124.9667317,500,500
"MFU","52193","1551","d1","1","Sebastes entomelas",0,"77-4",47.06398,-124.9667317,500,500
"MFU","52193","1551","d1","1","Stenobrachius leucopsarus",0,"77-4",47.06398,-124.9667317,500,500
"MFU","52193","1551","d1","1","Stenobrachius leucopsarus",18168,"77-4",47.06398,-124.9667317,500,500
"MFU","52193","1551","d1","1","Tactostoma macropus",0,"77-4",47.06398,-124.9667317,500,500
"MFU","52193","1551","d1","1","Tarletonbeania crenularis",0,"77-4",47.06398,-124.9667317,500,500
"MFU","52193","1551","d1","1","Tarletonbeania crenularis",0,"77-4",47.06398,-124.9667317,500,500
"MFU","52193","1551","d1","1","Thaleichthys pacificus",0,"77-4",47.06398,-124.9667317,500,500
"MFU","52193","1551","d1","1","Trachurus symmetricus",0,"77-4",47.06398,-124.9667317,500,500
"MFU","52193","1551","d1","1","Trachurus symmetricus",0,"77-4",47.06398,-124.9667317,500,500
"MFU","52193","1553","d1","1","Clupea pallasii",0,"77-4",47.06398,-124.9667317,300,300
"MFU","52193","1553","d1","1","Engraulis mordax",0,"77-4",47.06398,-124.9667317,300,300
"MFU","52193","1553","d1","1","Leuroglossus stilbius",0,"77-4",47.06398,-124.9667317,300,300
"MFU","52193","1553","d1","1","Merluccius productus",0,"77-4",47.06398,-124.9667317,300,300
"MFU","52193","1553","d1","1","Merluccius productus",129475,"77-4",47.06398,-124.9667317,300,300
"MFU","52193","1553","d1","1","Microstomus pacificus",0,"77-4",47.06398,-124.9667317,300,300
"MFU","52193","1553","d1","1","Sardinops sagax",0,"77-4",47.06398,-124.9667317,300,300
"MFU","52193","1553","d1","1","Scomber japonicus",0,"77-4",47.06398,-124.9667317,300,300
"MFU","52193","1553","d1","1","Sebastes entomelas",0,"77-4",47.06398,-124.9667317,300,300
"MFU","52193","1553","d1","1","Stenobrachius leucopsarus",0,"77-4",47.06398,-124.9667317,300,300
"MFU","52193","1553","d1","1","Stenobrachius leucopsarus",0,"77-4",47.06398,-124.9667317,300,300
"MFU","52193","1553","d1","1","Tactostoma macropus",0,"77-4",47.06398,-124.9667317,300,300
"MFU","52193","1553","d1","1","Tarletonbeania crenularis",0,"77-4",47.06398,-124.9667317,300,300
"MFU","52193","1553","d1","1","Tarletonbeania crenularis",36972,"77-4",47.06398,-124.9667317,300,300
"MFU","52193","1553","d1","1","Thaleichthys pacificus",0,"77-4",47.06398,-124.9667317,300,300
"MFU","52193","1553","d1","1","Trachurus symmetricus",0,"77-4",47.06398,-124.9667317,300,300
"MFU","52193","1553","d1","1","Trachurus symmetricus",0,"77-4",47.06398,-124.9667317,300,300
"MFU","52193","1555","d1","1","Clupea pallasii",0,"77-4",47.06398,-124.9667317,150,150
"MFU","52193","1555","d1","1","Engraulis mordax",0,"77-4",47.06398,-124.9667317,150,150
"MFU","52193","1555","d1","1","Leuroglossus stilbius",0,"77-4",47.06398,-124.9667317,150,150
"MFU","52193","1555","d1","1","Merluccius productus",0,"77-4",47.06398,-124.9667317,150,150
"MFU","52193","1555","d1","1","Merluccius productus",0,"77-4",47.06398,-124.9667317,150,150
"MFU","52193","1555","d1","1","Microstomus pacificus",0,"77-4",47.06398,-124.9667317,150,150
"MFU","52193","1555","d1","1","Sardinops sagax",0,"77-4",47.06398,-124.9667317,150,150
"MFU","52193","1555","d1","1","Scomber japonicus",0,"77-4",47.06398,-124.9667317,150,150
"MFU","52193","1555","d1","1","Sebastes entomelas",0,"77-4",47.06398,-124.9667317,150,150
"MFU","52193","1555","d1","1","Stenobrachius leucopsarus",0,"77-4",47.06398,-124.9667317,150,150
"MFU","52193","1555","d1","1","Stenobrachius leucopsarus",45,"77-4",47.06398,-124.9667317,150,150
"MFU","52193","1555","d1","1","Tactostoma macropus",0,"77-4",47.06398,-124.9667317,150,150
"MFU","52193","1555","d1","1","Tarletonbeania crenularis",0,"77-4",47.06398,-124.9667317,150,150
"MFU","52193","1555","d1","1","Tarletonbeania crenularis",0,"77-4",47.06398,-124.9667317,150,150
"MFU","52193","1555","d1","1","Thaleichthys pacificus",0,"77-4",47.06398,-124.9667317,150,150
"MFU","52193","1555","d1","1","Trachurus symmetricus",0,"77-4",47.06398,-124.9667317,150,150
"MFU","52193","1555","d1","1","Trachurus symmetricus",0,"77-4",47.06398,-124.9667317,150,150
"MFU","52193","1555","d10","1","Clupea pallasii",0,"77-4",47.06398,-124.9667317,150,150
"MFU","52193","1555","d10","1","Engraulis mordax",0,"77-4",47.06398,-124.9667317,150,150
"MFU","52193","1555","d10","1","Leuroglossus stilbius",0,"77-4",47.06398,-124.9667317,150,150
"MFU","52193","1555","d10","1","Merluccius productus",0,"77-4",47.06398,-124.9667317,150,150
"MFU","52193","1555","d10","1","Merluccius productus",0,"77-4",47.06398,-124.9667317,150,150
"MFU","52193","1555","d10","1","Microstomus pacificus",0,"77-4",47.06398,-124.9667317,150,150
"MFU","52193","1555","d10","1","Sardinops sagax",0,"77-4",47.06398,-124.9667317,150,150
"MFU","52193","1555","d10","1","Scomber japonicus",0,"77-4",47.06398,-124.9667317,150,150
"MFU","52193","1555","d10","1","Sebastes entomelas",0,"77-4",47.06398,-124.9667317,150,150
"MFU","52193","1555","d10","1","Stenobrachius leucopsarus",0,"77-4",47.06398,-124.9667317,150,150
"MFU","52193","1555","d10","1","Stenobrachius leucopsarus",0,"77-4",47.06398,-124.9667317,150,150
"MFU","52193","1555","d10","1","Tactostoma macropus",0,"77-4",47.06398,-124.9667317,150,150
"MFU","52193","1555","d10","1","Tarletonbeania crenularis",0,"77-4",47.06398,-124.9667317,150,150
"MFU","52193","1555","d10","1","Tarletonbeania crenularis",0,"77-4",47.06398,-124.9667317,150,150
"MFU","52193","1555","d10","1","Thaleichthys pacificus",0,"77-4",47.06398,-124.9667317,150,150
"MFU","52193","1555","d10","1","Trachurus symmetricus",0,"77-4",47.06398,-124.9667317,150,150
"MFU","52193","1555","d10","1","Trachurus symmetricus",0,"77-4",47.06398,-124.9667317,150,150
"MFU","52193","1559","d1","1","Clupea pallasii",25728,"77-4",47.06398,-124.9667317,50,50
"MFU","52193","1559","d1","1","Engraulis mordax",0,"77-4",47.06398,-124.9667317,50,50
"MFU","52193","1559","d1","1","Leuroglossus stilbius",0,"77-4",47.06398,-124.9667317,50,50
"MFU","52193","1559","d1","1","Merluccius productus",0,"77-4",47.06398,-124.9667317,50,50
"MFU","52193","1559","d1","1","Merluccius productus",92498,"77-4",47.06398,-124.9667317,50,50
"MFU","52193","1559","d1","1","Microstomus pacificus",0,"77-4",47.06398,-124.9667317,50,50
"MFU","52193","1559","d1","1","Sardinops sagax",0,"77-4",47.06398,-124.9667317,50,50
"MFU","52193","1559","d1","1","Scomber japonicus",0,"77-4",47.06398,-124.9667317,50,50
"MFU","52193","1559","d1","1","Sebastes entomelas",18256,"77-4",47.06398,-124.9667317,50,50
"MFU","52193","1559","d1","1","Stenobrachius leucopsarus",0,"77-4",47.06398,-124.9667317,50,50
"MFU","52193","1559","d1","1","Stenobrachius leucopsarus",0,"77-4",47.06398,-124.9667317,50,50
"MFU","52193","1559","d1","1","Tactostoma macropus",0,"77-4",47.06398,-124.9667317,50,50
"MFU","52193","1559","d1","1","Tarletonbeania crenularis",0,"77-4",47.06398,-124.9667317,50,50
"MFU","52193","1559","d1","1","Tarletonbeania crenularis",0,"77-4",47.06398,-124.9667317,50,50
"MFU","52193","1559","d1","1","Thaleichthys pacificus",0,"77-4",47.06398,-124.9667317,50,50
"MFU","52193","1559","d1","1","Trachurus symmetricus",0,"77-4",47.06398,-124.9667317,50,50
"MFU","52193","1559","d1","1","Trachurus symmetricus",0,"77-4",47.06398,-124.9667317,50,50
"MFU","52193","156","d1","1","Clupea pallasii",0,"29-4",39.064665,-123.9845317,150,150
"MFU","52193","156","d1","1","Engraulis mordax",0,"29-4",39.064665,-123.9845317,150,150
"MFU","52193","156","d1","1","Leuroglossus stilbius",0,"29-4",39.064665,-123.9845317,150,150
"MFU","52193","156","d1","1","Merluccius productus",0,"29-4",39.064665,-123.9845317,150,150
"MFU","52193","156","d1","1","Merluccius productus",4226,"29-4",39.064665,-123.9845317,150,150
"MFU","52193","156","d1","1","Microstomus pacificus",0,"29-4",39.064665,-123.9845317,150,150
"MFU","52193","156","d1","1","Sardinops sagax",0,"29-4",39.064665,-123.9845317,150,150
"MFU","52193","156","d1","1","Scomber japonicus",0,"29-4",39.064665,-123.9845317,150,150
"MFU","52193","156","d1","1","Sebastes entomelas",0,"29-4",39.064665,-123.9845317,150,150
"MFU","52193","156","d1","1","Stenobrachius leucopsarus",0,"29-4",39.064665,-123.9845317,150,150
"MFU","52193","156","d1","1","Stenobrachius leucopsarus",2363,"29-4",39.064665,-123.9845317,150,150
"MFU","52193","156","d1","1","Tactostoma macropus",0,"29-4",39.064665,-123.9845317,150,150
"MFU","52193","156","d1","1","Tarletonbeania crenularis",0,"29-4",39.064665,-123.9845317,150,150
"MFU","52193","156","d1","1","Tarletonbeania crenularis",5063,"29-4",39.064665,-123.9845317,150,150
"MFU","52193","156","d1","1","Thaleichthys pacificus",0,"29-4",39.064665,-123.9845317,150,150
"MFU","52193","156","d1","1","Trachurus symmetricus",0,"29-4",39.064665,-123.9845317,150,150
"MFU","52193","156","d1","1","Trachurus symmetricus",0,"29-4",39.064665,-123.9845317,150,150
"MFU","52193","1561","d10","1","Clupea pallasii",0,"77-5",47.06470333,-125.0875867,0,0
"MFU","52193","1561","d10","1","Engraulis mordax",11049,"77-5",47.06470333,-125.0875867,0,0
"MFU","52193","1561","d10","1","Leuroglossus stilbius",0,"77-5",47.06470333,-125.0875867,0,0
"MFU","52193","1561","d10","1","Merluccius productus",0,"77-5",47.06470333,-125.0875867,0,0
"MFU","52193","1561","d10","1","Merluccius productus",0,"77-5",47.06470333,-125.0875867,0,0
"MFU","52193","1561","d10","1","Microstomus pacificus",0,"77-5",47.06470333,-125.0875867,0,0
"MFU","52193","1561","d10","1","Sardinops sagax",0,"77-5",47.06470333,-125.0875867,0,0
"MFU","52193","1561","d10","1","Scomber japonicus",0,"77-5",47.06470333,-125.0875867,0,0
"MFU","52193","1561","d10","1","Sebastes entomelas",0,"77-5",47.06470333,-125.0875867,0,0
"MFU","52193","1561","d10","1","Stenobrachius leucopsarus",0,"77-5",47.06470333,-125.0875867,0,0
"MFU","52193","1561","d10","1","Stenobrachius leucopsarus",0,"77-5",47.06470333,-125.0875867,0,0
"MFU","52193","1561","d10","1","Tactostoma macropus",0,"77-5",47.06470333,-125.0875867,0,0
"MFU","52193","1561","d10","1","Tarletonbeania crenularis",0,"77-5",47.06470333,-125.0875867,0,0
"MFU","52193","1561","d10","1","Tarletonbeania crenularis",265,"77-5",47.06470333,-125.0875867,0,0
"MFU","52193","1561","d10","1","Thaleichthys pacificus",0,"77-5",47.06470333,-125.0875867,0,0
"MFU","52193","1561","d10","1","Trachurus symmetricus",0,"77-5",47.06470333,-125.0875867,0,0
"MFU","52193","1561","d10","1","Trachurus symmetricus",119,"77-5",47.06470333,-125.0875867,0,0
"MFU","52193","1561","d5","1","Clupea pallasii",0,"77-5",47.06470333,-125.0875867,0,0
"MFU","52193","1561","d5","1","Engraulis mordax",138875,"77-5",47.06470333,-125.0875867,0,0
"MFU","52193","1561","d5","1","Leuroglossus stilbius",0,"77-5",47.06470333,-125.0875867,0,0
"MFU","52193","1561","d5","1","Merluccius productus",0,"77-5",47.06470333,-125.0875867,0,0
"MFU","52193","1561","d5","1","Merluccius productus",0,"77-5",47.06470333,-125.0875867,0,0
"MFU","52193","1561","d5","1","Microstomus pacificus",0,"77-5",47.06470333,-125.0875867,0,0
"MFU","52193","1561","d5","1","Sardinops sagax",0,"77-5",47.06470333,-125.0875867,0,0
"MFU","52193","1561","d5","1","Scomber japonicus",0,"77-5",47.06470333,-125.0875867,0,0
"MFU","52193","1561","d5","1","Sebastes entomelas",0,"77-5",47.06470333,-125.0875867,0,0
"MFU","52193","1561","d5","1","Stenobrachius leucopsarus",0,"77-5",47.06470333,-125.0875867,0,0
"MFU","52193","1561","d5","1","Stenobrachius leucopsarus",1674,"77-5",47.06470333,-125.0875867,0,0
"MFU","52193","1561","d5","1","Tactostoma macropus",0,"77-5",47.06470333,-125.0875867,0,0
"MFU","52193","1561","d5","1","Tarletonbeania crenularis",0,"77-5",47.06470333,-125.0875867,0,0
"MFU","52193","1561","d5","1","Tarletonbeania crenularis",18003,"77-5",47.06470333,-125.0875867,0,0
"MFU","52193","1561","d5","1","Thaleichthys pacificus",780,"77-5",47.06470333,-125.0875867,0,0
"MFU","52193","1561","d5","1","Trachurus symmetricus",0,"77-5",47.06470333,-125.0875867,0,0
"MFU","52193","1561","d5","1","Trachurus symmetricus",2282,"77-5",47.06470333,-125.0875867,0,0
"MFU","52193","1563","d1","1","Clupea pallasii",0,"77-5",47.06470333,-125.0875867,500,500
"MFU","52193","1563","d1","1","Engraulis mordax",0,"77-5",47.06470333,-125.0875867,500,500
"MFU","52193","1563","d1","1","Leuroglossus stilbius",0,"77-5",47.06470333,-125.0875867,500,500
"MFU","52193","1563","d1","1","Merluccius productus",0,"77-5",47.06470333,-125.0875867,500,500
"MFU","52193","1563","d1","1","Merluccius productus",114988,"77-5",47.06470333,-125.0875867,500,500
"MFU","52193","1563","d1","1","Microstomus pacificus",0,"77-5",47.06470333,-125.0875867,500,500
"MFU","52193","1563","d1","1","Sardinops sagax",0,"77-5",47.06470333,-125.0875867,500,500
"MFU","52193","1563","d1","1","Scomber japonicus",0,"77-5",47.06470333,-125.0875867,500,500
"MFU","52193","1563","d1","1","Sebastes entomelas",0,"77-5",47.06470333,-125.0875867,500,500
"MFU","52193","1563","d1","1","Stenobrachius leucopsarus",0,"77-5",47.06470333,-125.0875867,500,500
"MFU","52193","1563","d1","1","Stenobrachius leucopsarus",0,"77-5",47.06470333,-125.0875867,500,500
"MFU","52193","1563","d1","1","Tactostoma macropus",41017,"77-5",47.06470333,-125.0875867,500,500
"MFU","52193","1563","d1","1","Tarletonbeania crenularis",0,"77-5",47.06470333,-125.0875867,500,500
"MFU","52193","1563","d1","1","Tarletonbeania crenularis",0,"77-5",47.06470333,-125.0875867,500,500
"MFU","52193","1563","d1","1","Thaleichthys pacificus",0,"77-5",47.06470333,-125.0875867,500,500
"MFU","52193","1563","d1","1","Trachurus symmetricus",0,"77-5",47.06470333,-125.0875867,500,500
"MFU","52193","1563","d1","1","Trachurus symmetricus",0,"77-5",47.06470333,-125.0875867,500,500
"MFU","52193","1565","d1","1","Clupea pallasii",0,"77-5",47.06470333,-125.0875867,300,300
"MFU","52193","1565","d1","1","Engraulis mordax",0,"77-5",47.06470333,-125.0875867,300,300
"MFU","52193","1565","d1","1","Leuroglossus stilbius",0,"77-5",47.06470333,-125.0875867,300,300
"MFU","52193","1565","d1","1","Merluccius productus",2970,"77-5",47.06470333,-125.0875867,300,300
"MFU","52193","1565","d1","1","Merluccius productus",10024,"77-5",47.06470333,-125.0875867,300,300
"MFU","52193","1565","d1","1","Microstomus pacificus",0,"77-5",47.06470333,-125.0875867,300,300
"MFU","52193","1565","d1","1","Sardinops sagax",0,"77-5",47.06470333,-125.0875867,300,300
"MFU","52193","1565","d1","1","Scomber japonicus",0,"77-5",47.06470333,-125.0875867,300,300
"MFU","52193","1565","d1","1","Sebastes entomelas",0,"77-5",47.06470333,-125.0875867,300,300
"MFU","52193","1565","d1","1","Stenobrachius leucopsarus",0,"77-5",47.06470333,-125.0875867,300,300
"MFU","52193","1565","d1","1","Stenobrachius leucopsarus",2501,"77-5",47.06470333,-125.0875867,300,300
"MFU","52193","1565","d1","1","Tactostoma macropus",0,"77-5",47.06470333,-125.0875867,300,300
"MFU","52193","1565","d1","1","Tarletonbeania crenularis",0,"77-5",47.06470333,-125.0875867,300,300
"MFU","52193","1565","d1","1","Tarletonbeania crenularis",13204,"77-5",47.06470333,-125.0875867,300,300
"MFU","52193","1565","d1","1","Thaleichthys pacificus",0,"77-5",47.06470333,-125.0875867,300,300
"MFU","52193","1565","d1","1","Trachurus symmetricus",0,"77-5",47.06470333,-125.0875867,300,300
"MFU","52193","1565","d1","1","Trachurus symmetricus",0,"77-5",47.06470333,-125.0875867,300,300
"MFU","52193","1568","d1","1","Clupea pallasii",0,"77-5",47.06470333,-125.0875867,150,150
"MFU","52193","1568","d1","1","Engraulis mordax",0,"77-5",47.06470333,-125.0875867,150,150
"MFU","52193","1568","d1","1","Leuroglossus stilbius",0,"77-5",47.06470333,-125.0875867,150,150
"MFU","52193","1568","d1","1","Merluccius productus",17068,"77-5",47.06470333,-125.0875867,150,150
"MFU","52193","1568","d1","1","Merluccius productus",0,"77-5",47.06470333,-125.0875867,150,150
"MFU","52193","1568","d1","1","Microstomus pacificus",0,"77-5",47.06470333,-125.0875867,150,150
"MFU","52193","1568","d1","1","Sardinops sagax",0,"77-5",47.06470333,-125.0875867,150,150
"MFU","52193","1568","d1","1","Scomber japonicus",0,"77-5",47.06470333,-125.0875867,150,150
"MFU","52193","1568","d1","1","Sebastes entomelas",0,"77-5",47.06470333,-125.0875867,150,150
"MFU","52193","1568","d1","1","Stenobrachius leucopsarus",0,"77-5",47.06470333,-125.0875867,150,150
"MFU","52193","1568","d1","1","Stenobrachius leucopsarus",0,"77-5",47.06470333,-125.0875867,150,150
"MFU","52193","1568","d1","1","Tactostoma macropus",6589,"77-5",47.06470333,-125.0875867,150,150
"MFU","52193","1568","d1","1","Tarletonbeania crenularis",0,"77-5",47.06470333,-125.0875867,150,150
"MFU","52193","1568","d1","1","Tarletonbeania crenularis",7541,"77-5",47.06470333,-125.0875867,150,150
"MFU","52193","1568","d1","1","Thaleichthys pacificus",0,"77-5",47.06470333,-125.0875867,150,150
"MFU","52193","1568","d1","1","Trachurus symmetricus",0,"77-5",47.06470333,-125.0875867,150,150
"MFU","52193","1568","d1","1","Trachurus symmetricus",0,"77-5",47.06470333,-125.0875867,150,150
"MFU","52193","1571","d1","1","Clupea pallasii",0,"77-5",47.06470333,-125.0875867,50,50
"MFU","52193","1571","d1","1","Engraulis mordax",0,"77-5",47.06470333,-125.0875867,50,50
"MFU","52193","1571","d1","1","Leuroglossus stilbius",0,"77-5",47.06470333,-125.0875867,50,50
"MFU","52193","1571","d1","1","Merluccius productus",0,"77-5",47.06470333,-125.0875867,50,50
"MFU","52193","1571","d1","1","Merluccius productus",6786,"77-5",47.06470333,-125.0875867,50,50
"MFU","52193","1571","d1","1","Microstomus pacificus",0,"77-5",47.06470333,-125.0875867,50,50
"MFU","52193","1571","d1","1","Sardinops sagax",0,"77-5",47.06470333,-125.0875867,50,50
"MFU","52193","1571","d1","1","Scomber japonicus",0,"77-5",47.06470333,-125.0875867,50,50
"MFU","52193","1571","d1","1","Sebastes entomelas",0,"77-5",47.06470333,-125.0875867,50,50
"MFU","52193","1571","d1","1","Stenobrachius leucopsarus",0,"77-5",47.06470333,-125.0875867,50,50
"MFU","52193","1571","d1","1","Stenobrachius leucopsarus",1815,"77-5",47.06470333,-125.0875867,50,50
"MFU","52193","1571","d1","1","Tactostoma macropus",0,"77-5",47.06470333,-125.0875867,50,50
"MFU","52193","1571","d1","1","Tarletonbeania crenularis",0,"77-5",47.06470333,-125.0875867,50,50
"MFU","52193","1571","d1","1","Tarletonbeania crenularis",0,"77-5",47.06470333,-125.0875867,50,50
"MFU","52193","1571","d1","1","Thaleichthys pacificus",0,"77-5",47.06470333,-125.0875867,50,50
"MFU","52193","1571","d1","1","Trachurus symmetricus",0,"77-5",47.06470333,-125.0875867,50,50
"MFU","52193","1571","d1","1","Trachurus symmetricus",0,"77-5",47.06470333,-125.0875867,50,50
"MFU","52193","1573","d10","1","Clupea pallasii",0,"77-6",47.06442,-125.2157667,0,0
"MFU","52193","1573","d10","1","Engraulis mordax",20888,"77-6",47.06442,-125.2157667,0,0
"MFU","52193","1573","d10","1","Leuroglossus stilbius",0,"77-6",47.06442,-125.2157667,0,0
"MFU","52193","1573","d10","1","Merluccius productus",0,"77-6",47.06442,-125.2157667,0,0
"MFU","52193","1573","d10","1","Merluccius productus",0,"77-6",47.06442,-125.2157667,0,0
"MFU","52193","1573","d10","1","Microstomus pacificus",0,"77-6",47.06442,-125.2157667,0,0
"MFU","52193","1573","d10","1","Sardinops sagax",0,"77-6",47.06442,-125.2157667,0,0
"MFU","52193","1573","d10","1","Scomber japonicus",0,"77-6",47.06442,-125.2157667,0,0
"MFU","52193","1573","d10","1","Sebastes entomelas",0,"77-6",47.06442,-125.2157667,0,0
"MFU","52193","1573","d10","1","Stenobrachius leucopsarus",0,"77-6",47.06442,-125.2157667,0,0
"MFU","52193","1573","d10","1","Stenobrachius leucopsarus",0,"77-6",47.06442,-125.2157667,0,0
"MFU","52193","1573","d10","1","Tactostoma macropus",0,"77-6",47.06442,-125.2157667,0,0
"MFU","52193","1573","d10","1","Tarletonbeania crenularis",0,"77-6",47.06442,-125.2157667,0,0
"MFU","52193","1573","d10","1","Tarletonbeania crenularis",642,"77-6",47.06442,-125.2157667,0,0
"MFU","52193","1573","d10","1","Thaleichthys pacificus",0,"77-6",47.06442,-125.2157667,0,0
"MFU","52193","1573","d10","1","Trachurus symmetricus",0,"77-6",47.06442,-125.2157667,0,0
"MFU","52193","1573","d10","1","Trachurus symmetricus",0,"77-6",47.06442,-125.2157667,0,0
"MFU","52193","1575","d1","1","Clupea pallasii",0,"77-6",47.06442,-125.2157667,500,500
"MFU","52193","1575","d1","1","Engraulis mordax",0,"77-6",47.06442,-125.2157667,500,500
"MFU","52193","1575","d1","1","Leuroglossus stilbius",0,"77-6",47.06442,-125.2157667,500,500
"MFU","52193","1575","d1","1","Merluccius productus",0,"77-6",47.06442,-125.2157667,500,500
"MFU","52193","1575","d1","1","Merluccius productus",0,"77-6",47.06442,-125.2157667,500,500
"MFU","52193","1575","d1","1","Microstomus pacificus",0,"77-6",47.06442,-125.2157667,500,500
"MFU","52193","1575","d1","1","Sardinops sagax",0,"77-6",47.06442,-125.2157667,500,500
"MFU","52193","1575","d1","1","Scomber japonicus",0,"77-6",47.06442,-125.2157667,500,500
"MFU","52193","1575","d1","1","Sebastes entomelas",0,"77-6",47.06442,-125.2157667,500,500
"MFU","52193","1575","d1","1","Stenobrachius leucopsarus",0,"77-6",47.06442,-125.2157667,500,500
"MFU","52193","1575","d1","1","Stenobrachius leucopsarus",756,"77-6",47.06442,-125.2157667,500,500
"MFU","52193","1575","d1","1","Tactostoma macropus",0,"77-6",47.06442,-125.2157667,500,500
"MFU","52193","1575","d1","1","Tarletonbeania crenularis",0,"77-6",47.06442,-125.2157667,500,500
"MFU","52193","1575","d1","1","Tarletonbeania crenularis",0,"77-6",47.06442,-125.2157667,500,500
"MFU","52193","1575","d1","1","Thaleichthys pacificus",0,"77-6",47.06442,-125.2157667,500,500
"MFU","52193","1575","d1","1","Trachurus symmetricus",0,"77-6",47.06442,-125.2157667,500,500
"MFU","52193","1575","d1","1","Trachurus symmetricus",0,"77-6",47.06442,-125.2157667,500,500
"MFU","52193","1577","d1","1","Clupea pallasii",0,"77-6",47.06442,-125.2157667,300,300
"MFU","52193","1577","d1","1","Engraulis mordax",0,"77-6",47.06442,-125.2157667,300,300
"MFU","52193","1577","d1","1","Leuroglossus stilbius",0,"77-6",47.06442,-125.2157667,300,300
"MFU","52193","1577","d1","1","Merluccius productus",0,"77-6",47.06442,-125.2157667,300,300
"MFU","52193","1577","d1","1","Merluccius productus",0,"77-6",47.06442,-125.2157667,300,300
"MFU","52193","1577","d1","1","Microstomus pacificus",0,"77-6",47.06442,-125.2157667,300,300
"MFU","52193","1577","d1","1","Sardinops sagax",0,"77-6",47.06442,-125.2157667,300,300
"MFU","52193","1577","d1","1","Scomber japonicus",0,"77-6",47.06442,-125.2157667,300,300
"MFU","52193","1577","d1","1","Sebastes entomelas",0,"77-6",47.06442,-125.2157667,300,300
"MFU","52193","1577","d1","1","Stenobrachius leucopsarus",0,"77-6",47.06442,-125.2157667,300,300
"MFU","52193","1577","d1","1","Stenobrachius leucopsarus",17541,"77-6",47.06442,-125.2157667,300,300
"MFU","52193","1577","d1","1","Tactostoma macropus",0,"77-6",47.06442,-125.2157667,300,300
"MFU","52193","1577","d1","1","Tarletonbeania crenularis",0,"77-6",47.06442,-125.2157667,300,300
"MFU","52193","1577","d1","1","Tarletonbeania crenularis",64157,"77-6",47.06442,-125.2157667,300,300
"MFU","52193","1577","d1","1","Thaleichthys pacificus",0,"77-6",47.06442,-125.2157667,300,300
"MFU","52193","1577","d1","1","Trachurus symmetricus",0,"77-6",47.06442,-125.2157667,300,300
"MFU","52193","1577","d1","1","Trachurus symmetricus",0,"77-6",47.06442,-125.2157667,300,300
"MFU","52193","1579","d1","1","Clupea pallasii",0,"77-6",47.06442,-125.2157667,150,150
"MFU","52193","1579","d1","1","Engraulis mordax",0,"77-6",47.06442,-125.2157667,150,150
"MFU","52193","1579","d1","1","Leuroglossus stilbius",0,"77-6",47.06442,-125.2157667,150,150
"MFU","52193","1579","d1","1","Merluccius productus",604,"77-6",47.06442,-125.2157667,150,150
"MFU","52193","1579","d1","1","Merluccius productus",0,"77-6",47.06442,-125.2157667,150,150
"MFU","52193","1579","d1","1","Microstomus pacificus",0,"77-6",47.06442,-125.2157667,150,150
"MFU","52193","1579","d1","1","Sardinops sagax",0,"77-6",47.06442,-125.2157667,150,150
"MFU","52193","1579","d1","1","Scomber japonicus",0,"77-6",47.06442,-125.2157667,150,150
"MFU","52193","1579","d1","1","Sebastes entomelas",0,"77-6",47.06442,-125.2157667,150,150
"MFU","52193","1579","d1","1","Stenobrachius leucopsarus",0,"77-6",47.06442,-125.2157667,150,150
"MFU","52193","1579","d1","1","Stenobrachius leucopsarus",0,"77-6",47.06442,-125.2157667,150,150
"MFU","52193","1579","d1","1","Tactostoma macropus",0,"77-6",47.06442,-125.2157667,150,150
"MFU","52193","1579","d1","1","Tarletonbeania crenularis",0,"77-6",47.06442,-125.2157667,150,150
"MFU","52193","1579","d1","1","Tarletonbeania crenularis",844,"77-6",47.06442,-125.2157667,150,150
"MFU","52193","1579","d1","1","Thaleichthys pacificus",0,"77-6",47.06442,-125.2157667,150,150
"MFU","52193","1579","d1","1","Trachurus symmetricus",0,"77-6",47.06442,-125.2157667,150,150
"MFU","52193","1579","d1","1","Trachurus symmetricus",0,"77-6",47.06442,-125.2157667,150,150
"MFU","52193","1583","d1","1","Clupea pallasii",901,"77-6",47.06442,-125.2157667,50,50
"MFU","52193","1583","d1","1","Engraulis mordax",0,"77-6",47.06442,-125.2157667,50,50
"MFU","52193","1583","d1","1","Leuroglossus stilbius",0,"77-6",47.06442,-125.2157667,50,50
"MFU","52193","1583","d1","1","Merluccius productus",0,"77-6",47.06442,-125.2157667,50,50
"MFU","52193","1583","d1","1","Merluccius productus",995,"77-6",47.06442,-125.2157667,50,50
"MFU","52193","1583","d1","1","Microstomus pacificus",0,"77-6",47.06442,-125.2157667,50,50
"MFU","52193","1583","d1","1","Sardinops sagax",0,"77-6",47.06442,-125.2157667,50,50
"MFU","52193","1583","d1","1","Scomber japonicus",0,"77-6",47.06442,-125.2157667,50,50
"MFU","52193","1583","d1","1","Sebastes entomelas",0,"77-6",47.06442,-125.2157667,50,50
"MFU","52193","1583","d1","1","Stenobrachius leucopsarus",0,"77-6",47.06442,-125.2157667,50,50
"MFU","52193","1583","d1","1","Stenobrachius leucopsarus",0,"77-6",47.06442,-125.2157667,50,50
"MFU","52193","1583","d1","1","Tactostoma macropus",0,"77-6",47.06442,-125.2157667,50,50
"MFU","52193","1583","d1","1","Tarletonbeania crenularis",0,"77-6",47.06442,-125.2157667,50,50
"MFU","52193","1583","d1","1","Tarletonbeania crenularis",4420,"77-6",47.06442,-125.2157667,50,50
"MFU","52193","1583","d1","1","Thaleichthys pacificus",0,"77-6",47.06442,-125.2157667,50,50
"MFU","52193","1583","d1","1","Trachurus symmetricus",0,"77-6",47.06442,-125.2157667,50,50
"MFU","52193","1583","d1","1","Trachurus symmetricus",0,"77-6",47.06442,-125.2157667,50,50
"MFU","52193","1583","d10","1","Clupea pallasii",0,"77-6",47.06442,-125.2157667,50,50
"MFU","52193","1583","d10","1","Engraulis mordax",0,"77-6",47.06442,-125.2157667,50,50
"MFU","52193","1583","d10","1","Leuroglossus stilbius",0,"77-6",47.06442,-125.2157667,50,50
"MFU","52193","1583","d10","1","Merluccius productus",0,"77-6",47.06442,-125.2157667,50,50
"MFU","52193","1583","d10","1","Merluccius productus",0,"77-6",47.06442,-125.2157667,50,50
"MFU","52193","1583","d10","1","Microstomus pacificus",0,"77-6",47.06442,-125.2157667,50,50
"MFU","52193","1583","d10","1","Sardinops sagax",0,"77-6",47.06442,-125.2157667,50,50
"MFU","52193","1583","d10","1","Scomber japonicus",0,"77-6",47.06442,-125.2157667,50,50
"MFU","52193","1583","d10","1","Sebastes entomelas",0,"77-6",47.06442,-125.2157667,50,50
"MFU","52193","1583","d10","1","Stenobrachius leucopsarus",0,"77-6",47.06442,-125.2157667,50,50
"MFU","52193","1583","d10","1","Stenobrachius leucopsarus",266,"77-6",47.06442,-125.2157667,50,50
"MFU","52193","1583","d10","1","Tactostoma macropus",0,"77-6",47.06442,-125.2157667,50,50
"MFU","52193","1583","d10","1","Tarletonbeania crenularis",0,"77-6",47.06442,-125.2157667,50,50
"MFU","52193","1583","d10","1","Tarletonbeania crenularis",0,"77-6",47.06442,-125.2157667,50,50
"MFU","52193","1583","d10","1","Thaleichthys pacificus",0,"77-6",47.06442,-125.2157667,50,50
"MFU","52193","1583","d10","1","Trachurus symmetricus",0,"77-6",47.06442,-125.2157667,50,50
"MFU","52193","1583","d10","1","Trachurus symmetricus",0,"77-6",47.06442,-125.2157667,50,50
"MFU","52193","1585","d1","1","Clupea pallasii",0,"79-8",47.39716667,-125.3096067,0,0
"MFU","52193","1585","d1","1","Engraulis mordax",13953,"79-8",47.39716667,-125.3096067,0,0
"MFU","52193","1585","d1","1","Leuroglossus stilbius",0,"79-8",47.39716667,-125.3096067,0,0
"MFU","52193","1585","d1","1","Merluccius productus",0,"79-8",47.39716667,-125.3096067,0,0
"MFU","52193","1585","d1","1","Merluccius productus",250,"79-8",47.39716667,-125.3096067,0,0
"MFU","52193","1585","d1","1","Microstomus pacificus",0,"79-8",47.39716667,-125.3096067,0,0
"MFU","52193","1585","d1","1","Sardinops sagax",0,"79-8",47.39716667,-125.3096067,0,0
"MFU","52193","1585","d1","1","Scomber japonicus",0,"79-8",47.39716667,-125.3096067,0,0
"MFU","52193","1585","d1","1","Sebastes entomelas",0,"79-8",47.39716667,-125.3096067,0,0
"MFU","52193","1585","d1","1","Stenobrachius leucopsarus",0,"79-8",47.39716667,-125.3096067,0,0
"MFU","52193","1585","d1","1","Stenobrachius leucopsarus",0,"79-8",47.39716667,-125.3096067,0,0
"MFU","52193","1585","d1","1","Tactostoma macropus",97,"79-8",47.39716667,-125.3096067,0,0
"MFU","52193","1585","d1","1","Tarletonbeania crenularis",0,"79-8",47.39716667,-125.3096067,0,0
"MFU","52193","1585","d1","1","Tarletonbeania crenularis",57277,"79-8",47.39716667,-125.3096067,0,0
"MFU","52193","1585","d1","1","Thaleichthys pacificus",0,"79-8",47.39716667,-125.3096067,0,0
"MFU","52193","1585","d1","1","Trachurus symmetricus",0,"79-8",47.39716667,-125.3096067,0,0
"MFU","52193","1585","d1","1","Trachurus symmetricus",80,"79-8",47.39716667,-125.3096067,0,0
"MFU","52193","1587","d1","1","Clupea pallasii",0,"79-8",47.39716667,-125.3096067,500,500
"MFU","52193","1587","d1","1","Engraulis mordax",0,"79-8",47.39716667,-125.3096067,500,500
"MFU","52193","1587","d1","1","Leuroglossus stilbius",0,"79-8",47.39716667,-125.3096067,500,500
"MFU","52193","1587","d1","1","Merluccius productus",0,"79-8",47.39716667,-125.3096067,500,500
"MFU","52193","1587","d1","1","Merluccius productus",0,"79-8",47.39716667,-125.3096067,500,500
"MFU","52193","1587","d1","1","Microstomus pacificus",0,"79-8",47.39716667,-125.3096067,500,500
"MFU","52193","1587","d1","1","Sardinops sagax",0,"79-8",47.39716667,-125.3096067,500,500
"MFU","52193","1587","d1","1","Scomber japonicus",0,"79-8",47.39716667,-125.3096067,500,500
"MFU","52193","1587","d1","1","Sebastes entomelas",0,"79-8",47.39716667,-125.3096067,500,500
"MFU","52193","1587","d1","1","Stenobrachius leucopsarus",0,"79-8",47.39716667,-125.3096067,500,500
"MFU","52193","1587","d1","1","Stenobrachius leucopsarus",0,"79-8",47.39716667,-125.3096067,500,500
"MFU","52193","1587","d1","1","Tactostoma macropus",0,"79-8",47.39716667,-125.3096067,500,500
"MFU","52193","1587","d1","1","Tarletonbeania crenularis",0,"79-8",47.39716667,-125.3096067,500,500
"MFU","52193","1587","d1","1","Tarletonbeania crenularis",0,"79-8",47.39716667,-125.3096067,500,500
"MFU","52193","1587","d1","1","Thaleichthys pacificus",0,"79-8",47.39716667,-125.3096067,500,500
"MFU","52193","1587","d1","1","Trachurus symmetricus",0,"79-8",47.39716667,-125.3096067,500,500
"MFU","52193","1587","d1","1","Trachurus symmetricus",0,"79-8",47.39716667,-125.3096067,500,500
"MFU","52193","1589","d10","1","Clupea pallasii",0,"79-8",47.39716667,-125.3096067,300,300
"MFU","52193","1589","d10","1","Engraulis mordax",0,"79-8",47.39716667,-125.3096067,300,300
"MFU","52193","1589","d10","1","Leuroglossus stilbius",0,"79-8",47.39716667,-125.3096067,300,300
"MFU","52193","1589","d10","1","Merluccius productus",0,"79-8",47.39716667,-125.3096067,300,300
"MFU","52193","1589","d10","1","Merluccius productus",0,"79-8",47.39716667,-125.3096067,300,300
"MFU","52193","1589","d10","1","Microstomus pacificus",0,"79-8",47.39716667,-125.3096067,300,300
"MFU","52193","1589","d10","1","Sardinops sagax",0,"79-8",47.39716667,-125.3096067,300,300
"MFU","52193","1589","d10","1","Scomber japonicus",0,"79-8",47.39716667,-125.3096067,300,300
"MFU","52193","1589","d10","1","Sebastes entomelas",0,"79-8",47.39716667,-125.3096067,300,300
"MFU","52193","1589","d10","1","Stenobrachius leucopsarus",0,"79-8",47.39716667,-125.3096067,300,300
"MFU","52193","1589","d10","1","Stenobrachius leucopsarus",0,"79-8",47.39716667,-125.3096067,300,300
"MFU","52193","1589","d10","1","Tactostoma macropus",0,"79-8",47.39716667,-125.3096067,300,300
"MFU","52193","1589","d10","1","Tarletonbeania crenularis",0,"79-8",47.39716667,-125.3096067,300,300
"MFU","52193","1589","d10","1","Tarletonbeania crenularis",0,"79-8",47.39716667,-125.3096067,300,300
"MFU","52193","1589","d10","1","Thaleichthys pacificus",0,"79-8",47.39716667,-125.3096067,300,300
"MFU","52193","1589","d10","1","Trachurus symmetricus",0,"79-8",47.39716667,-125.3096067,300,300
"MFU","52193","1589","d10","1","Trachurus symmetricus",0,"79-8",47.39716667,-125.3096067,300,300
"MFU","52193","1591","d1","1","Clupea pallasii",0,"79-8",47.39716667,-125.3096067,150,150
"MFU","52193","1591","d1","1","Engraulis mordax",0,"79-8",47.39716667,-125.3096067,150,150
"MFU","52193","1591","d1","1","Leuroglossus stilbius",0,"79-8",47.39716667,-125.3096067,150,150
"MFU","52193","1591","d1","1","Merluccius productus",0,"79-8",47.39716667,-125.3096067,150,150
"MFU","52193","1591","d1","1","Merluccius productus",4653,"79-8",47.39716667,-125.3096067,150,150
"MFU","52193","1591","d1","1","Microstomus pacificus",0,"79-8",47.39716667,-125.3096067,150,150
"MFU","52193","1591","d1","1","Sardinops sagax",0,"79-8",47.39716667,-125.3096067,150,150
"MFU","52193","1591","d1","1","Scomber japonicus",0,"79-8",47.39716667,-125.3096067,150,150
"MFU","52193","1591","d1","1","Sebastes entomelas",0,"79-8",47.39716667,-125.3096067,150,150
"MFU","52193","1591","d1","1","Stenobrachius leucopsarus",0,"79-8",47.39716667,-125.3096067,150,150
"MFU","52193","1591","d1","1","Stenobrachius leucopsarus",0,"79-8",47.39716667,-125.3096067,150,150
"MFU","52193","1591","d1","1","Tactostoma macropus",1532,"79-8",47.39716667,-125.3096067,150,150
"MFU","52193","1591","d1","1","Tarletonbeania crenularis",0,"79-8",47.39716667,-125.3096067,150,150
"MFU","52193","1591","d1","1","Tarletonbeania crenularis",6950,"79-8",47.39716667,-125.3096067,150,150
"MFU","52193","1591","d1","1","Thaleichthys pacificus",0,"79-8",47.39716667,-125.3096067,150,150
"MFU","52193","1591","d1","1","Trachurus symmetricus",0,"79-8",47.39716667,-125.3096067,150,150
"MFU","52193","1591","d1","1","Trachurus symmetricus",0,"79-8",47.39716667,-125.3096067,150,150
"MFU","52193","1595","d1","1","Clupea pallasii",0,"79-8",47.39716667,-125.3096067,50,50
"MFU","52193","1595","d1","1","Engraulis mordax",0,"79-8",47.39716667,-125.3096067,50,50
"MFU","52193","1595","d1","1","Leuroglossus stilbius",0,"79-8",47.39716667,-125.3096067,50,50
"MFU","52193","1595","d1","1","Merluccius productus",0,"79-8",47.39716667,-125.3096067,50,50
"MFU","52193","1595","d1","1","Merluccius productus",0,"79-8",47.39716667,-125.3096067,50,50
"MFU","52193","1595","d1","1","Microstomus pacificus",0,"79-8",47.39716667,-125.3096067,50,50
"MFU","52193","1595","d1","1","Sardinops sagax",0,"79-8",47.39716667,-125.3096067,50,50
"MFU","52193","1595","d1","1","Scomber japonicus",0,"79-8",47.39716667,-125.3096067,50,50
"MFU","52193","1595","d1","1","Sebastes entomelas",0,"79-8",47.39716667,-125.3096067,50,50
"MFU","52193","1595","d1","1","Stenobrachius leucopsarus",2129,"79-8",47.39716667,-125.3096067,50,50
"MFU","52193","1595","d1","1","Stenobrachius leucopsarus",0,"79-8",47.39716667,-125.3096067,50,50
"MFU","52193","1595","d1","1","Tactostoma macropus",0,"79-8",47.39716667,-125.3096067,50,50
"MFU","52193","1595","d1","1","Tarletonbeania crenularis",0,"79-8",47.39716667,-125.3096067,50,50
"MFU","52193","1595","d1","1","Tarletonbeania crenularis",2189,"79-8",47.39716667,-125.3096067,50,50
"MFU","52193","1595","d1","1","Thaleichthys pacificus",0,"79-8",47.39716667,-125.3096067,50,50
"MFU","52193","1595","d1","1","Trachurus symmetricus",0,"79-8",47.39716667,-125.3096067,50,50
"MFU","52193","1595","d1","1","Trachurus symmetricus",0,"79-8",47.39716667,-125.3096067,50,50
"MFU","52193","1598","d1","1","Clupea pallasii",0,"79-7",47.39715333,-125.1886517,0,0
"MFU","52193","1598","d1","1","Engraulis mordax",42001,"79-7",47.39715333,-125.1886517,0,0
"MFU","52193","1598","d1","1","Leuroglossus stilbius",0,"79-7",47.39715333,-125.1886517,0,0
"MFU","52193","1598","d1","1","Merluccius productus",0,"79-7",47.39715333,-125.1886517,0,0
"MFU","52193","1598","d1","1","Merluccius productus",531,"79-7",47.39715333,-125.1886517,0,0
"MFU","52193","1598","d1","1","Microstomus pacificus",0,"79-7",47.39715333,-125.1886517,0,0
"MFU","52193","1598","d1","1","Sardinops sagax",0,"79-7",47.39715333,-125.1886517,0,0
"MFU","52193","1598","d1","1","Scomber japonicus",0,"79-7",47.39715333,-125.1886517,0,0
"MFU","52193","1598","d1","1","Sebastes entomelas",0,"79-7",47.39715333,-125.1886517,0,0
"MFU","52193","1598","d1","1","Stenobrachius leucopsarus",0,"79-7",47.39715333,-125.1886517,0,0
"MFU","52193","1598","d1","1","Stenobrachius leucopsarus",0,"79-7",47.39715333,-125.1886517,0,0
"MFU","52193","1598","d1","1","Tactostoma macropus",245,"79-7",47.39715333,-125.1886517,0,0
"MFU","52193","1598","d1","1","Tarletonbeania crenularis",0,"79-7",47.39715333,-125.1886517,0,0
"MFU","52193","1598","d1","1","Tarletonbeania crenularis",1144,"79-7",47.39715333,-125.1886517,0,0
"MFU","52193","1598","d1","1","Thaleichthys pacificus",0,"79-7",47.39715333,-125.1886517,0,0
"MFU","52193","1598","d1","1","Trachurus symmetricus",0,"79-7",47.39715333,-125.1886517,0,0
"MFU","52193","1598","d1","1","Trachurus symmetricus",286,"79-7",47.39715333,-125.1886517,0,0
"MFU","52193","160","d1","1","Clupea pallasii",0,"29-4",39.064665,-123.9845317,50,50
"MFU","52193","160","d1","1","Engraulis mordax",0,"29-4",39.064665,-123.9845317,50,50
"MFU","52193","160","d1","1","Leuroglossus stilbius",0,"29-4",39.064665,-123.9845317,50,50
"MFU","52193","160","d1","1","Merluccius productus",0,"29-4",39.064665,-123.9845317,50,50
"MFU","52193","160","d1","1","Merluccius productus",0,"29-4",39.064665,-123.9845317,50,50
"MFU","52193","160","d1","1","Microstomus pacificus",0,"29-4",39.064665,-123.9845317,50,50
"MFU","52193","160","d1","1","Sardinops sagax",1829,"29-4",39.064665,-123.9845317,50,50
"MFU","52193","160","d1","1","Scomber japonicus",0,"29-4",39.064665,-123.9845317,50,50
"MFU","52193","160","d1","1","Sebastes entomelas",0,"29-4",39.064665,-123.9845317,50,50
"MFU","52193","160","d1","1","Stenobrachius leucopsarus",0,"29-4",39.064665,-123.9845317,50,50
"MFU","52193","160","d1","1","Stenobrachius leucopsarus",1296,"29-4",39.064665,-123.9845317,50,50
"MFU","52193","160","d1","1","Tactostoma macropus",0,"29-4",39.064665,-123.9845317,50,50
"MFU","52193","160","d1","1","Tarletonbeania crenularis",0,"29-4",39.064665,-123.9845317,50,50
"MFU","52193","160","d1","1","Tarletonbeania crenularis",0,"29-4",39.064665,-123.9845317,50,50
"MFU","52193","160","d1","1","Thaleichthys pacificus",0,"29-4",39.064665,-123.9845317,50,50
"MFU","52193","160","d1","1","Trachurus symmetricus",0,"29-4",39.064665,-123.9845317,50,50
"MFU","52193","160","d1","1","Trachurus symmetricus",957,"29-4",39.064665,-123.9845317,50,50
"MFU","52193","1607","d10","1","Clupea pallasii",0,"79-7",47.39715333,-125.1886517,50,50
"MFU","52193","1607","d10","1","Engraulis mordax",0,"79-7",47.39715333,-125.1886517,50,50
"MFU","52193","1607","d10","1","Leuroglossus stilbius",0,"79-7",47.39715333,-125.1886517,50,50
"MFU","52193","1607","d10","1","Merluccius productus",0,"79-7",47.39715333,-125.1886517,50,50
"MFU","52193","1607","d10","1","Merluccius productus",0,"79-7",47.39715333,-125.1886517,50,50
"MFU","52193","1607","d10","1","Microstomus pacificus",0,"79-7",47.39715333,-125.1886517,50,50
"MFU","52193","1607","d10","1","Sardinops sagax",0,"79-7",47.39715333,-125.1886517,50,50
"MFU","52193","1607","d10","1","Scomber japonicus",0,"79-7",47.39715333,-125.1886517,50,50
"MFU","52193","1607","d10","1","Sebastes entomelas",0,"79-7",47.39715333,-125.1886517,50,50
"MFU","52193","1607","d10","1","Stenobrachius leucopsarus",0,"79-7",47.39715333,-125.1886517,50,50
"MFU","52193","1607","d10","1","Stenobrachius leucopsarus",0,"79-7",47.39715333,-125.1886517,50,50
"MFU","52193","1607","d10","1","Tactostoma macropus",0,"79-7",47.39715333,-125.1886517,50,50
"MFU","52193","1607","d10","1","Tarletonbeania crenularis",0,"79-7",47.39715333,-125.1886517,50,50
"MFU","52193","1607","d10","1","Tarletonbeania crenularis",0,"79-7",47.39715333,-125.1886517,50,50
"MFU","52193","1607","d10","1","Thaleichthys pacificus",0,"79-7",47.39715333,-125.1886517,50,50
"MFU","52193","1607","d10","1","Trachurus symmetricus",0,"79-7",47.39715333,-125.1886517,50,50
"MFU","52193","1607","d10","1","Trachurus symmetricus",0,"79-7",47.39715333,-125.1886517,50,50
"MFU","52193","1611","d10","1","Clupea pallasii",0,"79-6",47.39686,-125.065295,0,0
"MFU","52193","1611","d10","1","Engraulis mordax",22978,"79-6",47.39686,-125.065295,0,0
"MFU","52193","1611","d10","1","Leuroglossus stilbius",0,"79-6",47.39686,-125.065295,0,0
"MFU","52193","1611","d10","1","Merluccius productus",0,"79-6",47.39686,-125.065295,0,0
"MFU","52193","1611","d10","1","Merluccius productus",0,"79-6",47.39686,-125.065295,0,0
"MFU","52193","1611","d10","1","Microstomus pacificus",0,"79-6",47.39686,-125.065295,0,0
"MFU","52193","1611","d10","1","Sardinops sagax",0,"79-6",47.39686,-125.065295,0,0
"MFU","52193","1611","d10","1","Scomber japonicus",0,"79-6",47.39686,-125.065295,0,0
"MFU","52193","1611","d10","1","Sebastes entomelas",0,"79-6",47.39686,-125.065295,0,0
"MFU","52193","1611","d10","1","Stenobrachius leucopsarus",0,"79-6",47.39686,-125.065295,0,0
"MFU","52193","1611","d10","1","Stenobrachius leucopsarus",0,"79-6",47.39686,-125.065295,0,0
"MFU","52193","1611","d10","1","Tactostoma macropus",0,"79-6",47.39686,-125.065295,0,0
"MFU","52193","1611","d10","1","Tarletonbeania crenularis",0,"79-6",47.39686,-125.065295,0,0
"MFU","52193","1611","d10","1","Tarletonbeania crenularis",3873,"79-6",47.39686,-125.065295,0,0
"MFU","52193","1611","d10","1","Thaleichthys pacificus",0,"79-6",47.39686,-125.065295,0,0
"MFU","52193","1611","d10","1","Trachurus symmetricus",0,"79-6",47.39686,-125.065295,0,0
"MFU","52193","1611","d10","1","Trachurus symmetricus",0,"79-6",47.39686,-125.065295,0,0
"MFU","52193","162","d10","1","Clupea pallasii",0,"29-4",39.064665,-123.9845317,0,0
"MFU","52193","162","d10","1","Engraulis mordax",0,"29-4",39.064665,-123.9845317,0,0
"MFU","52193","162","d10","1","Leuroglossus stilbius",0,"29-4",39.064665,-123.9845317,0,0
"MFU","52193","162","d10","1","Merluccius productus",0,"29-4",39.064665,-123.9845317,0,0
"MFU","52193","162","d10","1","Merluccius productus",0,"29-4",39.064665,-123.9845317,0,0
"MFU","52193","162","d10","1","Microstomus pacificus",0,"29-4",39.064665,-123.9845317,0,0
"MFU","52193","162","d10","1","Sardinops sagax",21036,"29-4",39.064665,-123.9845317,0,0
"MFU","52193","162","d10","1","Scomber japonicus",0,"29-4",39.064665,-123.9845317,0,0
"MFU","52193","162","d10","1","Sebastes entomelas",0,"29-4",39.064665,-123.9845317,0,0
"MFU","52193","162","d10","1","Stenobrachius leucopsarus",0,"29-4",39.064665,-123.9845317,0,0
"MFU","52193","162","d10","1","Stenobrachius leucopsarus",0,"29-4",39.064665,-123.9845317,0,0
"MFU","52193","162","d10","1","Tactostoma macropus",0,"29-4",39.064665,-123.9845317,0,0
"MFU","52193","162","d10","1","Tarletonbeania crenularis",0,"29-4",39.064665,-123.9845317,0,0
"MFU","52193","162","d10","1","Tarletonbeania crenularis",0,"29-4",39.064665,-123.9845317,0,0
"MFU","52193","162","d10","1","Thaleichthys pacificus",0,"29-4",39.064665,-123.9845317,0,0
"MFU","52193","162","d10","1","Trachurus symmetricus",0,"29-4",39.064665,-123.9845317,0,0
"MFU","52193","162","d10","1","Trachurus symmetricus",0,"29-4",39.064665,-123.9845317,0,0
"MFU","52193","1621","d1","1","Clupea pallasii",0,"79-6",47.39686,-125.065295,50,50
"MFU","52193","1621","d1","1","Engraulis mordax",0,"79-6",47.39686,-125.065295,50,50
"MFU","52193","1621","d1","1","Leuroglossus stilbius",0,"79-6",47.39686,-125.065295,50,50
"MFU","52193","1621","d1","1","Merluccius productus",0,"79-6",47.39686,-125.065295,50,50
"MFU","52193","1621","d1","1","Merluccius productus",1978,"79-6",47.39686,-125.065295,50,50
"MFU","52193","1621","d1","1","Microstomus pacificus",0,"79-6",47.39686,-125.065295,50,50
"MFU","52193","1621","d1","1","Sardinops sagax",0,"79-6",47.39686,-125.065295,50,50
"MFU","52193","1621","d1","1","Scomber japonicus",0,"79-6",47.39686,-125.065295,50,50
"MFU","52193","1621","d1","1","Sebastes entomelas",0,"79-6",47.39686,-125.065295,50,50
"MFU","52193","1621","d1","1","Stenobrachius leucopsarus",0,"79-6",47.39686,-125.065295,50,50
"MFU","52193","1621","d1","1","Stenobrachius leucopsarus",0,"79-6",47.39686,-125.065295,50,50
"MFU","52193","1621","d1","1","Tactostoma macropus",0,"79-6",47.39686,-125.065295,50,50
"MFU","52193","1621","d1","1","Tarletonbeania crenularis",0,"79-6",47.39686,-125.065295,50,50
"MFU","52193","1621","d1","1","Tarletonbeania crenularis",0,"79-6",47.39686,-125.065295,50,50
"MFU","52193","1621","d1","1","Thaleichthys pacificus",0,"79-6",47.39686,-125.065295,50,50
"MFU","52193","1621","d1","1","Trachurus symmetricus",0,"79-6",47.39686,-125.065295,50,50
"MFU","52193","1621","d1","1","Trachurus symmetricus",0,"79-6",47.39686,-125.065295,50,50
"MFU","52193","1623","d10","1","Clupea pallasii",0,"79-5",47.39754333,-124.9416717,0,0
"MFU","52193","1623","d10","1","Engraulis mordax",21383,"79-5",47.39754333,-124.9416717,0,0
"MFU","52193","1623","d10","1","Leuroglossus stilbius",0,"79-5",47.39754333,-124.9416717,0,0
"MFU","52193","1623","d10","1","Merluccius productus",0,"79-5",47.39754333,-124.9416717,0,0
"MFU","52193","1623","d10","1","Merluccius productus",0,"79-5",47.39754333,-124.9416717,0,0
"MFU","52193","1623","d10","1","Microstomus pacificus",0,"79-5",47.39754333,-124.9416717,0,0
"MFU","52193","1623","d10","1","Sardinops sagax",0,"79-5",47.39754333,-124.9416717,0,0
"MFU","52193","1623","d10","1","Scomber japonicus",0,"79-5",47.39754333,-124.9416717,0,0
"MFU","52193","1623","d10","1","Sebastes entomelas",0,"79-5",47.39754333,-124.9416717,0,0
"MFU","52193","1623","d10","1","Stenobrachius leucopsarus",0,"79-5",47.39754333,-124.9416717,0,0
"MFU","52193","1623","d10","1","Stenobrachius leucopsarus",0,"79-5",47.39754333,-124.9416717,0,0
"MFU","52193","1623","d10","1","Tactostoma macropus",0,"79-5",47.39754333,-124.9416717,0,0
"MFU","52193","1623","d10","1","Tarletonbeania crenularis",0,"79-5",47.39754333,-124.9416717,0,0
"MFU","52193","1623","d10","1","Tarletonbeania crenularis",1191,"79-5",47.39754333,-124.9416717,0,0
"MFU","52193","1623","d10","1","Thaleichthys pacificus",0,"79-5",47.39754333,-124.9416717,0,0
"MFU","52193","1623","d10","1","Trachurus symmetricus",0,"79-5",47.39754333,-124.9416717,0,0
"MFU","52193","1623","d10","1","Trachurus symmetricus",0,"79-5",47.39754333,-124.9416717,0,0
"MFU","52193","1625","d1","1","Clupea pallasii",0,"79-5",47.39754333,-124.9416717,500,500
"MFU","52193","1625","d1","1","Engraulis mordax",0,"79-5",47.39754333,-124.9416717,500,500
"MFU","52193","1625","d1","1","Leuroglossus stilbius",0,"79-5",47.39754333,-124.9416717,500,500
"MFU","52193","1625","d1","1","Merluccius productus",17265,"79-5",47.39754333,-124.9416717,500,500
"MFU","52193","1625","d1","1","Merluccius productus",44341,"79-5",47.39754333,-124.9416717,500,500
"MFU","52193","1625","d1","1","Microstomus pacificus",0,"79-5",47.39754333,-124.9416717,500,500
"MFU","52193","1625","d1","1","Sardinops sagax",0,"79-5",47.39754333,-124.9416717,500,500
"MFU","52193","1625","d1","1","Scomber japonicus",0,"79-5",47.39754333,-124.9416717,500,500
"MFU","52193","1625","d1","1","Sebastes entomelas",0,"79-5",47.39754333,-124.9416717,500,500
"MFU","52193","1625","d1","1","Stenobrachius leucopsarus",0,"79-5",47.39754333,-124.9416717,500,500
"MFU","52193","1625","d1","1","Stenobrachius leucopsarus",17012,"79-5",47.39754333,-124.9416717,500,500
"MFU","52193","1625","d1","1","Tactostoma macropus",0,"79-5",47.39754333,-124.9416717,500,500
"MFU","52193","1625","d1","1","Tarletonbeania crenularis",0,"79-5",47.39754333,-124.9416717,500,500
"MFU","52193","1625","d1","1","Tarletonbeania crenularis",0,"79-5",47.39754333,-124.9416717,500,500
"MFU","52193","1625","d1","1","Thaleichthys pacificus",0,"79-5",47.39754333,-124.9416717,500,500
"MFU","52193","1625","d1","1","Trachurus symmetricus",0,"79-5",47.39754333,-124.9416717,500,500
"MFU","52193","1625","d1","1","Trachurus symmetricus",0,"79-5",47.39754333,-124.9416717,500,500
"MFU","52193","1629","d1","1","Clupea pallasii",0,"79-5",47.39754333,-124.9416717,150,150
"MFU","52193","1629","d1","1","Engraulis mordax",0,"79-5",47.39754333,-124.9416717,150,150
"MFU","52193","1629","d1","1","Leuroglossus stilbius",0,"79-5",47.39754333,-124.9416717,150,150
"MFU","52193","1629","d1","1","Merluccius productus",0,"79-5",47.39754333,-124.9416717,150,150
"MFU","52193","1629","d1","1","Merluccius productus",9178,"79-5",47.39754333,-124.9416717,150,150
"MFU","52193","1629","d1","1","Microstomus pacificus",0,"79-5",47.39754333,-124.9416717,150,150
"MFU","52193","1629","d1","1","Sardinops sagax",0,"79-5",47.39754333,-124.9416717,150,150
"MFU","52193","1629","d1","1","Scomber japonicus",0,"79-5",47.39754333,-124.9416717,150,150
"MFU","52193","1629","d1","1","Sebastes entomelas",0,"79-5",47.39754333,-124.9416717,150,150
"MFU","52193","1629","d1","1","Stenobrachius leucopsarus",0,"79-5",47.39754333,-124.9416717,150,150
"MFU","52193","1629","d1","1","Stenobrachius leucopsarus",0,"79-5",47.39754333,-124.9416717,150,150
"MFU","52193","1629","d1","1","Tactostoma macropus",0,"79-5",47.39754333,-124.9416717,150,150
"MFU","52193","1629","d1","1","Tarletonbeania crenularis",0,"79-5",47.39754333,-124.9416717,150,150
"MFU","52193","1629","d1","1","Tarletonbeania crenularis",15643,"79-5",47.39754333,-124.9416717,150,150
"MFU","52193","1629","d1","1","Thaleichthys pacificus",0,"79-5",47.39754333,-124.9416717,150,150
"MFU","52193","1629","d1","1","Trachurus symmetricus",0,"79-5",47.39754333,-124.9416717,150,150
"MFU","52193","1629","d1","1","Trachurus symmetricus",0,"79-5",47.39754333,-124.9416717,150,150
"MFU","52193","163","d10","1","Clupea pallasii",0,"29-4",39.064665,-123.9845317,0,0
"MFU","52193","163","d10","1","Engraulis mordax",0,"29-4",39.064665,-123.9845317,0,0
"MFU","52193","163","d10","1","Leuroglossus stilbius",0,"29-4",39.064665,-123.9845317,0,0
"MFU","52193","163","d10","1","Merluccius productus",0,"29-4",39.064665,-123.9845317,0,0
"MFU","52193","163","d10","1","Merluccius productus",0,"29-4",39.064665,-123.9845317,0,0
"MFU","52193","163","d10","1","Microstomus pacificus",0,"29-4",39.064665,-123.9845317,0,0
"MFU","52193","163","d10","1","Sardinops sagax",0,"29-4",39.064665,-123.9845317,0,0
"MFU","52193","163","d10","1","Scomber japonicus",0,"29-4",39.064665,-123.9845317,0,0
"MFU","52193","163","d10","1","Sebastes entomelas",0,"29-4",39.064665,-123.9845317,0,0
"MFU","52193","163","d10","1","Stenobrachius leucopsarus",0,"29-4",39.064665,-123.9845317,0,0
"MFU","52193","163","d10","1","Stenobrachius leucopsarus",0,"29-4",39.064665,-123.9845317,0,0
"MFU","52193","163","d10","1","Tactostoma macropus",0,"29-4",39.064665,-123.9845317,0,0
"MFU","52193","163","d10","1","Tarletonbeania crenularis",0,"29-4",39.064665,-123.9845317,0,0
"MFU","52193","163","d10","1","Tarletonbeania crenularis",0,"29-4",39.064665,-123.9845317,0,0
"MFU","52193","163","d10","1","Thaleichthys pacificus",0,"29-4",39.064665,-123.9845317,0,0
"MFU","52193","163","d10","1","Trachurus symmetricus",0,"29-4",39.064665,-123.9845317,0,0
"MFU","52193","163","d10","1","Trachurus symmetricus",0,"29-4",39.064665,-123.9845317,0,0
"MFU","52193","1633","d1","1","Clupea pallasii",0,"79-5",47.39754333,-124.9416717,50,50
"MFU","52193","1633","d1","1","Engraulis mordax",0,"79-5",47.39754333,-124.9416717,50,50
"MFU","52193","1633","d1","1","Leuroglossus stilbius",0,"79-5",47.39754333,-124.9416717,50,50
"MFU","52193","1633","d1","1","Merluccius productus",0,"79-5",47.39754333,-124.9416717,50,50
"MFU","52193","1633","d1","1","Merluccius productus",0,"79-5",47.39754333,-124.9416717,50,50
"MFU","52193","1633","d1","1","Microstomus pacificus",0,"79-5",47.39754333,-124.9416717,50,50
"MFU","52193","1633","d1","1","Sardinops sagax",0,"79-5",47.39754333,-124.9416717,50,50
"MFU","52193","1633","d1","1","Scomber japonicus",0,"79-5",47.39754333,-124.9416717,50,50
"MFU","52193","1633","d1","1","Sebastes entomelas",0,"79-5",47.39754333,-124.9416717,50,50
"MFU","52193","1633","d1","1","Stenobrachius leucopsarus",0,"79-5",47.39754333,-124.9416717,50,50
"MFU","52193","1633","d1","1","Stenobrachius leucopsarus",0,"79-5",47.39754333,-124.9416717,50,50
"MFU","52193","1633","d1","1","Tactostoma macropus",0,"79-5",47.39754333,-124.9416717,50,50
"MFU","52193","1633","d1","1","Tarletonbeania crenularis",0,"79-5",47.39754333,-124.9416717,50,50
"MFU","52193","1633","d1","1","Tarletonbeania crenularis",1281,"79-5",47.39754333,-124.9416717,50,50
"MFU","52193","1633","d1","1","Thaleichthys pacificus",0,"79-5",47.39754333,-124.9416717,50,50
"MFU","52193","1633","d1","1","Trachurus symmetricus",0,"79-5",47.39754333,-124.9416717,50,50
"MFU","52193","1633","d1","1","Trachurus symmetricus",0,"79-5",47.39754333,-124.9416717,50,50
"MFU","52193","1635","d20","1","Clupea pallasii",0,"79-4",47.39600167,-124.821575,0,0
"MFU","52193","1635","d20","1","Engraulis mordax",15100,"79-4",47.39600167,-124.821575,0,0
"MFU","52193","1635","d20","1","Leuroglossus stilbius",0,"79-4",47.39600167,-124.821575,0,0
"MFU","52193","1635","d20","1","Merluccius productus",0,"79-4",47.39600167,-124.821575,0,0
"MFU","52193","1635","d20","1","Merluccius productus",0,"79-4",47.39600167,-124.821575,0,0
"MFU","52193","1635","d20","1","Microstomus pacificus",0,"79-4",47.39600167,-124.821575,0,0
"MFU","52193","1635","d20","1","Sardinops sagax",0,"79-4",47.39600167,-124.821575,0,0
"MFU","52193","1635","d20","1","Scomber japonicus",0,"79-4",47.39600167,-124.821575,0,0
"MFU","52193","1635","d20","1","Sebastes entomelas",0,"79-4",47.39600167,-124.821575,0,0
"MFU","52193","1635","d20","1","Stenobrachius leucopsarus",0,"79-4",47.39600167,-124.821575,0,0
"MFU","52193","1635","d20","1","Stenobrachius leucopsarus",0,"79-4",47.39600167,-124.821575,0,0
"MFU","52193","1635","d20","1","Tactostoma macropus",0,"79-4",47.39600167,-124.821575,0,0
"MFU","52193","1635","d20","1","Tarletonbeania crenularis",0,"79-4",47.39600167,-124.821575,0,0
"MFU","52193","1635","d20","1","Tarletonbeania crenularis",59459,"79-4",47.39600167,-124.821575,0,0
"MFU","52193","1635","d20","1","Thaleichthys pacificus",0,"79-4",47.39600167,-124.821575,0,0
"MFU","52193","1635","d20","1","Trachurus symmetricus",0,"79-4",47.39600167,-124.821575,0,0
"MFU","52193","1635","d20","1","Trachurus symmetricus",0,"79-4",47.39600167,-124.821575,0,0
"MFU","52193","1637","d1","1","Clupea pallasii",616,"79-4",47.39600167,-124.821575,446,500
"MFU","52193","1637","d1","1","Engraulis mordax",0,"79-4",47.39600167,-124.821575,446,500
"MFU","52193","1637","d1","1","Leuroglossus stilbius",0,"79-4",47.39600167,-124.821575,446,500
"MFU","52193","1637","d1","1","Merluccius productus",0,"79-4",47.39600167,-124.821575,446,500
"MFU","52193","1637","d1","1","Merluccius productus",227536,"79-4",47.39600167,-124.821575,446,500
"MFU","52193","1637","d1","1","Microstomus pacificus",1766,"79-4",47.39600167,-124.821575,446,500
"MFU","52193","1637","d1","1","Sardinops sagax",0,"79-4",47.39600167,-124.821575,446,500
"MFU","52193","1637","d1","1","Scomber japonicus",0,"79-4",47.39600167,-124.821575,446,500
"MFU","52193","1637","d1","1","Sebastes entomelas",0,"79-4",47.39600167,-124.821575,446,500
"MFU","52193","1637","d1","1","Stenobrachius leucopsarus",0,"79-4",47.39600167,-124.821575,446,500
"MFU","52193","1637","d1","1","Stenobrachius leucopsarus",0,"79-4",47.39600167,-124.821575,446,500
"MFU","52193","1637","d1","1","Tactostoma macropus",970,"79-4",47.39600167,-124.821575,446,500
"MFU","52193","1637","d1","1","Tarletonbeania crenularis",0,"79-4",47.39600167,-124.821575,446,500
"MFU","52193","1637","d1","1","Tarletonbeania crenularis",0,"79-4",47.39600167,-124.821575,446,500
"MFU","52193","1637","d1","1","Thaleichthys pacificus",0,"79-4",47.39600167,-124.821575,446,500
"MFU","52193","1637","d1","1","Trachurus symmetricus",0,"79-4",47.39600167,-124.821575,446,500
"MFU","52193","1637","d1","1","Trachurus symmetricus",0,"79-4",47.39600167,-124.821575,446,500
"MFU","52193","1639","d1","1","Clupea pallasii",0,"79-4",47.39600167,-124.821575,300,300
"MFU","52193","1639","d1","1","Engraulis mordax",0,"79-4",47.39600167,-124.821575,300,300
"MFU","52193","1639","d1","1","Leuroglossus stilbius",0,"79-4",47.39600167,-124.821575,300,300
"MFU","52193","1639","d1","1","Merluccius productus",0,"79-4",47.39600167,-124.821575,300,300
"MFU","52193","1639","d1","1","Merluccius productus",13598,"79-4",47.39600167,-124.821575,300,300
"MFU","52193","1639","d1","1","Microstomus pacificus",0,"79-4",47.39600167,-124.821575,300,300
"MFU","52193","1639","d1","1","Sardinops sagax",0,"79-4",47.39600167,-124.821575,300,300
"MFU","52193","1639","d1","1","Scomber japonicus",0,"79-4",47.39600167,-124.821575,300,300
"MFU","52193","1639","d1","1","Sebastes entomelas",0,"79-4",47.39600167,-124.821575,300,300
"MFU","52193","1639","d1","1","Stenobrachius leucopsarus",0,"79-4",47.39600167,-124.821575,300,300
"MFU","52193","1639","d1","1","Stenobrachius leucopsarus",6746,"79-4",47.39600167,-124.821575,300,300
"MFU","52193","1639","d1","1","Tactostoma macropus",0,"79-4",47.39600167,-124.821575,300,300
"MFU","52193","1639","d1","1","Tarletonbeania crenularis",0,"79-4",47.39600167,-124.821575,300,300
"MFU","52193","1639","d1","1","Tarletonbeania crenularis",0,"79-4",47.39600167,-124.821575,300,300
"MFU","52193","1639","d1","1","Thaleichthys pacificus",0,"79-4",47.39600167,-124.821575,300,300
"MFU","52193","1639","d1","1","Trachurus symmetricus",0,"79-4",47.39600167,-124.821575,300,300
"MFU","52193","1639","d1","1","Trachurus symmetricus",0,"79-4",47.39600167,-124.821575,300,300
"MFU","52193","1641","d1","1","Clupea pallasii",2033,"79-4",47.39600167,-124.821575,150,150
"MFU","52193","1641","d1","1","Engraulis mordax",0,"79-4",47.39600167,-124.821575,150,150
"MFU","52193","1641","d1","1","Leuroglossus stilbius",0,"79-4",47.39600167,-124.821575,150,150
"MFU","52193","1641","d1","1","Merluccius productus",1853,"79-4",47.39600167,-124.821575,150,150
"MFU","52193","1641","d1","1","Merluccius productus",14824,"79-4",47.39600167,-124.821575,150,150
"MFU","52193","1641","d1","1","Microstomus pacificus",883,"79-4",47.39600167,-124.821575,150,150
"MFU","52193","1641","d1","1","Sardinops sagax",0,"79-4",47.39600167,-124.821575,150,150
"MFU","52193","1641","d1","1","Scomber japonicus",0,"79-4",47.39600167,-124.821575,150,150
"MFU","52193","1641","d1","1","Sebastes entomelas",815,"79-4",47.39600167,-124.821575,150,150
"MFU","52193","1641","d1","1","Stenobrachius leucopsarus",0,"79-4",47.39600167,-124.821575,150,150
"MFU","52193","1641","d1","1","Stenobrachius leucopsarus",497,"79-4",47.39600167,-124.821575,150,150
"MFU","52193","1641","d1","1","Tactostoma macropus",0,"79-4",47.39600167,-124.821575,150,150
"MFU","52193","1641","d1","1","Tarletonbeania crenularis",0,"79-4",47.39600167,-124.821575,150,150
"MFU","52193","1641","d1","1","Tarletonbeania crenularis",0,"79-4",47.39600167,-124.821575,150,150
"MFU","52193","1641","d1","1","Thaleichthys pacificus",0,"79-4",47.39600167,-124.821575,150,150
"MFU","52193","1641","d1","1","Trachurus symmetricus",0,"79-4",47.39600167,-124.821575,150,150
"MFU","52193","1641","d1","1","Trachurus symmetricus",829,"79-4",47.39600167,-124.821575,150,150
"MFU","52193","1645","d1","1","Clupea pallasii",3001,"79-4",47.39600167,-124.821575,50,50
"MFU","52193","1645","d1","1","Engraulis mordax",0,"79-4",47.39600167,-124.821575,50,50
"MFU","52193","1645","d1","1","Leuroglossus stilbius",0,"79-4",47.39600167,-124.821575,50,50
"MFU","52193","1645","d1","1","Merluccius productus",0,"79-4",47.39600167,-124.821575,50,50
"MFU","52193","1645","d1","1","Merluccius productus",17634,"79-4",47.39600167,-124.821575,50,50
"MFU","52193","1645","d1","1","Microstomus pacificus",0,"79-4",47.39600167,-124.821575,50,50
"MFU","52193","1645","d1","1","Sardinops sagax",0,"79-4",47.39600167,-124.821575,50,50
"MFU","52193","1645","d1","1","Scomber japonicus",0,"79-4",47.39600167,-124.821575,50,50
"MFU","52193","1645","d1","1","Sebastes entomelas",2282,"79-4",47.39600167,-124.821575,50,50
"MFU","52193","1645","d1","1","Stenobrachius leucopsarus",0,"79-4",47.39600167,-124.821575,50,50
"MFU","52193","1645","d1","1","Stenobrachius leucopsarus",4419,"79-4",47.39600167,-124.821575,50,50
"MFU","52193","1645","d1","1","Tactostoma macropus",0,"79-4",47.39600167,-124.821575,50,50
"MFU","52193","1645","d1","1","Tarletonbeania crenularis",0,"79-4",47.39600167,-124.821575,50,50
"MFU","52193","1645","d1","1","Tarletonbeania crenularis",0,"79-4",47.39600167,-124.821575,50,50
"MFU","52193","1645","d1","1","Thaleichthys pacificus",1952,"79-4",47.39600167,-124.821575,50,50
"MFU","52193","1645","d1","1","Trachurus symmetricus",0,"79-4",47.39600167,-124.821575,50,50
"MFU","52193","1645","d1","1","Trachurus symmetricus",0,"79-4",47.39600167,-124.821575,50,50
"MFU","52193","1647","d1","1","Clupea pallasii",4902,"79-2",47.397645,-124.7738783,0,0
"MFU","52193","1647","d1","1","Engraulis mordax",202222,"79-2",47.397645,-124.7738783,0,0
"MFU","52193","1647","d1","1","Leuroglossus stilbius",0,"79-2",47.397645,-124.7738783,0,0
"MFU","52193","1647","d1","1","Merluccius productus",37344,"79-2",47.397645,-124.7738783,0,0
"MFU","52193","1647","d1","1","Merluccius productus",237193,"79-2",47.397645,-124.7738783,0,0
"MFU","52193","1647","d1","1","Microstomus pacificus",0,"79-2",47.397645,-124.7738783,0,0
"MFU","52193","1647","d1","1","Sardinops sagax",0,"79-2",47.397645,-124.7738783,0,0
"MFU","52193","1647","d1","1","Scomber japonicus",0,"79-2",47.397645,-124.7738783,0,0
"MFU","52193","1647","d1","1","Sebastes entomelas",0,"79-2",47.397645,-124.7738783,0,0
"MFU","52193","1647","d1","1","Stenobrachius leucopsarus",0,"79-2",47.397645,-124.7738783,0,0
"MFU","52193","1647","d1","1","Stenobrachius leucopsarus",0,"79-2",47.397645,-124.7738783,0,0
"MFU","52193","1647","d1","1","Tactostoma macropus",0,"79-2",47.397645,-124.7738783,0,0
"MFU","52193","1647","d1","1","Tarletonbeania crenularis",0,"79-2",47.397645,-124.7738783,0,0
"MFU","52193","1647","d1","1","Tarletonbeania crenularis",0,"79-2",47.397645,-124.7738783,0,0
"MFU","52193","1647","d1","1","Thaleichthys pacificus",0,"79-2",47.397645,-124.7738783,0,0
"MFU","52193","1647","d1","1","Trachurus symmetricus",0,"79-2",47.397645,-124.7738783,0,0
"MFU","52193","1647","d1","1","Trachurus symmetricus",1276,"79-2",47.397645,-124.7738783,0,0
"MFU","52193","1653","d1","1","Clupea pallasii",0,"79-2",47.397645,-124.7738783,50,50
"MFU","52193","1653","d1","1","Engraulis mordax",0,"79-2",47.397645,-124.7738783,50,50
"MFU","52193","1653","d1","1","Leuroglossus stilbius",0,"79-2",47.397645,-124.7738783,50,50
"MFU","52193","1653","d1","1","Merluccius productus",1358,"79-2",47.397645,-124.7738783,50,50
"MFU","52193","1653","d1","1","Merluccius productus",1855,"79-2",47.397645,-124.7738783,50,50
"MFU","52193","1653","d1","1","Microstomus pacificus",0,"79-2",47.397645,-124.7738783,50,50
"MFU","52193","1653","d1","1","Sardinops sagax",0,"79-2",47.397645,-124.7738783,50,50
"MFU","52193","1653","d1","1","Scomber japonicus",0,"79-2",47.397645,-124.7738783,50,50
"MFU","52193","1653","d1","1","Sebastes entomelas",0,"79-2",47.397645,-124.7738783,50,50
"MFU","52193","1653","d1","1","Stenobrachius leucopsarus",0,"79-2",47.397645,-124.7738783,50,50
"MFU","52193","1653","d1","1","Stenobrachius leucopsarus",0,"79-2",47.397645,-124.7738783,50,50
"MFU","52193","1653","d1","1","Tactostoma macropus",0,"79-2",47.397645,-124.7738783,50,50
"MFU","52193","1653","d1","1","Tarletonbeania crenularis",0,"79-2",47.397645,-124.7738783,50,50
"MFU","52193","1653","d1","1","Tarletonbeania crenularis",0,"79-2",47.397645,-124.7738783,50,50
"MFU","52193","1653","d1","1","Thaleichthys pacificus",0,"79-2",47.397645,-124.7738783,50,50
"MFU","52193","1653","d1","1","Trachurus symmetricus",0,"79-2",47.397645,-124.7738783,50,50
"MFU","52193","1653","d1","1","Trachurus symmetricus",0,"79-2",47.397645,-124.7738783,50,50
"MFU","52193","1655","d1","1","Clupea pallasii",0,"79-1",47.39836167,-124.53967,0,0
"MFU","52193","1655","d1","1","Engraulis mordax",0,"79-1",47.39836167,-124.53967,0,0
"MFU","52193","1655","d1","1","Leuroglossus stilbius",0,"79-1",47.39836167,-124.53967,0,0
"MFU","52193","1655","d1","1","Merluccius productus",0,"79-1",47.39836167,-124.53967,0,0
"MFU","52193","1655","d1","1","Merluccius productus",0,"79-1",47.39836167,-124.53967,0,0
"MFU","52193","1655","d1","1","Microstomus pacificus",0,"79-1",47.39836167,-124.53967,0,0
"MFU","52193","1655","d1","1","Sardinops sagax",0,"79-1",47.39836167,-124.53967,0,0
"MFU","52193","1655","d1","1","Scomber japonicus",0,"79-1",47.39836167,-124.53967,0,0
"MFU","52193","1655","d1","1","Sebastes entomelas",0,"79-1",47.39836167,-124.53967,0,0
"MFU","52193","1655","d1","1","Stenobrachius leucopsarus",0,"79-1",47.39836167,-124.53967,0,0
"MFU","52193","1655","d1","1","Stenobrachius leucopsarus",0,"79-1",47.39836167,-124.53967,0,0
"MFU","52193","1655","d1","1","Tactostoma macropus",0,"79-1",47.39836167,-124.53967,0,0
"MFU","52193","1655","d1","1","Tarletonbeania crenularis",0,"79-1",47.39836167,-124.53967,0,0
"MFU","52193","1655","d1","1","Tarletonbeania crenularis",1,"79-1",47.39836167,-124.53967,0,0
"MFU","52193","1655","d1","1","Thaleichthys pacificus",0,"79-1",47.39836167,-124.53967,0,0
"MFU","52193","1655","d1","1","Trachurus symmetricus",0,"79-1",47.39836167,-124.53967,0,0
"MFU","52193","1655","d1","1","Trachurus symmetricus",0,"79-1",47.39836167,-124.53967,0,0
"MFU","52193","1655","d10","1","Clupea pallasii",0,"79-1",47.39836167,-124.53967,0,0
"MFU","52193","1655","d10","1","Engraulis mordax",10842,"79-1",47.39836167,-124.53967,0,0
"MFU","52193","1655","d10","1","Leuroglossus stilbius",0,"79-1",47.39836167,-124.53967,0,0
"MFU","52193","1655","d10","1","Merluccius productus",39,"79-1",47.39836167,-124.53967,0,0
"MFU","52193","1655","d10","1","Merluccius productus",0,"79-1",47.39836167,-124.53967,0,0
"MFU","52193","1655","d10","1","Microstomus pacificus",0,"79-1",47.39836167,-124.53967,0,0
"MFU","52193","1655","d10","1","Sardinops sagax",0,"79-1",47.39836167,-124.53967,0,0
"MFU","52193","1655","d10","1","Scomber japonicus",0,"79-1",47.39836167,-124.53967,0,0
"MFU","52193","1655","d10","1","Sebastes entomelas",0,"79-1",47.39836167,-124.53967,0,0
"MFU","52193","1655","d10","1","Stenobrachius leucopsarus",0,"79-1",47.39836167,-124.53967,0,0
"MFU","52193","1655","d10","1","Stenobrachius leucopsarus",0,"79-1",47.39836167,-124.53967,0,0
"MFU","52193","1655","d10","1","Tactostoma macropus",0,"79-1",47.39836167,-124.53967,0,0
"MFU","52193","1655","d10","1","Tarletonbeania crenularis",0,"79-1",47.39836167,-124.53967,0,0
"MFU","52193","1655","d10","1","Tarletonbeania crenularis",0,"79-1",47.39836167,-124.53967,0,0
"MFU","52193","1655","d10","1","Thaleichthys pacificus",0,"79-1",47.39836167,-124.53967,0,0
"MFU","52193","1655","d10","1","Trachurus symmetricus",0,"79-1",47.39836167,-124.53967,0,0
"MFU","52193","1655","d10","1","Trachurus symmetricus",0,"79-1",47.39836167,-124.53967,0,0
"MFU","52193","1657","d10","1","Clupea pallasii",0,"79-1",47.39836167,-124.53967,47,50
"MFU","52193","1657","d10","1","Engraulis mordax",0,"79-1",47.39836167,-124.53967,47,50
"MFU","52193","1657","d10","1","Leuroglossus stilbius",0,"79-1",47.39836167,-124.53967,47,50
"MFU","52193","1657","d10","1","Merluccius productus",0,"79-1",47.39836167,-124.53967,47,50
"MFU","52193","1657","d10","1","Merluccius productus",0,"79-1",47.39836167,-124.53967,47,50
"MFU","52193","1657","d10","1","Microstomus pacificus",0,"79-1",47.39836167,-124.53967,47,50
"MFU","52193","1657","d10","1","Sardinops sagax",0,"79-1",47.39836167,-124.53967,47,50
"MFU","52193","1657","d10","1","Scomber japonicus",0,"79-1",47.39836167,-124.53967,47,50
"MFU","52193","1657","d10","1","Sebastes entomelas",0,"79-1",47.39836167,-124.53967,47,50
"MFU","52193","1657","d10","1","Stenobrachius leucopsarus",0,"79-1",47.39836167,-124.53967,47,50
"MFU","52193","1657","d10","1","Stenobrachius leucopsarus",0,"79-1",47.39836167,-124.53967,47,50
"MFU","52193","1657","d10","1","Tactostoma macropus",0,"79-1",47.39836167,-124.53967,47,50
"MFU","52193","1657","d10","1","Tarletonbeania crenularis",0,"79-1",47.39836167,-124.53967,47,50
"MFU","52193","1657","d10","1","Tarletonbeania crenularis",0,"79-1",47.39836167,-124.53967,47,50
"MFU","52193","1657","d10","1","Thaleichthys pacificus",0,"79-1",47.39836167,-124.53967,47,50
"MFU","52193","1657","d10","1","Trachurus symmetricus",0,"79-1",47.39836167,-124.53967,47,50
"MFU","52193","1657","d10","1","Trachurus symmetricus",6423,"79-1",47.39836167,-124.53967,47,50
"MFU","52193","166","d1","1","Clupea pallasii",0,"29-6",39.062135,-124.2069517,500,500
"MFU","52193","166","d1","1","Engraulis mordax",0,"29-6",39.062135,-124.2069517,500,500
"MFU","52193","166","d1","1","Leuroglossus stilbius",0,"29-6",39.062135,-124.2069517,500,500
"MFU","52193","166","d1","1","Merluccius productus",0,"29-6",39.062135,-124.2069517,500,500
"MFU","52193","166","d1","1","Merluccius productus",0,"29-6",39.062135,-124.2069517,500,500
"MFU","52193","166","d1","1","Microstomus pacificus",0,"29-6",39.062135,-124.2069517,500,500
"MFU","52193","166","d1","1","Sardinops sagax",0,"29-6",39.062135,-124.2069517,500,500
"MFU","52193","166","d1","1","Scomber japonicus",0,"29-6",39.062135,-124.2069517,500,500
"MFU","52193","166","d1","1","Sebastes entomelas",0,"29-6",39.062135,-124.2069517,500,500
"MFU","52193","166","d1","1","Stenobrachius leucopsarus",0,"29-6",39.062135,-124.2069517,500,500
"MFU","52193","166","d1","1","Stenobrachius leucopsarus",0,"29-6",39.062135,-124.2069517,500,500
"MFU","52193","166","d1","1","Tactostoma macropus",0,"29-6",39.062135,-124.2069517,500,500
"MFU","52193","166","d1","1","Tarletonbeania crenularis",0,"29-6",39.062135,-124.2069517,500,500
"MFU","52193","166","d1","1","Tarletonbeania crenularis",0,"29-6",39.062135,-124.2069517,500,500
"MFU","52193","166","d1","1","Thaleichthys pacificus",0,"29-6",39.062135,-124.2069517,500,500
"MFU","52193","166","d1","1","Trachurus symmetricus",0,"29-6",39.062135,-124.2069517,500,500
"MFU","52193","166","d1","1","Trachurus symmetricus",0,"29-6",39.062135,-124.2069517,500,500
"MFU","52193","1662","d10","1","Clupea pallasii",599,"80-1",47.56339333,-124.6017267,0,0
"MFU","52193","1662","d10","1","Engraulis mordax",0,"80-1",47.56339333,-124.6017267,0,0
"MFU","52193","1662","d10","1","Leuroglossus stilbius",0,"80-1",47.56339333,-124.6017267,0,0
"MFU","52193","1662","d10","1","Merluccius productus",0,"80-1",47.56339333,-124.6017267,0,0
"MFU","52193","1662","d10","1","Merluccius productus",62,"80-1",47.56339333,-124.6017267,0,0
"MFU","52193","1662","d10","1","Microstomus pacificus",0,"80-1",47.56339333,-124.6017267,0,0
"MFU","52193","1662","d10","1","Sardinops sagax",0,"80-1",47.56339333,-124.6017267,0,0
"MFU","52193","1662","d10","1","Scomber japonicus",0,"80-1",47.56339333,-124.6017267,0,0
"MFU","52193","1662","d10","1","Sebastes entomelas",0,"80-1",47.56339333,-124.6017267,0,0
"MFU","52193","1662","d10","1","Stenobrachius leucopsarus",0,"80-1",47.56339333,-124.6017267,0,0
"MFU","52193","1662","d10","1","Stenobrachius leucopsarus",0,"80-1",47.56339333,-124.6017267,0,0
"MFU","52193","1662","d10","1","Tactostoma macropus",0,"80-1",47.56339333,-124.6017267,0,0
"MFU","52193","1662","d10","1","Tarletonbeania crenularis",0,"80-1",47.56339333,-124.6017267,0,0
"MFU","52193","1662","d10","1","Tarletonbeania crenularis",0,"80-1",47.56339333,-124.6017267,0,0
"MFU","52193","1662","d10","1","Thaleichthys pacificus",0,"80-1",47.56339333,-124.6017267,0,0
"MFU","52193","1662","d10","1","Trachurus symmetricus",0,"80-1",47.56339333,-124.6017267,0,0
"MFU","52193","1662","d10","1","Trachurus symmetricus",52,"80-1",47.56339333,-124.6017267,0,0
"MFU","52193","1662","d5","1","Clupea pallasii",13767,"80-1",47.56339333,-124.6017267,0,0
"MFU","52193","1662","d5","1","Engraulis mordax",0,"80-1",47.56339333,-124.6017267,0,0
"MFU","52193","1662","d5","1","Leuroglossus stilbius",0,"80-1",47.56339333,-124.6017267,0,0
"MFU","52193","1662","d5","1","Merluccius productus",0,"80-1",47.56339333,-124.6017267,0,0
"MFU","52193","1662","d5","1","Merluccius productus",0,"80-1",47.56339333,-124.6017267,0,0
"MFU","52193","1662","d5","1","Microstomus pacificus",0,"80-1",47.56339333,-124.6017267,0,0
"MFU","52193","1662","d5","1","Sardinops sagax",0,"80-1",47.56339333,-124.6017267,0,0
"MFU","52193","1662","d5","1","Scomber japonicus",0,"80-1",47.56339333,-124.6017267,0,0
"MFU","52193","1662","d5","1","Sebastes entomelas",0,"80-1",47.56339333,-124.6017267,0,0
"MFU","52193","1662","d5","1","Stenobrachius leucopsarus",0,"80-1",47.56339333,-124.6017267,0,0
"MFU","52193","1662","d5","1","Stenobrachius leucopsarus",0,"80-1",47.56339333,-124.6017267,0,0
"MFU","52193","1662","d5","1","Tactostoma macropus",0,"80-1",47.56339333,-124.6017267,0,0
"MFU","52193","1662","d5","1","Tarletonbeania crenularis",0,"80-1",47.56339333,-124.6017267,0,0
"MFU","52193","1662","d5","1","Tarletonbeania crenularis",0,"80-1",47.56339333,-124.6017267,0,0
"MFU","52193","1662","d5","1","Thaleichthys pacificus",0,"80-1",47.56339333,-124.6017267,0,0
"MFU","52193","1662","d5","1","Trachurus symmetricus",0,"80-1",47.56339333,-124.6017267,0,0
"MFU","52193","1662","d5","1","Trachurus symmetricus",16540,"80-1",47.56339333,-124.6017267,0,0
"MFU","52193","1664","d1","1","Clupea pallasii",1344,"80-1",47.56339333,-124.6017267,50,50
"MFU","52193","1664","d1","1","Engraulis mordax",0,"80-1",47.56339333,-124.6017267,50,50
"MFU","52193","1664","d1","1","Leuroglossus stilbius",0,"80-1",47.56339333,-124.6017267,50,50
"MFU","52193","1664","d1","1","Merluccius productus",0,"80-1",47.56339333,-124.6017267,50,50
"MFU","52193","1664","d1","1","Merluccius productus",0,"80-1",47.56339333,-124.6017267,50,50
"MFU","52193","1664","d1","1","Microstomus pacificus",0,"80-1",47.56339333,-124.6017267,50,50
"MFU","52193","1664","d1","1","Sardinops sagax",0,"80-1",47.56339333,-124.6017267,50,50
"MFU","52193","1664","d1","1","Scomber japonicus",0,"80-1",47.56339333,-124.6017267,50,50
"MFU","52193","1664","d1","1","Sebastes entomelas",0,"80-1",47.56339333,-124.6017267,50,50
"MFU","52193","1664","d1","1","Stenobrachius leucopsarus",0,"80-1",47.56339333,-124.6017267,50,50
"MFU","52193","1664","d1","1","Stenobrachius leucopsarus",0,"80-1",47.56339333,-124.6017267,50,50
"MFU","52193","1664","d1","1","Tactostoma macropus",0,"80-1",47.56339333,-124.6017267,50,50
"MFU","52193","1664","d1","1","Tarletonbeania crenularis",0,"80-1",47.56339333,-124.6017267,50,50
"MFU","52193","1664","d1","1","Tarletonbeania crenularis",0,"80-1",47.56339333,-124.6017267,50,50
"MFU","52193","1664","d1","1","Thaleichthys pacificus",0,"80-1",47.56339333,-124.6017267,50,50
"MFU","52193","1664","d1","1","Trachurus symmetricus",0,"80-1",47.56339333,-124.6017267,50,50
"MFU","52193","1664","d1","1","Trachurus symmetricus",0,"80-1",47.56339333,-124.6017267,50,50
"MFU","52193","1671","d10","1","Clupea pallasii",0,"80-2",47.56339,-124.9717983,0,0
"MFU","52193","1671","d10","1","Engraulis mordax",0,"80-2",47.56339,-124.9717983,0,0
"MFU","52193","1671","d10","1","Leuroglossus stilbius",0,"80-2",47.56339,-124.9717983,0,0
"MFU","52193","1671","d10","1","Merluccius productus",0,"80-2",47.56339,-124.9717983,0,0
"MFU","52193","1671","d10","1","Merluccius productus",0,"80-2",47.56339,-124.9717983,0,0
"MFU","52193","1671","d10","1","Microstomus pacificus",0,"80-2",47.56339,-124.9717983,0,0
"MFU","52193","1671","d10","1","Sardinops sagax",0,"80-2",47.56339,-124.9717983,0,0
"MFU","52193","1671","d10","1","Scomber japonicus",0,"80-2",47.56339,-124.9717983,0,0
"MFU","52193","1671","d10","1","Sebastes entomelas",0,"80-2",47.56339,-124.9717983,0,0
"MFU","52193","1671","d10","1","Stenobrachius leucopsarus",0,"80-2",47.56339,-124.9717983,0,0
"MFU","52193","1671","d10","1","Stenobrachius leucopsarus",0,"80-2",47.56339,-124.9717983,0,0
"MFU","52193","1671","d10","1","Tactostoma macropus",0,"80-2",47.56339,-124.9717983,0,0
"MFU","52193","1671","d10","1","Tarletonbeania crenularis",0,"80-2",47.56339,-124.9717983,0,0
"MFU","52193","1671","d10","1","Tarletonbeania crenularis",0,"80-2",47.56339,-124.9717983,0,0
"MFU","52193","1671","d10","1","Thaleichthys pacificus",0,"80-2",47.56339,-124.9717983,0,0
"MFU","52193","1671","d10","1","Trachurus symmetricus",0,"80-2",47.56339,-124.9717983,0,0
"MFU","52193","1671","d10","1","Trachurus symmetricus",0,"80-2",47.56339,-124.9717983,0,0
"MFU","52193","1678","d1","1","Clupea pallasii",521,"80-2",47.56339,-124.9717983,50,50
"MFU","52193","1678","d1","1","Engraulis mordax",0,"80-2",47.56339,-124.9717983,50,50
"MFU","52193","1678","d1","1","Leuroglossus stilbius",0,"80-2",47.56339,-124.9717983,50,50
"MFU","52193","1678","d1","1","Merluccius productus",0,"80-2",47.56339,-124.9717983,50,50
"MFU","52193","1678","d1","1","Merluccius productus",0,"80-2",47.56339,-124.9717983,50,50
"MFU","52193","1678","d1","1","Microstomus pacificus",0,"80-2",47.56339,-124.9717983,50,50
"MFU","52193","1678","d1","1","Sardinops sagax",0,"80-2",47.56339,-124.9717983,50,50
"MFU","52193","1678","d1","1","Scomber japonicus",0,"80-2",47.56339,-124.9717983,50,50
"MFU","52193","1678","d1","1","Sebastes entomelas",0,"80-2",47.56339,-124.9717983,50,50
"MFU","52193","1678","d1","1","Stenobrachius leucopsarus",0,"80-2",47.56339,-124.9717983,50,50
"MFU","52193","1678","d1","1","Stenobrachius leucopsarus",0,"80-2",47.56339,-124.9717983,50,50
"MFU","52193","1678","d1","1","Tactostoma macropus",0,"80-2",47.56339,-124.9717983,50,50
"MFU","52193","1678","d1","1","Tarletonbeania crenularis",0,"80-2",47.56339,-124.9717983,50,50
"MFU","52193","1678","d1","1","Tarletonbeania crenularis",0,"80-2",47.56339,-124.9717983,50,50
"MFU","52193","1678","d1","1","Thaleichthys pacificus",0,"80-2",47.56339,-124.9717983,50,50
"MFU","52193","1678","d1","1","Trachurus symmetricus",0,"80-2",47.56339,-124.9717983,50,50
"MFU","52193","1678","d1","1","Trachurus symmetricus",0,"80-2",47.56339,-124.9717983,50,50
"MFU","52193","1678","d10","1","Clupea pallasii",0,"80-2",47.56339,-124.9717983,50,50
"MFU","52193","1678","d10","1","Engraulis mordax",0,"80-2",47.56339,-124.9717983,50,50
"MFU","52193","1678","d10","1","Leuroglossus stilbius",0,"80-2",47.56339,-124.9717983,50,50
"MFU","52193","1678","d10","1","Merluccius productus",0,"80-2",47.56339,-124.9717983,50,50
"MFU","52193","1678","d10","1","Merluccius productus",235,"80-2",47.56339,-124.9717983,50,50
"MFU","52193","1678","d10","1","Microstomus pacificus",0,"80-2",47.56339,-124.9717983,50,50
"MFU","52193","1678","d10","1","Sardinops sagax",0,"80-2",47.56339,-124.9717983,50,50
"MFU","52193","1678","d10","1","Scomber japonicus",0,"80-2",47.56339,-124.9717983,50,50
"MFU","52193","1678","d10","1","Sebastes entomelas",0,"80-2",47.56339,-124.9717983,50,50
"MFU","52193","1678","d10","1","Stenobrachius leucopsarus",0,"80-2",47.56339,-124.9717983,50,50
"MFU","52193","1678","d10","1","Stenobrachius leucopsarus",0,"80-2",47.56339,-124.9717983,50,50
"MFU","52193","1678","d10","1","Tactostoma macropus",0,"80-2",47.56339,-124.9717983,50,50
"MFU","52193","1678","d10","1","Tarletonbeania crenularis",0,"80-2",47.56339,-124.9717983,50,50
"MFU","52193","1678","d10","1","Tarletonbeania crenularis",0,"80-2",47.56339,-124.9717983,50,50
"MFU","52193","1678","d10","1","Thaleichthys pacificus",0,"80-2",47.56339,-124.9717983,50,50
"MFU","52193","1678","d10","1","Trachurus symmetricus",0,"80-2",47.56339,-124.9717983,50,50
"MFU","52193","1678","d10","1","Trachurus symmetricus",0,"80-2",47.56339,-124.9717983,50,50
"MFU","52193","168","d1","1","Clupea pallasii",0,"29-6",39.062135,-124.2069517,300,300
"MFU","52193","168","d1","1","Engraulis mordax",0,"29-6",39.062135,-124.2069517,300,300
"MFU","52193","168","d1","1","Leuroglossus stilbius",0,"29-6",39.062135,-124.2069517,300,300
"MFU","52193","168","d1","1","Merluccius productus",4915,"29-6",39.062135,-124.2069517,300,300
"MFU","52193","168","d1","1","Merluccius productus",9546,"29-6",39.062135,-124.2069517,300,300
"MFU","52193","168","d1","1","Microstomus pacificus",0,"29-6",39.062135,-124.2069517,300,300
"MFU","52193","168","d1","1","Sardinops sagax",2440,"29-6",39.062135,-124.2069517,300,300
"MFU","52193","168","d1","1","Scomber japonicus",0,"29-6",39.062135,-124.2069517,300,300
"MFU","52193","168","d1","1","Sebastes entomelas",0,"29-6",39.062135,-124.2069517,300,300
"MFU","52193","168","d1","1","Stenobrachius leucopsarus",0,"29-6",39.062135,-124.2069517,300,300
"MFU","52193","168","d1","1","Stenobrachius leucopsarus",0,"29-6",39.062135,-124.2069517,300,300
"MFU","52193","168","d1","1","Tactostoma macropus",0,"29-6",39.062135,-124.2069517,300,300
"MFU","52193","168","d1","1","Tarletonbeania crenularis",0,"29-6",39.062135,-124.2069517,300,300
"MFU","52193","168","d1","1","Tarletonbeania crenularis",2715,"29-6",39.062135,-124.2069517,300,300
"MFU","52193","168","d1","1","Thaleichthys pacificus",0,"29-6",39.062135,-124.2069517,300,300
"MFU","52193","168","d1","1","Trachurus symmetricus",0,"29-6",39.062135,-124.2069517,300,300
"MFU","52193","168","d1","1","Trachurus symmetricus",0,"29-6",39.062135,-124.2069517,300,300
"MFU","52193","1680","d1","1","Clupea pallasii",0,"80-3",47.56287,-125.3432067,0,0
"MFU","52193","1680","d1","1","Engraulis mordax",1790,"80-3",47.56287,-125.3432067,0,0
"MFU","52193","1680","d1","1","Leuroglossus stilbius",0,"80-3",47.56287,-125.3432067,0,0
"MFU","52193","1680","d1","1","Merluccius productus",6754,"80-3",47.56287,-125.3432067,0,0
"MFU","52193","1680","d1","1","Merluccius productus",9355,"80-3",47.56287,-125.3432067,0,0
"MFU","52193","1680","d1","1","Microstomus pacificus",0,"80-3",47.56287,-125.3432067,0,0
"MFU","52193","1680","d1","1","Sardinops sagax",0,"80-3",47.56287,-125.3432067,0,0
"MFU","52193","1680","d1","1","Scomber japonicus",0,"80-3",47.56287,-125.3432067,0,0
"MFU","52193","1680","d1","1","Sebastes entomelas",0,"80-3",47.56287,-125.3432067,0,0
"MFU","52193","1680","d1","1","Stenobrachius leucopsarus",0,"80-3",47.56287,-125.3432067,0,0
"MFU","52193","1680","d1","1","Stenobrachius leucopsarus",0,"80-3",47.56287,-125.3432067,0,0
"MFU","52193","1680","d1","1","Tactostoma macropus",0,"80-3",47.56287,-125.3432067,0,0
"MFU","52193","1680","d1","1","Tarletonbeania crenularis",0,"80-3",47.56287,-125.3432067,0,0
"MFU","52193","1680","d1","1","Tarletonbeania crenularis",1185,"80-3",47.56287,-125.3432067,0,0
"MFU","52193","1680","d1","1","Thaleichthys pacificus",0,"80-3",47.56287,-125.3432067,0,0
"MFU","52193","1680","d1","1","Trachurus symmetricus",0,"80-3",47.56287,-125.3432067,0,0
"MFU","52193","1680","d1","1","Trachurus symmetricus",671,"80-3",47.56287,-125.3432067,0,0
"MFU","52193","1682","d1","1","Clupea pallasii",0,"80-3",47.56287,-125.3432067,500,500
"MFU","52193","1682","d1","1","Engraulis mordax",0,"80-3",47.56287,-125.3432067,500,500
"MFU","52193","1682","d1","1","Leuroglossus stilbius",0,"80-3",47.56287,-125.3432067,500,500
"MFU","52193","1682","d1","1","Merluccius productus",0,"80-3",47.56287,-125.3432067,500,500
"MFU","52193","1682","d1","1","Merluccius productus",0,"80-3",47.56287,-125.3432067,500,500
"MFU","52193","1682","d1","1","Microstomus pacificus",0,"80-3",47.56287,-125.3432067,500,500
"MFU","52193","1682","d1","1","Sardinops sagax",0,"80-3",47.56287,-125.3432067,500,500
"MFU","52193","1682","d1","1","Scomber japonicus",0,"80-3",47.56287,-125.3432067,500,500
"MFU","52193","1682","d1","1","Sebastes entomelas",0,"80-3",47.56287,-125.3432067,500,500
"MFU","52193","1682","d1","1","Stenobrachius leucopsarus",0,"80-3",47.56287,-125.3432067,500,500
"MFU","52193","1682","d1","1","Stenobrachius leucopsarus",0,"80-3",47.56287,-125.3432067,500,500
"MFU","52193","1682","d1","1","Tactostoma macropus",0,"80-3",47.56287,-125.3432067,500,500
"MFU","52193","1682","d1","1","Tarletonbeania crenularis",0,"80-3",47.56287,-125.3432067,500,500
"MFU","52193","1682","d1","1","Tarletonbeania crenularis",0,"80-3",47.56287,-125.3432067,500,500
"MFU","52193","1682","d1","1","Thaleichthys pacificus",0,"80-3",47.56287,-125.3432067,500,500
"MFU","52193","1682","d1","1","Trachurus symmetricus",0,"80-3",47.56287,-125.3432067,500,500
"MFU","52193","1682","d1","1","Trachurus symmetricus",0,"80-3",47.56287,-125.3432067,500,500
"MFU","52193","1682","d10","1","Clupea pallasii",0,"80-3",47.56287,-125.3432067,500,500
"MFU","52193","1682","d10","1","Engraulis mordax",0,"80-3",47.56287,-125.3432067,500,500
"MFU","52193","1682","d10","1","Leuroglossus stilbius",0,"80-3",47.56287,-125.3432067,500,500
"MFU","52193","1682","d10","1","Merluccius productus",0,"80-3",47.56287,-125.3432067,500,500
"MFU","52193","1682","d10","1","Merluccius productus",0,"80-3",47.56287,-125.3432067,500,500
"MFU","52193","1682","d10","1","Microstomus pacificus",0,"80-3",47.56287,-125.3432067,500,500
"MFU","52193","1682","d10","1","Sardinops sagax",0,"80-3",47.56287,-125.3432067,500,500
"MFU","52193","1682","d10","1","Scomber japonicus",0,"80-3",47.56287,-125.3432067,500,500
"MFU","52193","1682","d10","1","Sebastes entomelas",0,"80-3",47.56287,-125.3432067,500,500
"MFU","52193","1682","d10","1","Stenobrachius leucopsarus",0,"80-3",47.56287,-125.3432067,500,500
"MFU","52193","1682","d10","1","Stenobrachius leucopsarus",0,"80-3",47.56287,-125.3432067,500,500
"MFU","52193","1682","d10","1","Tactostoma macropus",0,"80-3",47.56287,-125.3432067,500,500
"MFU","52193","1682","d10","1","Tarletonbeania crenularis",0,"80-3",47.56287,-125.3432067,500,500
"MFU","52193","1682","d10","1","Tarletonbeania crenularis",0,"80-3",47.56287,-125.3432067,500,500
"MFU","52193","1682","d10","1","Thaleichthys pacificus",0,"80-3",47.56287,-125.3432067,500,500
"MFU","52193","1682","d10","1","Trachurus symmetricus",0,"80-3",47.56287,-125.3432067,500,500
"MFU","52193","1682","d10","1","Trachurus symmetricus",0,"80-3",47.56287,-125.3432067,500,500
"MFU","52193","1684","d1","1","Clupea pallasii",0,"80-3",47.56287,-125.3432067,300,300
"MFU","52193","1684","d1","1","Engraulis mordax",0,"80-3",47.56287,-125.3432067,300,300
"MFU","52193","1684","d1","1","Leuroglossus stilbius",0,"80-3",47.56287,-125.3432067,300,300
"MFU","52193","1684","d1","1","Merluccius productus",0,"80-3",47.56287,-125.3432067,300,300
"MFU","52193","1684","d1","1","Merluccius productus",0,"80-3",47.56287,-125.3432067,300,300
"MFU","52193","1684","d1","1","Microstomus pacificus",0,"80-3",47.56287,-125.3432067,300,300
"MFU","52193","1684","d1","1","Sardinops sagax",0,"80-3",47.56287,-125.3432067,300,300
"MFU","52193","1684","d1","1","Scomber japonicus",0,"80-3",47.56287,-125.3432067,300,300
"MFU","52193","1684","d1","1","Sebastes entomelas",0,"80-3",47.56287,-125.3432067,300,300
"MFU","52193","1684","d1","1","Stenobrachius leucopsarus",0,"80-3",47.56287,-125.3432067,300,300
"MFU","52193","1684","d1","1","Stenobrachius leucopsarus",0,"80-3",47.56287,-125.3432067,300,300
"MFU","52193","1684","d1","1","Tactostoma macropus",0,"80-3",47.56287,-125.3432067,300,300
"MFU","52193","1684","d1","1","Tarletonbeania crenularis",0,"80-3",47.56287,-125.3432067,300,300
"MFU","52193","1684","d1","1","Tarletonbeania crenularis",33047,"80-3",47.56287,-125.3432067,300,300
"MFU","52193","1684","d1","1","Thaleichthys pacificus",0,"80-3",47.56287,-125.3432067,300,300
"MFU","52193","1684","d1","1","Trachurus symmetricus",0,"80-3",47.56287,-125.3432067,300,300
"MFU","52193","1684","d1","1","Trachurus symmetricus",0,"80-3",47.56287,-125.3432067,300,300
"MFU","52193","1686","d1","1","Clupea pallasii",0,"80-3",47.56287,-125.3432067,150,150
"MFU","52193","1686","d1","1","Engraulis mordax",0,"80-3",47.56287,-125.3432067,150,150
"MFU","52193","1686","d1","1","Leuroglossus stilbius",0,"80-3",47.56287,-125.3432067,150,150
"MFU","52193","1686","d1","1","Merluccius productus",0,"80-3",47.56287,-125.3432067,150,150
"MFU","52193","1686","d1","1","Merluccius productus",0,"80-3",47.56287,-125.3432067,150,150
"MFU","52193","1686","d1","1","Microstomus pacificus",0,"80-3",47.56287,-125.3432067,150,150
"MFU","52193","1686","d1","1","Sardinops sagax",0,"80-3",47.56287,-125.3432067,150,150
"MFU","52193","1686","d1","1","Scomber japonicus",0,"80-3",47.56287,-125.3432067,150,150
"MFU","52193","1686","d1","1","Sebastes entomelas",0,"80-3",47.56287,-125.3432067,150,150
"MFU","52193","1686","d1","1","Stenobrachius leucopsarus",0,"80-3",47.56287,-125.3432067,150,150
"MFU","52193","1686","d1","1","Stenobrachius leucopsarus",0,"80-3",47.56287,-125.3432067,150,150
"MFU","52193","1686","d1","1","Tactostoma macropus",0,"80-3",47.56287,-125.3432067,150,150
"MFU","52193","1686","d1","1","Tarletonbeania crenularis",0,"80-3",47.56287,-125.3432067,150,150
"MFU","52193","1686","d1","1","Tarletonbeania crenularis",36726,"80-3",47.56287,-125.3432067,150,150
"MFU","52193","1686","d1","1","Thaleichthys pacificus",0,"80-3",47.56287,-125.3432067,150,150
"MFU","52193","1686","d1","1","Trachurus symmetricus",0,"80-3",47.56287,-125.3432067,150,150
"MFU","52193","1686","d1","1","Trachurus symmetricus",0,"80-3",47.56287,-125.3432067,150,150
"MFU","52193","1690","d1","1","Clupea pallasii",0,"80-3",47.56287,-125.3432067,50,50
"MFU","52193","1690","d1","1","Engraulis mordax",0,"80-3",47.56287,-125.3432067,50,50
"MFU","52193","1690","d1","1","Leuroglossus stilbius",0,"80-3",47.56287,-125.3432067,50,50
"MFU","52193","1690","d1","1","Merluccius productus",140,"80-3",47.56287,-125.3432067,50,50
"MFU","52193","1690","d1","1","Merluccius productus",597,"80-3",47.56287,-125.3432067,50,50
"MFU","52193","1690","d1","1","Microstomus pacificus",0,"80-3",47.56287,-125.3432067,50,50
"MFU","52193","1690","d1","1","Sardinops sagax",0,"80-3",47.56287,-125.3432067,50,50
"MFU","52193","1690","d1","1","Scomber japonicus",0,"80-3",47.56287,-125.3432067,50,50
"MFU","52193","1690","d1","1","Sebastes entomelas",0,"80-3",47.56287,-125.3432067,50,50
"MFU","52193","1690","d1","1","Stenobrachius leucopsarus",0,"80-3",47.56287,-125.3432067,50,50
"MFU","52193","1690","d1","1","Stenobrachius leucopsarus",0,"80-3",47.56287,-125.3432067,50,50
"MFU","52193","1690","d1","1","Tactostoma macropus",0,"80-3",47.56287,-125.3432067,50,50
"MFU","52193","1690","d1","1","Tarletonbeania crenularis",0,"80-3",47.56287,-125.3432067,50,50
"MFU","52193","1690","d1","1","Tarletonbeania crenularis",0,"80-3",47.56287,-125.3432067,50,50
"MFU","52193","1690","d1","1","Thaleichthys pacificus",0,"80-3",47.56287,-125.3432067,50,50
"MFU","52193","1690","d1","1","Trachurus symmetricus",0,"80-3",47.56287,-125.3432067,50,50
"MFU","52193","1690","d1","1","Trachurus symmetricus",360,"80-3",47.56287,-125.3432067,50,50
"MFU","52193","1690","d10","1","Clupea pallasii",0,"80-3",47.56287,-125.3432067,50,50
"MFU","52193","1690","d10","1","Engraulis mordax",0,"80-3",47.56287,-125.3432067,50,50
"MFU","52193","1690","d10","1","Leuroglossus stilbius",0,"80-3",47.56287,-125.3432067,50,50
"MFU","52193","1690","d10","1","Merluccius productus",452,"80-3",47.56287,-125.3432067,50,50
"MFU","52193","1690","d10","1","Merluccius productus",0,"80-3",47.56287,-125.3432067,50,50
"MFU","52193","1690","d10","1","Microstomus pacificus",0,"80-3",47.56287,-125.3432067,50,50
"MFU","52193","1690","d10","1","Sardinops sagax",0,"80-3",47.56287,-125.3432067,50,50
"MFU","52193","1690","d10","1","Scomber japonicus",0,"80-3",47.56287,-125.3432067,50,50
"MFU","52193","1690","d10","1","Sebastes entomelas",0,"80-3",47.56287,-125.3432067,50,50
"MFU","52193","1690","d10","1","Stenobrachius leucopsarus",0,"80-3",47.56287,-125.3432067,50,50
"MFU","52193","1690","d10","1","Stenobrachius leucopsarus",0,"80-3",47.56287,-125.3432067,50,50
"MFU","52193","1690","d10","1","Tactostoma macropus",0,"80-3",47.56287,-125.3432067,50,50
"MFU","52193","1690","d10","1","Tarletonbeania crenularis",0,"80-3",47.56287,-125.3432067,50,50
"MFU","52193","1690","d10","1","Tarletonbeania crenularis",0,"80-3",47.56287,-125.3432067,50,50
"MFU","52193","1690","d10","1","Thaleichthys pacificus",0,"80-3",47.56287,-125.3432067,50,50
"MFU","52193","1690","d10","1","Trachurus symmetricus",0,"80-3",47.56287,-125.3432067,50,50
"MFU","52193","1690","d10","1","Trachurus symmetricus",0,"80-3",47.56287,-125.3432067,50,50
"MFU","52193","1694","d1","1","Clupea pallasii",124,"78-MT506",47.230795,-124.907885,0,0
"MFU","52193","1694","d1","1","Engraulis mordax",12910,"78-MT506",47.230795,-124.907885,0,0
"MFU","52193","1694","d1","1","Leuroglossus stilbius",0,"78-MT506",47.230795,-124.907885,0,0
"MFU","52193","1694","d1","1","Merluccius productus",0,"78-MT506",47.230795,-124.907885,0,0
"MFU","52193","1694","d1","1","Merluccius productus",0,"78-MT506",47.230795,-124.907885,0,0
"MFU","52193","1694","d1","1","Microstomus pacificus",0,"78-MT506",47.230795,-124.907885,0,0
"MFU","52193","1694","d1","1","Sardinops sagax",0,"78-MT506",47.230795,-124.907885,0,0
"MFU","52193","1694","d1","1","Scomber japonicus",0,"78-MT506",47.230795,-124.907885,0,0
"MFU","52193","1694","d1","1","Sebastes entomelas",0,"78-MT506",47.230795,-124.907885,0,0
"MFU","52193","1694","d1","1","Stenobrachius leucopsarus",0,"78-MT506",47.230795,-124.907885,0,0
"MFU","52193","1694","d1","1","Stenobrachius leucopsarus",0,"78-MT506",47.230795,-124.907885,0,0
"MFU","52193","1694","d1","1","Tactostoma macropus",5,"78-MT506",47.230795,-124.907885,0,0
"MFU","52193","1694","d1","1","Tarletonbeania crenularis",0,"78-MT506",47.230795,-124.907885,0,0
"MFU","52193","1694","d1","1","Tarletonbeania crenularis",441,"78-MT506",47.230795,-124.907885,0,0
"MFU","52193","1694","d1","1","Thaleichthys pacificus",0,"78-MT506",47.230795,-124.907885,0,0
"MFU","52193","1694","d1","1","Trachurus symmetricus",0,"78-MT506",47.230795,-124.907885,0,0
"MFU","52193","1694","d1","1","Trachurus symmetricus",0,"78-MT506",47.230795,-124.907885,0,0
"MFU","52193","1696","d1","1","Clupea pallasii",0,"78-MT506",47.230795,-124.907885,500,500
"MFU","52193","1696","d1","1","Engraulis mordax",0,"78-MT506",47.230795,-124.907885,500,500
"MFU","52193","1696","d1","1","Leuroglossus stilbius",0,"78-MT506",47.230795,-124.907885,500,500
"MFU","52193","1696","d1","1","Merluccius productus",0,"78-MT506",47.230795,-124.907885,500,500
"MFU","52193","1696","d1","1","Merluccius productus",7603,"78-MT506",47.230795,-124.907885,500,500
"MFU","52193","1696","d1","1","Microstomus pacificus",3031,"78-MT506",47.230795,-124.907885,500,500
"MFU","52193","1696","d1","1","Sardinops sagax",0,"78-MT506",47.230795,-124.907885,500,500
"MFU","52193","1696","d1","1","Scomber japonicus",0,"78-MT506",47.230795,-124.907885,500,500
"MFU","52193","1696","d1","1","Sebastes entomelas",0,"78-MT506",47.230795,-124.907885,500,500
"MFU","52193","1696","d1","1","Stenobrachius leucopsarus",0,"78-MT506",47.230795,-124.907885,500,500
"MFU","52193","1696","d1","1","Stenobrachius leucopsarus",11003,"78-MT506",47.230795,-124.907885,500,500
"MFU","52193","1696","d1","1","Tactostoma macropus",0,"78-MT506",47.230795,-124.907885,500,500
"MFU","52193","1696","d1","1","Tarletonbeania crenularis",0,"78-MT506",47.230795,-124.907885,500,500
"MFU","52193","1696","d1","1","Tarletonbeania crenularis",0,"78-MT506",47.230795,-124.907885,500,500
"MFU","52193","1696","d1","1","Thaleichthys pacificus",0,"78-MT506",47.230795,-124.907885,500,500
"MFU","52193","1696","d1","1","Trachurus symmetricus",0,"78-MT506",47.230795,-124.907885,500,500
"MFU","52193","1696","d1","1","Trachurus symmetricus",0,"78-MT506",47.230795,-124.907885,500,500
"MFU","52193","1698","d1","1","Clupea pallasii",0,"78-MT506",47.230795,-124.907885,300,300
"MFU","52193","1698","d1","1","Engraulis mordax",0,"78-MT506",47.230795,-124.907885,300,300
"MFU","52193","1698","d1","1","Leuroglossus stilbius",0,"78-MT506",47.230795,-124.907885,300,300
"MFU","52193","1698","d1","1","Merluccius productus",0,"78-MT506",47.230795,-124.907885,300,300
"MFU","52193","1698","d1","1","Merluccius productus",10484,"78-MT506",47.230795,-124.907885,300,300
"MFU","52193","1698","d1","1","Microstomus pacificus",0,"78-MT506",47.230795,-124.907885,300,300
"MFU","52193","1698","d1","1","Sardinops sagax",0,"78-MT506",47.230795,-124.907885,300,300
"MFU","52193","1698","d1","1","Scomber japonicus",0,"78-MT506",47.230795,-124.907885,300,300
"MFU","52193","1698","d1","1","Sebastes entomelas",0,"78-MT506",47.230795,-124.907885,300,300
"MFU","52193","1698","d1","1","Stenobrachius leucopsarus",0,"78-MT506",47.230795,-124.907885,300,300
"MFU","52193","1698","d1","1","Stenobrachius leucopsarus",0,"78-MT506",47.230795,-124.907885,300,300
"MFU","52193","1698","d1","1","Tactostoma macropus",0,"78-MT506",47.230795,-124.907885,300,300
"MFU","52193","1698","d1","1","Tarletonbeania crenularis",0,"78-MT506",47.230795,-124.907885,300,300
"MFU","52193","1698","d1","1","Tarletonbeania crenularis",0,"78-MT506",47.230795,-124.907885,300,300
"MFU","52193","1698","d1","1","Thaleichthys pacificus",0,"78-MT506",47.230795,-124.907885,300,300
"MFU","52193","1698","d1","1","Trachurus symmetricus",0,"78-MT506",47.230795,-124.907885,300,300
"MFU","52193","1698","d1","1","Trachurus symmetricus",0,"78-MT506",47.230795,-124.907885,300,300
"MFU","52193","17","d10","1","Clupea pallasii",5526,"23-1",38.06400667,-123.0163683,0,0
"MFU","52193","17","d10","1","Engraulis mordax",19987,"23-1",38.06400667,-123.0163683,0,0
"MFU","52193","17","d10","1","Leuroglossus stilbius",0,"23-1",38.06400667,-123.0163683,0,0
"MFU","52193","17","d10","1","Merluccius productus",0,"23-1",38.06400667,-123.0163683,0,0
"MFU","52193","17","d10","1","Merluccius productus",0,"23-1",38.06400667,-123.0163683,0,0
"MFU","52193","17","d10","1","Microstomus pacificus",0,"23-1",38.06400667,-123.0163683,0,0
"MFU","52193","17","d10","1","Sardinops sagax",0,"23-1",38.06400667,-123.0163683,0,0
"MFU","52193","17","d10","1","Scomber japonicus",0,"23-1",38.06400667,-123.0163683,0,0
"MFU","52193","17","d10","1","Sebastes entomelas",0,"23-1",38.06400667,-123.0163683,0,0
"MFU","52193","17","d10","1","Stenobrachius leucopsarus",0,"23-1",38.06400667,-123.0163683,0,0
"MFU","52193","17","d10","1","Stenobrachius leucopsarus",0,"23-1",38.06400667,-123.0163683,0,0
"MFU","52193","17","d10","1","Tactostoma macropus",0,"23-1",38.06400667,-123.0163683,0,0
"MFU","52193","17","d10","1","Tarletonbeania crenularis",0,"23-1",38.06400667,-123.0163683,0,0
"MFU","52193","17","d10","1","Tarletonbeania crenularis",0,"23-1",38.06400667,-123.0163683,0,0
"MFU","52193","17","d10","1","Thaleichthys pacificus",0,"23-1",38.06400667,-123.0163683,0,0
"MFU","52193","17","d10","1","Trachurus symmetricus",0,"23-1",38.06400667,-123.0163683,0,0
"MFU","52193","17","d10","1","Trachurus symmetricus",0,"23-1",38.06400667,-123.0163683,0,0
"MFU","52193","170","d1","1","Clupea pallasii",1347,"29-6",39.062135,-124.2069517,150,150
"MFU","52193","170","d1","1","Engraulis mordax",0,"29-6",39.062135,-124.2069517,150,150
"MFU","52193","170","d1","1","Leuroglossus stilbius",0,"29-6",39.062135,-124.2069517,150,150
"MFU","52193","170","d1","1","Merluccius productus",3953,"29-6",39.062135,-124.2069517,150,150
"MFU","52193","170","d1","1","Merluccius productus",49857,"29-6",39.062135,-124.2069517,150,150
"MFU","52193","170","d1","1","Microstomus pacificus",0,"29-6",39.062135,-124.2069517,150,150
"MFU","52193","170","d1","1","Sardinops sagax",691,"29-6",39.062135,-124.2069517,150,150
"MFU","52193","170","d1","1","Scomber japonicus",0,"29-6",39.062135,-124.2069517,150,150
"MFU","52193","170","d1","1","Sebastes entomelas",0,"29-6",39.062135,-124.2069517,150,150
"MFU","52193","170","d1","1","Stenobrachius leucopsarus",0,"29-6",39.062135,-124.2069517,150,150
"MFU","52193","170","d1","1","Stenobrachius leucopsarus",0,"29-6",39.062135,-124.2069517,150,150
"MFU","52193","170","d1","1","Tactostoma macropus",0,"29-6",39.062135,-124.2069517,150,150
"MFU","52193","170","d1","1","Tarletonbeania crenularis",0,"29-6",39.062135,-124.2069517,150,150
"MFU","52193","170","d1","1","Tarletonbeania crenularis",2411,"29-6",39.062135,-124.2069517,150,150
"MFU","52193","170","d1","1","Thaleichthys pacificus",0,"29-6",39.062135,-124.2069517,150,150
"MFU","52193","170","d1","1","Trachurus symmetricus",0,"29-6",39.062135,-124.2069517,150,150
"MFU","52193","170","d1","1","Trachurus symmetricus",1814,"29-6",39.062135,-124.2069517,150,150
"MFU","52193","1700","d1","1","Clupea pallasii",8402,"78-MT506",47.230795,-124.907885,150,150
"MFU","52193","1700","d1","1","Engraulis mordax",0,"78-MT506",47.230795,-124.907885,150,150
"MFU","52193","1700","d1","1","Leuroglossus stilbius",0,"78-MT506",47.230795,-124.907885,150,150
"MFU","52193","1700","d1","1","Merluccius productus",6008,"78-MT506",47.230795,-124.907885,150,150
"MFU","52193","1700","d1","1","Merluccius productus",49035,"78-MT506",47.230795,-124.907885,150,150
"MFU","52193","1700","d1","1","Microstomus pacificus",0,"78-MT506",47.230795,-124.907885,150,150
"MFU","52193","1700","d1","1","Sardinops sagax",4426,"78-MT506",47.230795,-124.907885,150,150
"MFU","52193","1700","d1","1","Scomber japonicus",0,"78-MT506",47.230795,-124.907885,150,150
"MFU","52193","1700","d1","1","Sebastes entomelas",0,"78-MT506",47.230795,-124.907885,150,150
"MFU","52193","1700","d1","1","Stenobrachius leucopsarus",0,"78-MT506",47.230795,-124.907885,150,150
"MFU","52193","1700","d1","1","Stenobrachius leucopsarus",0,"78-MT506",47.230795,-124.907885,150,150
"MFU","52193","1700","d1","1","Tactostoma macropus",0,"78-MT506",47.230795,-124.907885,150,150
"MFU","52193","1700","d1","1","Tarletonbeania crenularis",0,"78-MT506",47.230795,-124.907885,150,150
"MFU","52193","1700","d1","1","Tarletonbeania crenularis",0,"78-MT506",47.230795,-124.907885,150,150
"MFU","52193","1700","d1","1","Thaleichthys pacificus",0,"78-MT506",47.230795,-124.907885,150,150
"MFU","52193","1700","d1","1","Trachurus symmetricus",0,"78-MT506",47.230795,-124.907885,150,150
"MFU","52193","1700","d1","1","Trachurus symmetricus",0,"78-MT506",47.230795,-124.907885,150,150
"MFU","52193","1704","d1","1","Clupea pallasii",732,"78-MT506",47.230795,-124.907885,50,50
"MFU","52193","1704","d1","1","Engraulis mordax",0,"78-MT506",47.230795,-124.907885,50,50
"MFU","52193","1704","d1","1","Leuroglossus stilbius",0,"78-MT506",47.230795,-124.907885,50,50
"MFU","52193","1704","d1","1","Merluccius productus",0,"78-MT506",47.230795,-124.907885,50,50
"MFU","52193","1704","d1","1","Merluccius productus",372,"78-MT506",47.230795,-124.907885,50,50
"MFU","52193","1704","d1","1","Microstomus pacificus",0,"78-MT506",47.230795,-124.907885,50,50
"MFU","52193","1704","d1","1","Sardinops sagax",0,"78-MT506",47.230795,-124.907885,50,50
"MFU","52193","1704","d1","1","Scomber japonicus",0,"78-MT506",47.230795,-124.907885,50,50
"MFU","52193","1704","d1","1","Sebastes entomelas",1715,"78-MT506",47.230795,-124.907885,50,50
"MFU","52193","1704","d1","1","Stenobrachius leucopsarus",0,"78-MT506",47.230795,-124.907885,50,50
"MFU","52193","1704","d1","1","Stenobrachius leucopsarus",1598,"78-MT506",47.230795,-124.907885,50,50
"MFU","52193","1704","d1","1","Tactostoma macropus",0,"78-MT506",47.230795,-124.907885,50,50
"MFU","52193","1704","d1","1","Tarletonbeania crenularis",0,"78-MT506",47.230795,-124.907885,50,50
"MFU","52193","1704","d1","1","Tarletonbeania crenularis",0,"78-MT506",47.230795,-124.907885,50,50
"MFU","52193","1704","d1","1","Thaleichthys pacificus",0,"78-MT506",47.230795,-124.907885,50,50
"MFU","52193","1704","d1","1","Trachurus symmetricus",0,"78-MT506",47.230795,-124.907885,50,50
"MFU","52193","1704","d1","1","Trachurus symmetricus",0,"78-MT506",47.230795,-124.907885,50,50
"MFU","52193","1704","d10","1","Clupea pallasii",0,"78-MT506",47.230795,-124.907885,50,50
"MFU","52193","1704","d10","1","Engraulis mordax",0,"78-MT506",47.230795,-124.907885,50,50
"MFU","52193","1704","d10","1","Leuroglossus stilbius",0,"78-MT506",47.230795,-124.907885,50,50
"MFU","52193","1704","d10","1","Merluccius productus",0,"78-MT506",47.230795,-124.907885,50,50
"MFU","52193","1704","d10","1","Merluccius productus",0,"78-MT506",47.230795,-124.907885,50,50
"MFU","52193","1704","d10","1","Microstomus pacificus",0,"78-MT506",47.230795,-124.907885,50,50
"MFU","52193","1704","d10","1","Sardinops sagax",0,"78-MT506",47.230795,-124.907885,50,50
"MFU","52193","1704","d10","1","Scomber japonicus",0,"78-MT506",47.230795,-124.907885,50,50
"MFU","52193","1704","d10","1","Sebastes entomelas",0,"78-MT506",47.230795,-124.907885,50,50
"MFU","52193","1704","d10","1","Stenobrachius leucopsarus",0,"78-MT506",47.230795,-124.907885,50,50
"MFU","52193","1704","d10","1","Stenobrachius leucopsarus",0,"78-MT506",47.230795,-124.907885,50,50
"MFU","52193","1704","d10","1","Tactostoma macropus",0,"78-MT506",47.230795,-124.907885,50,50
"MFU","52193","1704","d10","1","Tarletonbeania crenularis",0,"78-MT506",47.230795,-124.907885,50,50
"MFU","52193","1704","d10","1","Tarletonbeania crenularis",0,"78-MT506",47.230795,-124.907885,50,50
"MFU","52193","1704","d10","1","Thaleichthys pacificus",0,"78-MT506",47.230795,-124.907885,50,50
"MFU","52193","1704","d10","1","Trachurus symmetricus",0,"78-MT506",47.230795,-124.907885,50,50
"MFU","52193","1704","d10","1","Trachurus symmetricus",0,"78-MT506",47.230795,-124.907885,50,50
"MFU","52193","1706","d10","1","Clupea pallasii",0,"77-MT505",47.06359167,-124.96781,0,0
"MFU","52193","1706","d10","1","Engraulis mordax",0,"77-MT505",47.06359167,-124.96781,0,0
"MFU","52193","1706","d10","1","Leuroglossus stilbius",0,"77-MT505",47.06359167,-124.96781,0,0
"MFU","52193","1706","d10","1","Merluccius productus",0,"77-MT505",47.06359167,-124.96781,0,0
"MFU","52193","1706","d10","1","Merluccius productus",0,"77-MT505",47.06359167,-124.96781,0,0
"MFU","52193","1706","d10","1","Microstomus pacificus",0,"77-MT505",47.06359167,-124.96781,0,0
"MFU","52193","1706","d10","1","Sardinops sagax",0,"77-MT505",47.06359167,-124.96781,0,0
"MFU","52193","1706","d10","1","Scomber japonicus",0,"77-MT505",47.06359167,-124.96781,0,0
"MFU","52193","1706","d10","1","Sebastes entomelas",0,"77-MT505",47.06359167,-124.96781,0,0
"MFU","52193","1706","d10","1","Stenobrachius leucopsarus",0,"77-MT505",47.06359167,-124.96781,0,0
"MFU","52193","1706","d10","1","Stenobrachius leucopsarus",0,"77-MT505",47.06359167,-124.96781,0,0
"MFU","52193","1706","d10","1","Tactostoma macropus",0,"77-MT505",47.06359167,-124.96781,0,0
"MFU","52193","1706","d10","1","Tarletonbeania crenularis",0,"77-MT505",47.06359167,-124.96781,0,0
"MFU","52193","1706","d10","1","Tarletonbeania crenularis",42369,"77-MT505",47.06359167,-124.96781,0,0
"MFU","52193","1706","d10","1","Thaleichthys pacificus",0,"77-MT505",47.06359167,-124.96781,0,0
"MFU","52193","1706","d10","1","Trachurus symmetricus",0,"77-MT505",47.06359167,-124.96781,0,0
"MFU","52193","1706","d10","1","Trachurus symmetricus",7245,"77-MT505",47.06359167,-124.96781,0,0
"MFU","52193","1716","d1","1","Clupea pallasii",0,"77-MT505",47.06359167,-124.96781,50,50
"MFU","52193","1716","d1","1","Engraulis mordax",0,"77-MT505",47.06359167,-124.96781,50,50
"MFU","52193","1716","d1","1","Leuroglossus stilbius",0,"77-MT505",47.06359167,-124.96781,50,50
"MFU","52193","1716","d1","1","Merluccius productus",0,"77-MT505",47.06359167,-124.96781,50,50
"MFU","52193","1716","d1","1","Merluccius productus",0,"77-MT505",47.06359167,-124.96781,50,50
"MFU","52193","1716","d1","1","Microstomus pacificus",0,"77-MT505",47.06359167,-124.96781,50,50
"MFU","52193","1716","d1","1","Sardinops sagax",0,"77-MT505",47.06359167,-124.96781,50,50
"MFU","52193","1716","d1","1","Scomber japonicus",0,"77-MT505",47.06359167,-124.96781,50,50
"MFU","52193","1716","d1","1","Sebastes entomelas",0,"77-MT505",47.06359167,-124.96781,50,50
"MFU","52193","1716","d1","1","Stenobrachius leucopsarus",0,"77-MT505",47.06359167,-124.96781,50,50
"MFU","52193","1716","d1","1","Stenobrachius leucopsarus",0,"77-MT505",47.06359167,-124.96781,50,50
"MFU","52193","1716","d1","1","Tactostoma macropus",0,"77-MT505",47.06359167,-124.96781,50,50
"MFU","52193","1716","d1","1","Tarletonbeania crenularis",0,"77-MT505",47.06359167,-124.96781,50,50
"MFU","52193","1716","d1","1","Tarletonbeania crenularis",0,"77-MT505",47.06359167,-124.96781,50,50
"MFU","52193","1716","d1","1","Thaleichthys pacificus",0,"77-MT505",47.06359167,-124.96781,50,50
"MFU","52193","1716","d1","1","Trachurus symmetricus",0,"77-MT505",47.06359167,-124.96781,50,50
"MFU","52193","1716","d1","1","Trachurus symmetricus",0,"77-MT505",47.06359167,-124.96781,50,50
"MFU","52193","1716","d10","1","Clupea pallasii",0,"77-MT505",47.06359167,-124.96781,50,50
"MFU","52193","1716","d10","1","Engraulis mordax",0,"77-MT505",47.06359167,-124.96781,50,50
"MFU","52193","1716","d10","1","Leuroglossus stilbius",0,"77-MT505",47.06359167,-124.96781,50,50
"MFU","52193","1716","d10","1","Merluccius productus",1124,"77-MT505",47.06359167,-124.96781,50,50
"MFU","52193","1716","d10","1","Merluccius productus",0,"77-MT505",47.06359167,-124.96781,50,50
"MFU","52193","1716","d10","1","Microstomus pacificus",0,"77-MT505",47.06359167,-124.96781,50,50
"MFU","52193","1716","d10","1","Sardinops sagax",0,"77-MT505",47.06359167,-124.96781,50,50
"MFU","52193","1716","d10","1","Scomber japonicus",0,"77-MT505",47.06359167,-124.96781,50,50
"MFU","52193","1716","d10","1","Sebastes entomelas",0,"77-MT505",47.06359167,-124.96781,50,50
"MFU","52193","1716","d10","1","Stenobrachius leucopsarus",0,"77-MT505",47.06359167,-124.96781,50,50
"MFU","52193","1716","d10","1","Stenobrachius leucopsarus",0,"77-MT505",47.06359167,-124.96781,50,50
"MFU","52193","1716","d10","1","Tactostoma macropus",0,"77-MT505",47.06359167,-124.96781,50,50
"MFU","52193","1716","d10","1","Tarletonbeania crenularis",0,"77-MT505",47.06359167,-124.96781,50,50
"MFU","52193","1716","d10","1","Tarletonbeania crenularis",0,"77-MT505",47.06359167,-124.96781,50,50
"MFU","52193","1716","d10","1","Thaleichthys pacificus",0,"77-MT505",47.06359167,-124.96781,50,50
"MFU","52193","1716","d10","1","Trachurus symmetricus",0,"77-MT505",47.06359167,-124.96781,50,50
"MFU","52193","1716","d10","1","Trachurus symmetricus",0,"77-MT505",47.06359167,-124.96781,50,50
"MFU","52193","1721","d10","1","Clupea pallasii",292,"81-1",47.72953333,-124.680385,48,50
"MFU","52193","1721","d10","1","Engraulis mordax",0,"81-1",47.72953333,-124.680385,48,50
"MFU","52193","1721","d10","1","Leuroglossus stilbius",0,"81-1",47.72953333,-124.680385,48,50
"MFU","52193","1721","d10","1","Merluccius productus",0,"81-1",47.72953333,-124.680385,48,50
"MFU","52193","1721","d10","1","Merluccius productus",0,"81-1",47.72953333,-124.680385,48,50
"MFU","52193","1721","d10","1","Microstomus pacificus",0,"81-1",47.72953333,-124.680385,48,50
"MFU","52193","1721","d10","1","Sardinops sagax",0,"81-1",47.72953333,-124.680385,48,50
"MFU","52193","1721","d10","1","Scomber japonicus",0,"81-1",47.72953333,-124.680385,48,50
"MFU","52193","1721","d10","1","Sebastes entomelas",0,"81-1",47.72953333,-124.680385,48,50
"MFU","52193","1721","d10","1","Stenobrachius leucopsarus",0,"81-1",47.72953333,-124.680385,48,50
"MFU","52193","1721","d10","1","Stenobrachius leucopsarus",0,"81-1",47.72953333,-124.680385,48,50
"MFU","52193","1721","d10","1","Tactostoma macropus",0,"81-1",47.72953333,-124.680385,48,50
"MFU","52193","1721","d10","1","Tarletonbeania crenularis",0,"81-1",47.72953333,-124.680385,48,50
"MFU","52193","1721","d10","1","Tarletonbeania crenularis",0,"81-1",47.72953333,-124.680385,48,50
"MFU","52193","1721","d10","1","Thaleichthys pacificus",0,"81-1",47.72953333,-124.680385,48,50
"MFU","52193","1721","d10","1","Trachurus symmetricus",0,"81-1",47.72953333,-124.680385,48,50
"MFU","52193","1721","d10","1","Trachurus symmetricus",0,"81-1",47.72953333,-124.680385,48,50
"MFU","52193","1725","d10","1","Clupea pallasii",0,"81-1",47.72953333,-124.680385,3,0
"MFU","52193","1725","d10","1","Engraulis mordax",0,"81-1",47.72953333,-124.680385,3,0
"MFU","52193","1725","d10","1","Leuroglossus stilbius",0,"81-1",47.72953333,-124.680385,3,0
"MFU","52193","1725","d10","1","Merluccius productus",0,"81-1",47.72953333,-124.680385,3,0
"MFU","52193","1725","d10","1","Merluccius productus",659,"81-1",47.72953333,-124.680385,3,0
"MFU","52193","1725","d10","1","Microstomus pacificus",0,"81-1",47.72953333,-124.680385,3,0
"MFU","52193","1725","d10","1","Sardinops sagax",0,"81-1",47.72953333,-124.680385,3,0
"MFU","52193","1725","d10","1","Scomber japonicus",0,"81-1",47.72953333,-124.680385,3,0
"MFU","52193","1725","d10","1","Sebastes entomelas",0,"81-1",47.72953333,-124.680385,3,0
"MFU","52193","1725","d10","1","Stenobrachius leucopsarus",0,"81-1",47.72953333,-124.680385,3,0
"MFU","52193","1725","d10","1","Stenobrachius leucopsarus",0,"81-1",47.72953333,-124.680385,3,0
"MFU","52193","1725","d10","1","Tactostoma macropus",0,"81-1",47.72953333,-124.680385,3,0
"MFU","52193","1725","d10","1","Tarletonbeania crenularis",0,"81-1",47.72953333,-124.680385,3,0
"MFU","52193","1725","d10","1","Tarletonbeania crenularis",0,"81-1",47.72953333,-124.680385,3,0
"MFU","52193","1725","d10","1","Thaleichthys pacificus",0,"81-1",47.72953333,-124.680385,3,0
"MFU","52193","1725","d10","1","Trachurus symmetricus",0,"81-1",47.72953333,-124.680385,3,0
"MFU","52193","1725","d10","1","Trachurus symmetricus",0,"81-1",47.72953333,-124.680385,3,0
"MFU","52193","1728","d10","1","Clupea pallasii",0,"81-2",47.730645,-125.023395,0,0
"MFU","52193","1728","d10","1","Engraulis mordax",25795,"81-2",47.730645,-125.023395,0,0
"MFU","52193","1728","d10","1","Leuroglossus stilbius",0,"81-2",47.730645,-125.023395,0,0
"MFU","52193","1728","d10","1","Merluccius productus",0,"81-2",47.730645,-125.023395,0,0
"MFU","52193","1728","d10","1","Merluccius productus",2004,"81-2",47.730645,-125.023395,0,0
"MFU","52193","1728","d10","1","Microstomus pacificus",0,"81-2",47.730645,-125.023395,0,0
"MFU","52193","1728","d10","1","Sardinops sagax",0,"81-2",47.730645,-125.023395,0,0
"MFU","52193","1728","d10","1","Scomber japonicus",0,"81-2",47.730645,-125.023395,0,0
"MFU","52193","1728","d10","1","Sebastes entomelas",0,"81-2",47.730645,-125.023395,0,0
"MFU","52193","1728","d10","1","Stenobrachius leucopsarus",0,"81-2",47.730645,-125.023395,0,0
"MFU","52193","1728","d10","1","Stenobrachius leucopsarus",3081,"81-2",47.730645,-125.023395,0,0
"MFU","52193","1728","d10","1","Tactostoma macropus",0,"81-2",47.730645,-125.023395,0,0
"MFU","52193","1728","d10","1","Tarletonbeania crenularis",0,"81-2",47.730645,-125.023395,0,0
"MFU","52193","1728","d10","1","Tarletonbeania crenularis",3179,"81-2",47.730645,-125.023395,0,0
"MFU","52193","1728","d10","1","Thaleichthys pacificus",0,"81-2",47.730645,-125.023395,0,0
"MFU","52193","1728","d10","1","Trachurus symmetricus",0,"81-2",47.730645,-125.023395,0,0
"MFU","52193","1728","d10","1","Trachurus symmetricus",0,"81-2",47.730645,-125.023395,0,0
"MFU","52193","1733","d1","1","Clupea pallasii",0,"81-2",47.730645,-125.023395,50,50
"MFU","52193","1733","d1","1","Engraulis mordax",0,"81-2",47.730645,-125.023395,50,50
"MFU","52193","1733","d1","1","Leuroglossus stilbius",0,"81-2",47.730645,-125.023395,50,50
"MFU","52193","1733","d1","1","Merluccius productus",0,"81-2",47.730645,-125.023395,50,50
"MFU","52193","1733","d1","1","Merluccius productus",1460,"81-2",47.730645,-125.023395,50,50
"MFU","52193","1733","d1","1","Microstomus pacificus",0,"81-2",47.730645,-125.023395,50,50
"MFU","52193","1733","d1","1","Sardinops sagax",0,"81-2",47.730645,-125.023395,50,50
"MFU","52193","1733","d1","1","Scomber japonicus",0,"81-2",47.730645,-125.023395,50,50
"MFU","52193","1733","d1","1","Sebastes entomelas",0,"81-2",47.730645,-125.023395,50,50
"MFU","52193","1733","d1","1","Stenobrachius leucopsarus",0,"81-2",47.730645,-125.023395,50,50
"MFU","52193","1733","d1","1","Stenobrachius leucopsarus",0,"81-2",47.730645,-125.023395,50,50
"MFU","52193","1733","d1","1","Tactostoma macropus",0,"81-2",47.730645,-125.023395,50,50
"MFU","52193","1733","d1","1","Tarletonbeania crenularis",0,"81-2",47.730645,-125.023395,50,50
"MFU","52193","1733","d1","1","Tarletonbeania crenularis",0,"81-2",47.730645,-125.023395,50,50
"MFU","52193","1733","d1","1","Thaleichthys pacificus",0,"81-2",47.730645,-125.023395,50,50
"MFU","52193","1733","d1","1","Trachurus symmetricus",0,"81-2",47.730645,-125.023395,50,50
"MFU","52193","1733","d1","1","Trachurus symmetricus",0,"81-2",47.730645,-125.023395,50,50
"MFU","52193","1735","d5","1","Clupea pallasii",2099,"81-3",47.73076667,-125.1019,0,0
"MFU","52193","1735","d5","1","Engraulis mordax",39307,"81-3",47.73076667,-125.1019,0,0
"MFU","52193","1735","d5","1","Leuroglossus stilbius",0,"81-3",47.73076667,-125.1019,0,0
"MFU","52193","1735","d5","1","Merluccius productus",0,"81-3",47.73076667,-125.1019,0,0
"MFU","52193","1735","d5","1","Merluccius productus",2186,"81-3",47.73076667,-125.1019,0,0
"MFU","52193","1735","d5","1","Microstomus pacificus",0,"81-3",47.73076667,-125.1019,0,0
"MFU","52193","1735","d5","1","Sardinops sagax",0,"81-3",47.73076667,-125.1019,0,0
"MFU","52193","1735","d5","1","Scomber japonicus",0,"81-3",47.73076667,-125.1019,0,0
"MFU","52193","1735","d5","1","Sebastes entomelas",0,"81-3",47.73076667,-125.1019,0,0
"MFU","52193","1735","d5","1","Stenobrachius leucopsarus",0,"81-3",47.73076667,-125.1019,0,0
"MFU","52193","1735","d5","1","Stenobrachius leucopsarus",0,"81-3",47.73076667,-125.1019,0,0
"MFU","52193","1735","d5","1","Tactostoma macropus",0,"81-3",47.73076667,-125.1019,0,0
"MFU","52193","1735","d5","1","Tarletonbeania crenularis",0,"81-3",47.73076667,-125.1019,0,0
"MFU","52193","1735","d5","1","Tarletonbeania crenularis",178596,"81-3",47.73076667,-125.1019,0,0
"MFU","52193","1735","d5","1","Thaleichthys pacificus",0,"81-3",47.73076667,-125.1019,0,0
"MFU","52193","1735","d5","1","Trachurus symmetricus",0,"81-3",47.73076667,-125.1019,0,0
"MFU","52193","1735","d5","1","Trachurus symmetricus",0,"81-3",47.73076667,-125.1019,0,0
"MFU","52193","174","d10","1","Clupea pallasii",0,"29-6",39.062135,-124.2069517,50,50
"MFU","52193","174","d10","1","Engraulis mordax",0,"29-6",39.062135,-124.2069517,50,50
"MFU","52193","174","d10","1","Leuroglossus stilbius",0,"29-6",39.062135,-124.2069517,50,50
"MFU","52193","174","d10","1","Merluccius productus",0,"29-6",39.062135,-124.2069517,50,50
"MFU","52193","174","d10","1","Merluccius productus",0,"29-6",39.062135,-124.2069517,50,50
"MFU","52193","174","d10","1","Microstomus pacificus",0,"29-6",39.062135,-124.2069517,50,50
"MFU","52193","174","d10","1","Sardinops sagax",0,"29-6",39.062135,-124.2069517,50,50
"MFU","52193","174","d10","1","Scomber japonicus",0,"29-6",39.062135,-124.2069517,50,50
"MFU","52193","174","d10","1","Sebastes entomelas",0,"29-6",39.062135,-124.2069517,50,50
"MFU","52193","174","d10","1","Stenobrachius leucopsarus",0,"29-6",39.062135,-124.2069517,50,50
"MFU","52193","174","d10","1","Stenobrachius leucopsarus",0,"29-6",39.062135,-124.2069517,50,50
"MFU","52193","174","d10","1","Tactostoma macropus",0,"29-6",39.062135,-124.2069517,50,50
"MFU","52193","174","d10","1","Tarletonbeania crenularis",0,"29-6",39.062135,-124.2069517,50,50
"MFU","52193","174","d10","1","Tarletonbeania crenularis",0,"29-6",39.062135,-124.2069517,50,50
"MFU","52193","174","d10","1","Thaleichthys pacificus",0,"29-6",39.062135,-124.2069517,50,50
"MFU","52193","174","d10","1","Trachurus symmetricus",0,"29-6",39.062135,-124.2069517,50,50
"MFU","52193","174","d10","1","Trachurus symmetricus",0,"29-6",39.062135,-124.2069517,50,50
"MFU","52193","1743","d1","1","Clupea pallasii",11814,"81-3",47.73076667,-125.1019,50,50
"MFU","52193","1743","d1","1","Engraulis mordax",0,"81-3",47.73076667,-125.1019,50,50
"MFU","52193","1743","d1","1","Leuroglossus stilbius",0,"81-3",47.73076667,-125.1019,50,50
"MFU","52193","1743","d1","1","Merluccius productus",0,"81-3",47.73076667,-125.1019,50,50
"MFU","52193","1743","d1","1","Merluccius productus",3003,"81-3",47.73076667,-125.1019,50,50
"MFU","52193","1743","d1","1","Microstomus pacificus",0,"81-3",47.73076667,-125.1019,50,50
"MFU","52193","1743","d1","1","Sardinops sagax",0,"81-3",47.73076667,-125.1019,50,50
"MFU","52193","1743","d1","1","Scomber japonicus",0,"81-3",47.73076667,-125.1019,50,50
"MFU","52193","1743","d1","1","Sebastes entomelas",0,"81-3",47.73076667,-125.1019,50,50
"MFU","52193","1743","d1","1","Stenobrachius leucopsarus",0,"81-3",47.73076667,-125.1019,50,50
"MFU","52193","1743","d1","1","Stenobrachius leucopsarus",0,"81-3",47.73076667,-125.1019,50,50
"MFU","52193","1743","d1","1","Tactostoma macropus",0,"81-3",47.73076667,-125.1019,50,50
"MFU","52193","1743","d1","1","Tarletonbeania crenularis",0,"81-3",47.73076667,-125.1019,50,50
"MFU","52193","1743","d1","1","Tarletonbeania crenularis",5993,"81-3",47.73076667,-125.1019,50,50
"MFU","52193","1743","d1","1","Thaleichthys pacificus",0,"81-3",47.73076667,-125.1019,50,50
"MFU","52193","1743","d1","1","Trachurus symmetricus",0,"81-3",47.73076667,-125.1019,50,50
"MFU","52193","1743","d1","1","Trachurus symmetricus",0,"81-3",47.73076667,-125.1019,50,50
"MFU","52193","1746","d1","1","Clupea pallasii",451,"81-5",47.73109333,-125.2471967,0,0
"MFU","52193","1746","d1","1","Engraulis mordax",65903,"81-5",47.73109333,-125.2471967,0,0
"MFU","52193","1746","d1","1","Leuroglossus stilbius",0,"81-5",47.73109333,-125.2471967,0,0
"MFU","52193","1746","d1","1","Merluccius productus",0,"81-5",47.73109333,-125.2471967,0,0
"MFU","52193","1746","d1","1","Merluccius productus",0,"81-5",47.73109333,-125.2471967,0,0
"MFU","52193","1746","d1","1","Microstomus pacificus",0,"81-5",47.73109333,-125.2471967,0,0
"MFU","52193","1746","d1","1","Sardinops sagax",0,"81-5",47.73109333,-125.2471967,0,0
"MFU","52193","1746","d1","1","Scomber japonicus",0,"81-5",47.73109333,-125.2471967,0,0
"MFU","52193","1746","d1","1","Sebastes entomelas",0,"81-5",47.73109333,-125.2471967,0,0
"MFU","52193","1746","d1","1","Stenobrachius leucopsarus",0,"81-5",47.73109333,-125.2471967,0,0
"MFU","52193","1746","d1","1","Stenobrachius leucopsarus",0,"81-5",47.73109333,-125.2471967,0,0
"MFU","52193","1746","d1","1","Tactostoma macropus",30,"81-5",47.73109333,-125.2471967,0,0
"MFU","52193","1746","d1","1","Tarletonbeania crenularis",0,"81-5",47.73109333,-125.2471967,0,0
"MFU","52193","1746","d1","1","Tarletonbeania crenularis",1592,"81-5",47.73109333,-125.2471967,0,0
"MFU","52193","1746","d1","1","Thaleichthys pacificus",0,"81-5",47.73109333,-125.2471967,0,0
"MFU","52193","1746","d1","1","Trachurus symmetricus",0,"81-5",47.73109333,-125.2471967,0,0
"MFU","52193","1746","d1","1","Trachurus symmetricus",0,"81-5",47.73109333,-125.2471967,0,0
"MFU","52193","1747","d1","1","Clupea pallasii",0,"81-5",47.73109333,-125.2471967,500,500
"MFU","52193","1747","d1","1","Engraulis mordax",0,"81-5",47.73109333,-125.2471967,500,500
"MFU","52193","1747","d1","1","Leuroglossus stilbius",0,"81-5",47.73109333,-125.2471967,500,500
"MFU","52193","1747","d1","1","Merluccius productus",0,"81-5",47.73109333,-125.2471967,500,500
"MFU","52193","1747","d1","1","Merluccius productus",0,"81-5",47.73109333,-125.2471967,500,500
"MFU","52193","1747","d1","1","Microstomus pacificus",0,"81-5",47.73109333,-125.2471967,500,500
"MFU","52193","1747","d1","1","Sardinops sagax",0,"81-5",47.73109333,-125.2471967,500,500
"MFU","52193","1747","d1","1","Scomber japonicus",0,"81-5",47.73109333,-125.2471967,500,500
"MFU","52193","1747","d1","1","Sebastes entomelas",0,"81-5",47.73109333,-125.2471967,500,500
"MFU","52193","1747","d1","1","Stenobrachius leucopsarus",0,"81-5",47.73109333,-125.2471967,500,500
"MFU","52193","1747","d1","1","Stenobrachius leucopsarus",0,"81-5",47.73109333,-125.2471967,500,500
"MFU","52193","1747","d1","1","Tactostoma macropus",0,"81-5",47.73109333,-125.2471967,500,500
"MFU","52193","1747","d1","1","Tarletonbeania crenularis",0,"81-5",47.73109333,-125.2471967,500,500
"MFU","52193","1747","d1","1","Tarletonbeania crenularis",0,"81-5",47.73109333,-125.2471967,500,500
"MFU","52193","1747","d1","1","Thaleichthys pacificus",0,"81-5",47.73109333,-125.2471967,500,500
"MFU","52193","1747","d1","1","Trachurus symmetricus",0,"81-5",47.73109333,-125.2471967,500,500
"MFU","52193","1747","d1","1","Trachurus symmetricus",0,"81-5",47.73109333,-125.2471967,500,500
"MFU","52193","1749","d1","1","Clupea pallasii",0,"81-5",47.73109333,-125.2471967,300,300
"MFU","52193","1749","d1","1","Engraulis mordax",0,"81-5",47.73109333,-125.2471967,300,300
"MFU","52193","1749","d1","1","Leuroglossus stilbius",0,"81-5",47.73109333,-125.2471967,300,300
"MFU","52193","1749","d1","1","Merluccius productus",1542,"81-5",47.73109333,-125.2471967,300,300
"MFU","52193","1749","d1","1","Merluccius productus",0,"81-5",47.73109333,-125.2471967,300,300
"MFU","52193","1749","d1","1","Microstomus pacificus",0,"81-5",47.73109333,-125.2471967,300,300
"MFU","52193","1749","d1","1","Sardinops sagax",0,"81-5",47.73109333,-125.2471967,300,300
"MFU","52193","1749","d1","1","Scomber japonicus",0,"81-5",47.73109333,-125.2471967,300,300
"MFU","52193","1749","d1","1","Sebastes entomelas",0,"81-5",47.73109333,-125.2471967,300,300
"MFU","52193","1749","d1","1","Stenobrachius leucopsarus",0,"81-5",47.73109333,-125.2471967,300,300
"MFU","52193","1749","d1","1","Stenobrachius leucopsarus",3302,"81-5",47.73109333,-125.2471967,300,300
"MFU","52193","1749","d1","1","Tactostoma macropus",1219,"81-5",47.73109333,-125.2471967,300,300
"MFU","52193","1749","d1","1","Tarletonbeania crenularis",0,"81-5",47.73109333,-125.2471967,300,300
"MFU","52193","1749","d1","1","Tarletonbeania crenularis",11072,"81-5",47.73109333,-125.2471967,300,300
"MFU","52193","1749","d1","1","Thaleichthys pacificus",0,"81-5",47.73109333,-125.2471967,300,300
"MFU","52193","1749","d1","1","Trachurus symmetricus",0,"81-5",47.73109333,-125.2471967,300,300
"MFU","52193","1749","d1","1","Trachurus symmetricus",0,"81-5",47.73109333,-125.2471967,300,300
"MFU","52193","175","d10","1","Clupea pallasii",9967,"29-6",39.062135,-124.2069517,50,50
"MFU","52193","175","d10","1","Engraulis mordax",3078,"29-6",39.062135,-124.2069517,50,50
"MFU","52193","175","d10","1","Leuroglossus stilbius",0,"29-6",39.062135,-124.2069517,50,50
"MFU","52193","175","d10","1","Merluccius productus",11585,"29-6",39.062135,-124.2069517,50,50
"MFU","52193","175","d10","1","Merluccius productus",38490,"29-6",39.062135,-124.2069517,50,50
"MFU","52193","175","d10","1","Microstomus pacificus",0,"29-6",39.062135,-124.2069517,50,50
"MFU","52193","175","d10","1","Sardinops sagax",0,"29-6",39.062135,-124.2069517,50,50
"MFU","52193","175","d10","1","Scomber japonicus",0,"29-6",39.062135,-124.2069517,50,50
"MFU","52193","175","d10","1","Sebastes entomelas",0,"29-6",39.062135,-124.2069517,50,50
"MFU","52193","175","d10","1","Stenobrachius leucopsarus",0,"29-6",39.062135,-124.2069517,50,50
"MFU","52193","175","d10","1","Stenobrachius leucopsarus",0,"29-6",39.062135,-124.2069517,50,50
"MFU","52193","175","d10","1","Tactostoma macropus",0,"29-6",39.062135,-124.2069517,50,50
"MFU","52193","175","d10","1","Tarletonbeania crenularis",0,"29-6",39.062135,-124.2069517,50,50
"MFU","52193","175","d10","1","Tarletonbeania crenularis",0,"29-6",39.062135,-124.2069517,50,50
"MFU","52193","175","d10","1","Thaleichthys pacificus",0,"29-6",39.062135,-124.2069517,50,50
"MFU","52193","175","d10","1","Trachurus symmetricus",0,"29-6",39.062135,-124.2069517,50,50
"MFU","52193","175","d10","1","Trachurus symmetricus",3576,"29-6",39.062135,-124.2069517,50,50
"MFU","52193","1751","d1","1","Clupea pallasii",0,"81-5",47.73109333,-125.2471967,150,150
"MFU","52193","1751","d1","1","Engraulis mordax",0,"81-5",47.73109333,-125.2471967,150,150
"MFU","52193","1751","d1","1","Leuroglossus stilbius",0,"81-5",47.73109333,-125.2471967,150,150
"MFU","52193","1751","d1","1","Merluccius productus",0,"81-5",47.73109333,-125.2471967,150,150
"MFU","52193","1751","d1","1","Merluccius productus",0,"81-5",47.73109333,-125.2471967,150,150
"MFU","52193","1751","d1","1","Microstomus pacificus",0,"81-5",47.73109333,-125.2471967,150,150
"MFU","52193","1751","d1","1","Sardinops sagax",0,"81-5",47.73109333,-125.2471967,150,150
"MFU","52193","1751","d1","1","Scomber japonicus",0,"81-5",47.73109333,-125.2471967,150,150
"MFU","52193","1751","d1","1","Sebastes entomelas",0,"81-5",47.73109333,-125.2471967,150,150
"MFU","52193","1751","d1","1","Stenobrachius leucopsarus",0,"81-5",47.73109333,-125.2471967,150,150
"MFU","52193","1751","d1","1","Stenobrachius leucopsarus",0,"81-5",47.73109333,-125.2471967,150,150
"MFU","52193","1751","d1","1","Tactostoma macropus",0,"81-5",47.73109333,-125.2471967,150,150
"MFU","52193","1751","d1","1","Tarletonbeania crenularis",0,"81-5",47.73109333,-125.2471967,150,150
"MFU","52193","1751","d1","1","Tarletonbeania crenularis",0,"81-5",47.73109333,-125.2471967,150,150
"MFU","52193","1751","d1","1","Thaleichthys pacificus",0,"81-5",47.73109333,-125.2471967,150,150
"MFU","52193","1751","d1","1","Trachurus symmetricus",0,"81-5",47.73109333,-125.2471967,150,150
"MFU","52193","1751","d1","1","Trachurus symmetricus",0,"81-5",47.73109333,-125.2471967,150,150
"MFU","52193","1755","d1","1","Clupea pallasii",0,"81-5",47.73109333,-125.2471967,50,50
"MFU","52193","1755","d1","1","Engraulis mordax",0,"81-5",47.73109333,-125.2471967,50,50
"MFU","52193","1755","d1","1","Leuroglossus stilbius",0,"81-5",47.73109333,-125.2471967,50,50
"MFU","52193","1755","d1","1","Merluccius productus",0,"81-5",47.73109333,-125.2471967,50,50
"MFU","52193","1755","d1","1","Merluccius productus",0,"81-5",47.73109333,-125.2471967,50,50
"MFU","52193","1755","d1","1","Microstomus pacificus",0,"81-5",47.73109333,-125.2471967,50,50
"MFU","52193","1755","d1","1","Sardinops sagax",0,"81-5",47.73109333,-125.2471967,50,50
"MFU","52193","1755","d1","1","Scomber japonicus",0,"81-5",47.73109333,-125.2471967,50,50
"MFU","52193","1755","d1","1","Sebastes entomelas",0,"81-5",47.73109333,-125.2471967,50,50
"MFU","52193","1755","d1","1","Stenobrachius leucopsarus",0,"81-5",47.73109333,-125.2471967,50,50
"MFU","52193","1755","d1","1","Stenobrachius leucopsarus",1186,"81-5",47.73109333,-125.2471967,50,50
"MFU","52193","1755","d1","1","Tactostoma macropus",0,"81-5",47.73109333,-125.2471967,50,50
"MFU","52193","1755","d1","1","Tarletonbeania crenularis",0,"81-5",47.73109333,-125.2471967,50,50
"MFU","52193","1755","d1","1","Tarletonbeania crenularis",0,"81-5",47.73109333,-125.2471967,50,50
"MFU","52193","1755","d1","1","Thaleichthys pacificus",0,"81-5",47.73109333,-125.2471967,50,50
"MFU","52193","1755","d1","1","Trachurus symmetricus",0,"81-5",47.73109333,-125.2471967,50,50
"MFU","52193","1755","d1","1","Trachurus symmetricus",0,"81-5",47.73109333,-125.2471967,50,50
"MFU","52193","1755","d10","1","Clupea pallasii",0,"81-5",47.73109333,-125.2471967,50,50
"MFU","52193","1755","d10","1","Engraulis mordax",0,"81-5",47.73109333,-125.2471967,50,50
"MFU","52193","1755","d10","1","Leuroglossus stilbius",0,"81-5",47.73109333,-125.2471967,50,50
"MFU","52193","1755","d10","1","Merluccius productus",0,"81-5",47.73109333,-125.2471967,50,50
"MFU","52193","1755","d10","1","Merluccius productus",0,"81-5",47.73109333,-125.2471967,50,50
"MFU","52193","1755","d10","1","Microstomus pacificus",0,"81-5",47.73109333,-125.2471967,50,50
"MFU","52193","1755","d10","1","Sardinops sagax",0,"81-5",47.73109333,-125.2471967,50,50
"MFU","52193","1755","d10","1","Scomber japonicus",0,"81-5",47.73109333,-125.2471967,50,50
"MFU","52193","1755","d10","1","Sebastes entomelas",0,"81-5",47.73109333,-125.2471967,50,50
"MFU","52193","1755","d10","1","Stenobrachius leucopsarus",0,"81-5",47.73109333,-125.2471967,50,50
"MFU","52193","1755","d10","1","Stenobrachius leucopsarus",0,"81-5",47.73109333,-125.2471967,50,50
"MFU","52193","1755","d10","1","Tactostoma macropus",0,"81-5",47.73109333,-125.2471967,50,50
"MFU","52193","1755","d10","1","Tarletonbeania crenularis",0,"81-5",47.73109333,-125.2471967,50,50
"MFU","52193","1755","d10","1","Tarletonbeania crenularis",0,"81-5",47.73109333,-125.2471967,50,50
"MFU","52193","1755","d10","1","Thaleichthys pacificus",0,"81-5",47.73109333,-125.2471967,50,50
"MFU","52193","1755","d10","1","Trachurus symmetricus",0,"81-5",47.73109333,-125.2471967,50,50
"MFU","52193","1755","d10","1","Trachurus symmetricus",0,"81-5",47.73109333,-125.2471967,50,50
"MFU","52193","1757","d10","1","Clupea pallasii",0,"81-7",47.7298175,-125.4913525,0,0
"MFU","52193","1757","d10","1","Engraulis mordax",7957,"81-7",47.7298175,-125.4913525,0,0
"MFU","52193","1757","d10","1","Leuroglossus stilbius",0,"81-7",47.7298175,-125.4913525,0,0
"MFU","52193","1757","d10","1","Merluccius productus",0,"81-7",47.7298175,-125.4913525,0,0
"MFU","52193","1757","d10","1","Merluccius productus",0,"81-7",47.7298175,-125.4913525,0,0
"MFU","52193","1757","d10","1","Microstomus pacificus",0,"81-7",47.7298175,-125.4913525,0,0
"MFU","52193","1757","d10","1","Sardinops sagax",0,"81-7",47.7298175,-125.4913525,0,0
"MFU","52193","1757","d10","1","Scomber japonicus",0,"81-7",47.7298175,-125.4913525,0,0
"MFU","52193","1757","d10","1","Sebastes entomelas",0,"81-7",47.7298175,-125.4913525,0,0
"MFU","52193","1757","d10","1","Stenobrachius leucopsarus",0,"81-7",47.7298175,-125.4913525,0,0
"MFU","52193","1757","d10","1","Stenobrachius leucopsarus",0,"81-7",47.7298175,-125.4913525,0,0
"MFU","52193","1757","d10","1","Tactostoma macropus",0,"81-7",47.7298175,-125.4913525,0,0
"MFU","52193","1757","d10","1","Tarletonbeania crenularis",0,"81-7",47.7298175,-125.4913525,0,0
"MFU","52193","1757","d10","1","Tarletonbeania crenularis",1452,"81-7",47.7298175,-125.4913525,0,0
"MFU","52193","1757","d10","1","Thaleichthys pacificus",0,"81-7",47.7298175,-125.4913525,0,0
"MFU","52193","1757","d10","1","Trachurus symmetricus",0,"81-7",47.7298175,-125.4913525,0,0
"MFU","52193","1757","d10","1","Trachurus symmetricus",0,"81-7",47.7298175,-125.4913525,0,0
"MFU","52193","176","d10","1","Clupea pallasii",0,"29-6",39.062135,-124.2069517,0,0
"MFU","52193","176","d10","1","Engraulis mordax",0,"29-6",39.062135,-124.2069517,0,0
"MFU","52193","176","d10","1","Leuroglossus stilbius",0,"29-6",39.062135,-124.2069517,0,0
"MFU","52193","176","d10","1","Merluccius productus",3508,"29-6",39.062135,-124.2069517,0,0
"MFU","52193","176","d10","1","Merluccius productus",70818,"29-6",39.062135,-124.2069517,0,0
"MFU","52193","176","d10","1","Microstomus pacificus",0,"29-6",39.062135,-124.2069517,0,0
"MFU","52193","176","d10","1","Sardinops sagax",11415,"29-6",39.062135,-124.2069517,0,0
"MFU","52193","176","d10","1","Scomber japonicus",0,"29-6",39.062135,-124.2069517,0,0
"MFU","52193","176","d10","1","Sebastes entomelas",0,"29-6",39.062135,-124.2069517,0,0
"MFU","52193","176","d10","1","Stenobrachius leucopsarus",0,"29-6",39.062135,-124.2069517,0,0
"MFU","52193","176","d10","1","Stenobrachius leucopsarus",16631,"29-6",39.062135,-124.2069517,0,0
"MFU","52193","176","d10","1","Tactostoma macropus",0,"29-6",39.062135,-124.2069517,0,0
"MFU","52193","176","d10","1","Tarletonbeania crenularis",0,"29-6",39.062135,-124.2069517,0,0
"MFU","52193","176","d10","1","Tarletonbeania crenularis",11079,"29-6",39.062135,-124.2069517,0,0
"MFU","52193","176","d10","1","Thaleichthys pacificus",0,"29-6",39.062135,-124.2069517,0,0
"MFU","52193","176","d10","1","Trachurus symmetricus",0,"29-6",39.062135,-124.2069517,0,0
"MFU","52193","176","d10","1","Trachurus symmetricus",0,"29-6",39.062135,-124.2069517,0,0
"MFU","52193","1767","d1","1","Clupea pallasii",0,"81-7",47.7298175,-125.4913525,50,50
"MFU","52193","1767","d1","1","Engraulis mordax",0,"81-7",47.7298175,-125.4913525,50,50
"MFU","52193","1767","d1","1","Leuroglossus stilbius",0,"81-7",47.7298175,-125.4913525,50,50
"MFU","52193","1767","d1","1","Merluccius productus",50,"81-7",47.7298175,-125.4913525,50,50
"MFU","52193","1767","d1","1","Merluccius productus",6717,"81-7",47.7298175,-125.4913525,50,50
"MFU","52193","1767","d1","1","Microstomus pacificus",0,"81-7",47.7298175,-125.4913525,50,50
"MFU","52193","1767","d1","1","Sardinops sagax",0,"81-7",47.7298175,-125.4913525,50,50
"MFU","52193","1767","d1","1","Scomber japonicus",0,"81-7",47.7298175,-125.4913525,50,50
"MFU","52193","1767","d1","1","Sebastes entomelas",0,"81-7",47.7298175,-125.4913525,50,50
"MFU","52193","1767","d1","1","Stenobrachius leucopsarus",0,"81-7",47.7298175,-125.4913525,50,50
"MFU","52193","1767","d1","1","Stenobrachius leucopsarus",0,"81-7",47.7298175,-125.4913525,50,50
"MFU","52193","1767","d1","1","Tactostoma macropus",0,"81-7",47.7298175,-125.4913525,50,50
"MFU","52193","1767","d1","1","Tarletonbeania crenularis",0,"81-7",47.7298175,-125.4913525,50,50
"MFU","52193","1767","d1","1","Tarletonbeania crenularis",472,"81-7",47.7298175,-125.4913525,50,50
"MFU","52193","1767","d1","1","Thaleichthys pacificus",0,"81-7",47.7298175,-125.4913525,50,50
"MFU","52193","1767","d1","1","Trachurus symmetricus",0,"81-7",47.7298175,-125.4913525,50,50
"MFU","52193","1767","d1","1","Trachurus symmetricus",0,"81-7",47.7298175,-125.4913525,50,50
"MFU","52193","1767","d10","1","Clupea pallasii",0,"81-7",47.7298175,-125.4913525,50,50
"MFU","52193","1767","d10","1","Engraulis mordax",0,"81-7",47.7298175,-125.4913525,50,50
"MFU","52193","1767","d10","1","Leuroglossus stilbius",0,"81-7",47.7298175,-125.4913525,50,50
"MFU","52193","1767","d10","1","Merluccius productus",0,"81-7",47.7298175,-125.4913525,50,50
"MFU","52193","1767","d10","1","Merluccius productus",675,"81-7",47.7298175,-125.4913525,50,50
"MFU","52193","1767","d10","1","Microstomus pacificus",0,"81-7",47.7298175,-125.4913525,50,50
"MFU","52193","1767","d10","1","Sardinops sagax",0,"81-7",47.7298175,-125.4913525,50,50
"MFU","52193","1767","d10","1","Scomber japonicus",0,"81-7",47.7298175,-125.4913525,50,50
"MFU","52193","1767","d10","1","Sebastes entomelas",0,"81-7",47.7298175,-125.4913525,50,50
"MFU","52193","1767","d10","1","Stenobrachius leucopsarus",0,"81-7",47.7298175,-125.4913525,50,50
"MFU","52193","1767","d10","1","Stenobrachius leucopsarus",0,"81-7",47.7298175,-125.4913525,50,50
"MFU","52193","1767","d10","1","Tactostoma macropus",0,"81-7",47.7298175,-125.4913525,50,50
"MFU","52193","1767","d10","1","Tarletonbeania crenularis",0,"81-7",47.7298175,-125.4913525,50,50
"MFU","52193","1767","d10","1","Tarletonbeania crenularis",0,"81-7",47.7298175,-125.4913525,50,50
"MFU","52193","1767","d10","1","Thaleichthys pacificus",0,"81-7",47.7298175,-125.4913525,50,50
"MFU","52193","1767","d10","1","Trachurus symmetricus",0,"81-7",47.7298175,-125.4913525,50,50
"MFU","52193","1767","d10","1","Trachurus symmetricus",0,"81-7",47.7298175,-125.4913525,50,50
"MFU","52193","1769","d1","1","Clupea pallasii",0,"81-9",47.73233,-125.742555,0,0
"MFU","52193","1769","d1","1","Engraulis mordax",109114,"81-9",47.73233,-125.742555,0,0
"MFU","52193","1769","d1","1","Leuroglossus stilbius",0,"81-9",47.73233,-125.742555,0,0
"MFU","52193","1769","d1","1","Merluccius productus",1324,"81-9",47.73233,-125.742555,0,0
"MFU","52193","1769","d1","1","Merluccius productus",839,"81-9",47.73233,-125.742555,0,0
"MFU","52193","1769","d1","1","Microstomus pacificus",0,"81-9",47.73233,-125.742555,0,0
"MFU","52193","1769","d1","1","Sardinops sagax",0,"81-9",47.73233,-125.742555,0,0
"MFU","52193","1769","d1","1","Scomber japonicus",0,"81-9",47.73233,-125.742555,0,0
"MFU","52193","1769","d1","1","Sebastes entomelas",0,"81-9",47.73233,-125.742555,0,0
"MFU","52193","1769","d1","1","Stenobrachius leucopsarus",0,"81-9",47.73233,-125.742555,0,0
"MFU","52193","1769","d1","1","Stenobrachius leucopsarus",0,"81-9",47.73233,-125.742555,0,0
"MFU","52193","1769","d1","1","Tactostoma macropus",354,"81-9",47.73233,-125.742555,0,0
"MFU","52193","1769","d1","1","Tarletonbeania crenularis",0,"81-9",47.73233,-125.742555,0,0
"MFU","52193","1769","d1","1","Tarletonbeania crenularis",3192,"81-9",47.73233,-125.742555,0,0
"MFU","52193","1769","d1","1","Thaleichthys pacificus",0,"81-9",47.73233,-125.742555,0,0
"MFU","52193","1769","d1","1","Trachurus symmetricus",0,"81-9",47.73233,-125.742555,0,0
"MFU","52193","1769","d1","1","Trachurus symmetricus",17029,"81-9",47.73233,-125.742555,0,0
"MFU","52193","1771","d1","1","Clupea pallasii",0,"81-9",47.73233,-125.742555,500,500
"MFU","52193","1771","d1","1","Engraulis mordax",0,"81-9",47.73233,-125.742555,500,500
"MFU","52193","1771","d1","1","Leuroglossus stilbius",0,"81-9",47.73233,-125.742555,500,500
"MFU","52193","1771","d1","1","Merluccius productus",0,"81-9",47.73233,-125.742555,500,500
"MFU","52193","1771","d1","1","Merluccius productus",0,"81-9",47.73233,-125.742555,500,500
"MFU","52193","1771","d1","1","Microstomus pacificus",0,"81-9",47.73233,-125.742555,500,500
"MFU","52193","1771","d1","1","Sardinops sagax",0,"81-9",47.73233,-125.742555,500,500
"MFU","52193","1771","d1","1","Scomber japonicus",0,"81-9",47.73233,-125.742555,500,500
"MFU","52193","1771","d1","1","Sebastes entomelas",0,"81-9",47.73233,-125.742555,500,500
"MFU","52193","1771","d1","1","Stenobrachius leucopsarus",0,"81-9",47.73233,-125.742555,500,500
"MFU","52193","1771","d1","1","Stenobrachius leucopsarus",0,"81-9",47.73233,-125.742555,500,500
"MFU","52193","1771","d1","1","Tactostoma macropus",0,"81-9",47.73233,-125.742555,500,500
"MFU","52193","1771","d1","1","Tarletonbeania crenularis",0,"81-9",47.73233,-125.742555,500,500
"MFU","52193","1771","d1","1","Tarletonbeania crenularis",0,"81-9",47.73233,-125.742555,500,500
"MFU","52193","1771","d1","1","Thaleichthys pacificus",0,"81-9",47.73233,-125.742555,500,500
"MFU","52193","1771","d1","1","Trachurus symmetricus",0,"81-9",47.73233,-125.742555,500,500
"MFU","52193","1771","d1","1","Trachurus symmetricus",0,"81-9",47.73233,-125.742555,500,500
"MFU","52193","1773","d1","1","Clupea pallasii",0,"81-9",47.73233,-125.742555,300,300
"MFU","52193","1773","d1","1","Engraulis mordax",0,"81-9",47.73233,-125.742555,300,300
"MFU","52193","1773","d1","1","Leuroglossus stilbius",0,"81-9",47.73233,-125.742555,300,300
"MFU","52193","1773","d1","1","Merluccius productus",0,"81-9",47.73233,-125.742555,300,300
"MFU","52193","1773","d1","1","Merluccius productus",0,"81-9",47.73233,-125.742555,300,300
"MFU","52193","1773","d1","1","Microstomus pacificus",0,"81-9",47.73233,-125.742555,300,300
"MFU","52193","1773","d1","1","Sardinops sagax",0,"81-9",47.73233,-125.742555,300,300
"MFU","52193","1773","d1","1","Scomber japonicus",0,"81-9",47.73233,-125.742555,300,300
"MFU","52193","1773","d1","1","Sebastes entomelas",0,"81-9",47.73233,-125.742555,300,300
"MFU","52193","1773","d1","1","Stenobrachius leucopsarus",0,"81-9",47.73233,-125.742555,300,300
"MFU","52193","1773","d1","1","Stenobrachius leucopsarus",0,"81-9",47.73233,-125.742555,300,300
"MFU","52193","1773","d1","1","Tactostoma macropus",0,"81-9",47.73233,-125.742555,300,300
"MFU","52193","1773","d1","1","Tarletonbeania crenularis",0,"81-9",47.73233,-125.742555,300,300
"MFU","52193","1773","d1","1","Tarletonbeania crenularis",0,"81-9",47.73233,-125.742555,300,300
"MFU","52193","1773","d1","1","Thaleichthys pacificus",0,"81-9",47.73233,-125.742555,300,300
"MFU","52193","1773","d1","1","Trachurus symmetricus",0,"81-9",47.73233,-125.742555,300,300
"MFU","52193","1773","d1","1","Trachurus symmetricus",0,"81-9",47.73233,-125.742555,300,300
"MFU","52193","1775","d1","1","Clupea pallasii",0,"81-9",47.73233,-125.742555,150,150
"MFU","52193","1775","d1","1","Engraulis mordax",0,"81-9",47.73233,-125.742555,150,150
"MFU","52193","1775","d1","1","Leuroglossus stilbius",0,"81-9",47.73233,-125.742555,150,150
"MFU","52193","1775","d1","1","Merluccius productus",0,"81-9",47.73233,-125.742555,150,150
"MFU","52193","1775","d1","1","Merluccius productus",0,"81-9",47.73233,-125.742555,150,150
"MFU","52193","1775","d1","1","Microstomus pacificus",0,"81-9",47.73233,-125.742555,150,150
"MFU","52193","1775","d1","1","Sardinops sagax",0,"81-9",47.73233,-125.742555,150,150
"MFU","52193","1775","d1","1","Scomber japonicus",0,"81-9",47.73233,-125.742555,150,150
"MFU","52193","1775","d1","1","Sebastes entomelas",0,"81-9",47.73233,-125.742555,150,150
"MFU","52193","1775","d1","1","Stenobrachius leucopsarus",0,"81-9",47.73233,-125.742555,150,150
"MFU","52193","1775","d1","1","Stenobrachius leucopsarus",0,"81-9",47.73233,-125.742555,150,150
"MFU","52193","1775","d1","1","Tactostoma macropus",0,"81-9",47.73233,-125.742555,150,150
"MFU","52193","1775","d1","1","Tarletonbeania crenularis",0,"81-9",47.73233,-125.742555,150,150
"MFU","52193","1775","d1","1","Tarletonbeania crenularis",18481,"81-9",47.73233,-125.742555,150,150
"MFU","52193","1775","d1","1","Thaleichthys pacificus",0,"81-9",47.73233,-125.742555,150,150
"MFU","52193","1775","d1","1","Trachurus symmetricus",0,"81-9",47.73233,-125.742555,150,150
"MFU","52193","1775","d1","1","Trachurus symmetricus",7705,"81-9",47.73233,-125.742555,150,150
"MFU","52193","1779","d1","1","Clupea pallasii",0,"81-9",47.73233,-125.742555,50,50
"MFU","52193","1779","d1","1","Engraulis mordax",0,"81-9",47.73233,-125.742555,50,50
"MFU","52193","1779","d1","1","Leuroglossus stilbius",0,"81-9",47.73233,-125.742555,50,50
"MFU","52193","1779","d1","1","Merluccius productus",0,"81-9",47.73233,-125.742555,50,50
"MFU","52193","1779","d1","1","Merluccius productus",0,"81-9",47.73233,-125.742555,50,50
"MFU","52193","1779","d1","1","Microstomus pacificus",0,"81-9",47.73233,-125.742555,50,50
"MFU","52193","1779","d1","1","Sardinops sagax",0,"81-9",47.73233,-125.742555,50,50
"MFU","52193","1779","d1","1","Scomber japonicus",0,"81-9",47.73233,-125.742555,50,50
"MFU","52193","1779","d1","1","Sebastes entomelas",0,"81-9",47.73233,-125.742555,50,50
"MFU","52193","1779","d1","1","Stenobrachius leucopsarus",0,"81-9",47.73233,-125.742555,50,50
"MFU","52193","1779","d1","1","Stenobrachius leucopsarus",1216,"81-9",47.73233,-125.742555,50,50
"MFU","52193","1779","d1","1","Tactostoma macropus",1889,"81-9",47.73233,-125.742555,50,50
"MFU","52193","1779","d1","1","Tarletonbeania crenularis",0,"81-9",47.73233,-125.742555,50,50
"MFU","52193","1779","d1","1","Tarletonbeania crenularis",2169,"81-9",47.73233,-125.742555,50,50
"MFU","52193","1779","d1","1","Thaleichthys pacificus",0,"81-9",47.73233,-125.742555,50,50
"MFU","52193","1779","d1","1","Trachurus symmetricus",0,"81-9",47.73233,-125.742555,50,50
"MFU","52193","1779","d1","1","Trachurus symmetricus",2751,"81-9",47.73233,-125.742555,50,50
"MFU","52193","178","d1","1","Clupea pallasii",0,"31-9",39.39722,-124.5593383,500,500
"MFU","52193","178","d1","1","Engraulis mordax",0,"31-9",39.39722,-124.5593383,500,500
"MFU","52193","178","d1","1","Leuroglossus stilbius",0,"31-9",39.39722,-124.5593383,500,500
"MFU","52193","178","d1","1","Merluccius productus",1656,"31-9",39.39722,-124.5593383,500,500
"MFU","52193","178","d1","1","Merluccius productus",37586,"31-9",39.39722,-124.5593383,500,500
"MFU","52193","178","d1","1","Microstomus pacificus",0,"31-9",39.39722,-124.5593383,500,500
"MFU","52193","178","d1","1","Sardinops sagax",0,"31-9",39.39722,-124.5593383,500,500
"MFU","52193","178","d1","1","Scomber japonicus",0,"31-9",39.39722,-124.5593383,500,500
"MFU","52193","178","d1","1","Sebastes entomelas",0,"31-9",39.39722,-124.5593383,500,500
"MFU","52193","178","d1","1","Stenobrachius leucopsarus",0,"31-9",39.39722,-124.5593383,500,500
"MFU","52193","178","d1","1","Stenobrachius leucopsarus",0,"31-9",39.39722,-124.5593383,500,500
"MFU","52193","178","d1","1","Tactostoma macropus",0,"31-9",39.39722,-124.5593383,500,500
"MFU","52193","178","d1","1","Tarletonbeania crenularis",0,"31-9",39.39722,-124.5593383,500,500
"MFU","52193","178","d1","1","Tarletonbeania crenularis",0,"31-9",39.39722,-124.5593383,500,500
"MFU","52193","178","d1","1","Thaleichthys pacificus",0,"31-9",39.39722,-124.5593383,500,500
"MFU","52193","178","d1","1","Trachurus symmetricus",0,"31-9",39.39722,-124.5593383,500,500
"MFU","52193","178","d1","1","Trachurus symmetricus",0,"31-9",39.39722,-124.5593383,500,500
"MFU","52193","1782","d1","1","Clupea pallasii",0,"83-10",48.06341333,-125.9388133,0,0
"MFU","52193","1782","d1","1","Engraulis mordax",0,"83-10",48.06341333,-125.9388133,0,0
"MFU","52193","1782","d1","1","Leuroglossus stilbius",0,"83-10",48.06341333,-125.9388133,0,0
"MFU","52193","1782","d1","1","Merluccius productus",3598,"83-10",48.06341333,-125.9388133,0,0
"MFU","52193","1782","d1","1","Merluccius productus",28262,"83-10",48.06341333,-125.9388133,0,0
"MFU","52193","1782","d1","1","Microstomus pacificus",0,"83-10",48.06341333,-125.9388133,0,0
"MFU","52193","1782","d1","1","Sardinops sagax",0,"83-10",48.06341333,-125.9388133,0,0
"MFU","52193","1782","d1","1","Scomber japonicus",0,"83-10",48.06341333,-125.9388133,0,0
"MFU","52193","1782","d1","1","Sebastes entomelas",0,"83-10",48.06341333,-125.9388133,0,0
"MFU","52193","1782","d1","1","Stenobrachius leucopsarus",1784,"83-10",48.06341333,-125.9388133,0,0
"MFU","52193","1782","d1","1","Stenobrachius leucopsarus",2473,"83-10",48.06341333,-125.9388133,0,0
"MFU","52193","1782","d1","1","Tactostoma macropus",86399,"83-10",48.06341333,-125.9388133,0,0
"MFU","52193","1782","d1","1","Tarletonbeania crenularis",0,"83-10",48.06341333,-125.9388133,0,0
"MFU","52193","1782","d1","1","Tarletonbeania crenularis",0,"83-10",48.06341333,-125.9388133,0,0
"MFU","52193","1782","d1","1","Thaleichthys pacificus",0,"83-10",48.06341333,-125.9388133,0,0
"MFU","52193","1782","d1","1","Trachurus symmetricus",0,"83-10",48.06341333,-125.9388133,0,0
"MFU","52193","1782","d1","1","Trachurus symmetricus",8518,"83-10",48.06341333,-125.9388133,0,0
"MFU","52193","1784","d1","1","Clupea pallasii",0,"83-10",48.06341333,-125.9388133,500,500
"MFU","52193","1784","d1","1","Engraulis mordax",0,"83-10",48.06341333,-125.9388133,500,500
"MFU","52193","1784","d1","1","Leuroglossus stilbius",0,"83-10",48.06341333,-125.9388133,500,500
"MFU","52193","1784","d1","1","Merluccius productus",2068,"83-10",48.06341333,-125.9388133,500,500
"MFU","52193","1784","d1","1","Merluccius productus",1039,"83-10",48.06341333,-125.9388133,500,500
"MFU","52193","1784","d1","1","Microstomus pacificus",0,"83-10",48.06341333,-125.9388133,500,500
"MFU","52193","1784","d1","1","Sardinops sagax",0,"83-10",48.06341333,-125.9388133,500,500
"MFU","52193","1784","d1","1","Scomber japonicus",0,"83-10",48.06341333,-125.9388133,500,500
"MFU","52193","1784","d1","1","Sebastes entomelas",0,"83-10",48.06341333,-125.9388133,500,500
"MFU","52193","1784","d1","1","Stenobrachius leucopsarus",0,"83-10",48.06341333,-125.9388133,500,500
"MFU","52193","1784","d1","1","Stenobrachius leucopsarus",0,"83-10",48.06341333,-125.9388133,500,500
"MFU","52193","1784","d1","1","Tactostoma macropus",0,"83-10",48.06341333,-125.9388133,500,500
"MFU","52193","1784","d1","1","Tarletonbeania crenularis",0,"83-10",48.06341333,-125.9388133,500,500
"MFU","52193","1784","d1","1","Tarletonbeania crenularis",0,"83-10",48.06341333,-125.9388133,500,500
"MFU","52193","1784","d1","1","Thaleichthys pacificus",0,"83-10",48.06341333,-125.9388133,500,500
"MFU","52193","1784","d1","1","Trachurus symmetricus",0,"83-10",48.06341333,-125.9388133,500,500
"MFU","52193","1784","d1","1","Trachurus symmetricus",0,"83-10",48.06341333,-125.9388133,500,500
"MFU","52193","1786","d1","1","Clupea pallasii",0,"83-10",48.06341333,-125.9388133,300,300
"MFU","52193","1786","d1","1","Engraulis mordax",0,"83-10",48.06341333,-125.9388133,300,300
"MFU","52193","1786","d1","1","Leuroglossus stilbius",0,"83-10",48.06341333,-125.9388133,300,300
"MFU","52193","1786","d1","1","Merluccius productus",11872,"83-10",48.06341333,-125.9388133,300,300
"MFU","52193","1786","d1","1","Merluccius productus",21848,"83-10",48.06341333,-125.9388133,300,300
"MFU","52193","1786","d1","1","Microstomus pacificus",0,"83-10",48.06341333,-125.9388133,300,300
"MFU","52193","1786","d1","1","Sardinops sagax",0,"83-10",48.06341333,-125.9388133,300,300
"MFU","52193","1786","d1","1","Scomber japonicus",0,"83-10",48.06341333,-125.9388133,300,300
"MFU","52193","1786","d1","1","Sebastes entomelas",0,"83-10",48.06341333,-125.9388133,300,300
"MFU","52193","1786","d1","1","Stenobrachius leucopsarus",0,"83-10",48.06341333,-125.9388133,300,300
"MFU","52193","1786","d1","1","Stenobrachius leucopsarus",0,"83-10",48.06341333,-125.9388133,300,300
"MFU","52193","1786","d1","1","Tactostoma macropus",0,"83-10",48.06341333,-125.9388133,300,300
"MFU","52193","1786","d1","1","Tarletonbeania crenularis",0,"83-10",48.06341333,-125.9388133,300,300
"MFU","52193","1786","d1","1","Tarletonbeania crenularis",31868,"83-10",48.06341333,-125.9388133,300,300
"MFU","52193","1786","d1","1","Thaleichthys pacificus",0,"83-10",48.06341333,-125.9388133,300,300
"MFU","52193","1786","d1","1","Trachurus symmetricus",0,"83-10",48.06341333,-125.9388133,300,300
"MFU","52193","1786","d1","1","Trachurus symmetricus",0,"83-10",48.06341333,-125.9388133,300,300
"MFU","52193","1788","d1","1","Clupea pallasii",0,"83-10",48.06341333,-125.9388133,150,150
"MFU","52193","1788","d1","1","Engraulis mordax",0,"83-10",48.06341333,-125.9388133,150,150
"MFU","52193","1788","d1","1","Leuroglossus stilbius",0,"83-10",48.06341333,-125.9388133,150,150
"MFU","52193","1788","d1","1","Merluccius productus",6228,"83-10",48.06341333,-125.9388133,150,150
"MFU","52193","1788","d1","1","Merluccius productus",14772,"83-10",48.06341333,-125.9388133,150,150
"MFU","52193","1788","d1","1","Microstomus pacificus",0,"83-10",48.06341333,-125.9388133,150,150
"MFU","52193","1788","d1","1","Sardinops sagax",0,"83-10",48.06341333,-125.9388133,150,150
"MFU","52193","1788","d1","1","Scomber japonicus",0,"83-10",48.06341333,-125.9388133,150,150
"MFU","52193","1788","d1","1","Sebastes entomelas",0,"83-10",48.06341333,-125.9388133,150,150
"MFU","52193","1788","d1","1","Stenobrachius leucopsarus",0,"83-10",48.06341333,-125.9388133,150,150
"MFU","52193","1788","d1","1","Stenobrachius leucopsarus",0,"83-10",48.06341333,-125.9388133,150,150
"MFU","52193","1788","d1","1","Tactostoma macropus",0,"83-10",48.06341333,-125.9388133,150,150
"MFU","52193","1788","d1","1","Tarletonbeania crenularis",0,"83-10",48.06341333,-125.9388133,150,150
"MFU","52193","1788","d1","1","Tarletonbeania crenularis",14953,"83-10",48.06341333,-125.9388133,150,150
"MFU","52193","1788","d1","1","Thaleichthys pacificus",0,"83-10",48.06341333,-125.9388133,150,150
"MFU","52193","1788","d1","1","Trachurus symmetricus",0,"83-10",48.06341333,-125.9388133,150,150
"MFU","52193","1788","d1","1","Trachurus symmetricus",0,"83-10",48.06341333,-125.9388133,150,150
"MFU","52193","1792","d1","1","Clupea pallasii",0,"83-10",48.06341333,-125.9388133,50,50
"MFU","52193","1792","d1","1","Engraulis mordax",0,"83-10",48.06341333,-125.9388133,50,50
"MFU","52193","1792","d1","1","Leuroglossus stilbius",0,"83-10",48.06341333,-125.9388133,50,50
"MFU","52193","1792","d1","1","Merluccius productus",14508,"83-10",48.06341333,-125.9388133,50,50
"MFU","52193","1792","d1","1","Merluccius productus",29319,"83-10",48.06341333,-125.9388133,50,50
"MFU","52193","1792","d1","1","Microstomus pacificus",0,"83-10",48.06341333,-125.9388133,50,50
"MFU","52193","1792","d1","1","Sardinops sagax",0,"83-10",48.06341333,-125.9388133,50,50
"MFU","52193","1792","d1","1","Scomber japonicus",0,"83-10",48.06341333,-125.9388133,50,50
"MFU","52193","1792","d1","1","Sebastes entomelas",0,"83-10",48.06341333,-125.9388133,50,50
"MFU","52193","1792","d1","1","Stenobrachius leucopsarus",0,"83-10",48.06341333,-125.9388133,50,50
"MFU","52193","1792","d1","1","Stenobrachius leucopsarus",5147,"83-10",48.06341333,-125.9388133,50,50
"MFU","52193","1792","d1","1","Tactostoma macropus",5470,"83-10",48.06341333,-125.9388133,50,50
"MFU","52193","1792","d1","1","Tarletonbeania crenularis",0,"83-10",48.06341333,-125.9388133,50,50
"MFU","52193","1792","d1","1","Tarletonbeania crenularis",18001,"83-10",48.06341333,-125.9388133,50,50
"MFU","52193","1792","d1","1","Thaleichthys pacificus",0,"83-10",48.06341333,-125.9388133,50,50
"MFU","52193","1792","d1","1","Trachurus symmetricus",0,"83-10",48.06341333,-125.9388133,50,50
"MFU","52193","1792","d1","1","Trachurus symmetricus",0,"83-10",48.06341333,-125.9388133,50,50
"MFU","52193","1794","d1","1","Clupea pallasii",0,"83-9",48.06358167,-125.8120833,0,0
"MFU","52193","1794","d1","1","Engraulis mordax",0,"83-9",48.06358167,-125.8120833,0,0
"MFU","52193","1794","d1","1","Leuroglossus stilbius",0,"83-9",48.06358167,-125.8120833,0,0
"MFU","52193","1794","d1","1","Merluccius productus",0,"83-9",48.06358167,-125.8120833,0,0
"MFU","52193","1794","d1","1","Merluccius productus",2563,"83-9",48.06358167,-125.8120833,0,0
"MFU","52193","1794","d1","1","Microstomus pacificus",0,"83-9",48.06358167,-125.8120833,0,0
"MFU","52193","1794","d1","1","Sardinops sagax",0,"83-9",48.06358167,-125.8120833,0,0
"MFU","52193","1794","d1","1","Scomber japonicus",0,"83-9",48.06358167,-125.8120833,0,0
"MFU","52193","1794","d1","1","Sebastes entomelas",0,"83-9",48.06358167,-125.8120833,0,0
"MFU","52193","1794","d1","1","Stenobrachius leucopsarus",0,"83-9",48.06358167,-125.8120833,0,0
"MFU","52193","1794","d1","1","Stenobrachius leucopsarus",0,"83-9",48.06358167,-125.8120833,0,0
"MFU","52193","1794","d1","1","Tactostoma macropus",25994,"83-9",48.06358167,-125.8120833,0,0
"MFU","52193","1794","d1","1","Tarletonbeania crenularis",0,"83-9",48.06358167,-125.8120833,0,0
"MFU","52193","1794","d1","1","Tarletonbeania crenularis",2360,"83-9",48.06358167,-125.8120833,0,0
"MFU","52193","1794","d1","1","Thaleichthys pacificus",0,"83-9",48.06358167,-125.8120833,0,0
"MFU","52193","1794","d1","1","Trachurus symmetricus",0,"83-9",48.06358167,-125.8120833,0,0
"MFU","52193","1794","d1","1","Trachurus symmetricus",4301,"83-9",48.06358167,-125.8120833,0,0
"MFU","52193","1796","d1","1","Clupea pallasii",0,"83-9",48.06358167,-125.8120833,500,500
"MFU","52193","1796","d1","1","Engraulis mordax",0,"83-9",48.06358167,-125.8120833,500,500
"MFU","52193","1796","d1","1","Leuroglossus stilbius",0,"83-9",48.06358167,-125.8120833,500,500
"MFU","52193","1796","d1","1","Merluccius productus",1462,"83-9",48.06358167,-125.8120833,500,500
"MFU","52193","1796","d1","1","Merluccius productus",11015,"83-9",48.06358167,-125.8120833,500,500
"MFU","52193","1796","d1","1","Microstomus pacificus",0,"83-9",48.06358167,-125.8120833,500,500
"MFU","52193","1796","d1","1","Sardinops sagax",0,"83-9",48.06358167,-125.8120833,500,500
"MFU","52193","1796","d1","1","Scomber japonicus",0,"83-9",48.06358167,-125.8120833,500,500
"MFU","52193","1796","d1","1","Sebastes entomelas",0,"83-9",48.06358167,-125.8120833,500,500
"MFU","52193","1796","d1","1","Stenobrachius leucopsarus",0,"83-9",48.06358167,-125.8120833,500,500
"MFU","52193","1796","d1","1","Stenobrachius leucopsarus",0,"83-9",48.06358167,-125.8120833,500,500
"MFU","52193","1796","d1","1","Tactostoma macropus",0,"83-9",48.06358167,-125.8120833,500,500
"MFU","52193","1796","d1","1","Tarletonbeania crenularis",0,"83-9",48.06358167,-125.8120833,500,500
"MFU","52193","1796","d1","1","Tarletonbeania crenularis",0,"83-9",48.06358167,-125.8120833,500,500
"MFU","52193","1796","d1","1","Thaleichthys pacificus",0,"83-9",48.06358167,-125.8120833,500,500
"MFU","52193","1796","d1","1","Trachurus symmetricus",0,"83-9",48.06358167,-125.8120833,500,500
"MFU","52193","1796","d1","1","Trachurus symmetricus",0,"83-9",48.06358167,-125.8120833,500,500
"MFU","52193","1798","d1","1","Clupea pallasii",0,"83-9",48.06358167,-125.8120833,300,300
"MFU","52193","1798","d1","1","Engraulis mordax",0,"83-9",48.06358167,-125.8120833,300,300
"MFU","52193","1798","d1","1","Leuroglossus stilbius",0,"83-9",48.06358167,-125.8120833,300,300
"MFU","52193","1798","d1","1","Merluccius productus",1396,"83-9",48.06358167,-125.8120833,300,300
"MFU","52193","1798","d1","1","Merluccius productus",54314,"83-9",48.06358167,-125.8120833,300,300
"MFU","52193","1798","d1","1","Microstomus pacificus",0,"83-9",48.06358167,-125.8120833,300,300
"MFU","52193","1798","d1","1","Sardinops sagax",0,"83-9",48.06358167,-125.8120833,300,300
"MFU","52193","1798","d1","1","Scomber japonicus",0,"83-9",48.06358167,-125.8120833,300,300
"MFU","52193","1798","d1","1","Sebastes entomelas",0,"83-9",48.06358167,-125.8120833,300,300
"MFU","52193","1798","d1","1","Stenobrachius leucopsarus",0,"83-9",48.06358167,-125.8120833,300,300
"MFU","52193","1798","d1","1","Stenobrachius leucopsarus",3152,"83-9",48.06358167,-125.8120833,300,300
"MFU","52193","1798","d1","1","Tactostoma macropus",0,"83-9",48.06358167,-125.8120833,300,300
"MFU","52193","1798","d1","1","Tarletonbeania crenularis",0,"83-9",48.06358167,-125.8120833,300,300
"MFU","52193","1798","d1","1","Tarletonbeania crenularis",10413,"83-9",48.06358167,-125.8120833,300,300
"MFU","52193","1798","d1","1","Thaleichthys pacificus",1032,"83-9",48.06358167,-125.8120833,300,300
"MFU","52193","1798","d1","1","Trachurus symmetricus",0,"83-9",48.06358167,-125.8120833,300,300
"MFU","52193","1798","d1","1","Trachurus symmetricus",0,"83-9",48.06358167,-125.8120833,300,300
"MFU","52193","180","d1","1","Clupea pallasii",0,"31-9",39.39722,-124.5593383,300,300
"MFU","52193","180","d1","1","Engraulis mordax",0,"31-9",39.39722,-124.5593383,300,300
"MFU","52193","180","d1","1","Leuroglossus stilbius",0,"31-9",39.39722,-124.5593383,300,300
"MFU","52193","180","d1","1","Merluccius productus",0,"31-9",39.39722,-124.5593383,300,300
"MFU","52193","180","d1","1","Merluccius productus",14800,"31-9",39.39722,-124.5593383,300,300
"MFU","52193","180","d1","1","Microstomus pacificus",0,"31-9",39.39722,-124.5593383,300,300
"MFU","52193","180","d1","1","Sardinops sagax",0,"31-9",39.39722,-124.5593383,300,300
"MFU","52193","180","d1","1","Scomber japonicus",0,"31-9",39.39722,-124.5593383,300,300
"MFU","52193","180","d1","1","Sebastes entomelas",0,"31-9",39.39722,-124.5593383,300,300
"MFU","52193","180","d1","1","Stenobrachius leucopsarus",0,"31-9",39.39722,-124.5593383,300,300
"MFU","52193","180","d1","1","Stenobrachius leucopsarus",774,"31-9",39.39722,-124.5593383,300,300
"MFU","52193","180","d1","1","Tactostoma macropus",0,"31-9",39.39722,-124.5593383,300,300
"MFU","52193","180","d1","1","Tarletonbeania crenularis",0,"31-9",39.39722,-124.5593383,300,300
"MFU","52193","180","d1","1","Tarletonbeania crenularis",4595,"31-9",39.39722,-124.5593383,300,300
"MFU","52193","180","d1","1","Thaleichthys pacificus",0,"31-9",39.39722,-124.5593383,300,300
"MFU","52193","180","d1","1","Trachurus symmetricus",0,"31-9",39.39722,-124.5593383,300,300
"MFU","52193","180","d1","1","Trachurus symmetricus",529,"31-9",39.39722,-124.5593383,300,300
"MFU","52193","1800","d1","1","Clupea pallasii",0,"83-9",48.06358167,-125.8120833,150,150
"MFU","52193","1800","d1","1","Engraulis mordax",0,"83-9",48.06358167,-125.8120833,150,150
"MFU","52193","1800","d1","1","Leuroglossus stilbius",0,"83-9",48.06358167,-125.8120833,150,150
"MFU","52193","1800","d1","1","Merluccius productus",0,"83-9",48.06358167,-125.8120833,150,150
"MFU","52193","1800","d1","1","Merluccius productus",4811,"83-9",48.06358167,-125.8120833,150,150
"MFU","52193","1800","d1","1","Microstomus pacificus",0,"83-9",48.06358167,-125.8120833,150,150
"MFU","52193","1800","d1","1","Sardinops sagax",0,"83-9",48.06358167,-125.8120833,150,150
"MFU","52193","1800","d1","1","Scomber japonicus",0,"83-9",48.06358167,-125.8120833,150,150
"MFU","52193","1800","d1","1","Sebastes entomelas",0,"83-9",48.06358167,-125.8120833,150,150
"MFU","52193","1800","d1","1","Stenobrachius leucopsarus",0,"83-9",48.06358167,-125.8120833,150,150
"MFU","52193","1800","d1","1","Stenobrachius leucopsarus",660,"83-9",48.06358167,-125.8120833,150,150
"MFU","52193","1800","d1","1","Tactostoma macropus",0,"83-9",48.06358167,-125.8120833,150,150
"MFU","52193","1800","d1","1","Tarletonbeania crenularis",0,"83-9",48.06358167,-125.8120833,150,150
"MFU","52193","1800","d1","1","Tarletonbeania crenularis",3681,"83-9",48.06358167,-125.8120833,150,150
"MFU","52193","1800","d1","1","Thaleichthys pacificus",0,"83-9",48.06358167,-125.8120833,150,150
"MFU","52193","1800","d1","1","Trachurus symmetricus",0,"83-9",48.06358167,-125.8120833,150,150
"MFU","52193","1800","d1","1","Trachurus symmetricus",0,"83-9",48.06358167,-125.8120833,150,150
"MFU","52193","1804","d1","1","Clupea pallasii",0,"83-9",48.06358167,-125.8120833,50,50
"MFU","52193","1804","d1","1","Engraulis mordax",0,"83-9",48.06358167,-125.8120833,50,50
"MFU","52193","1804","d1","1","Leuroglossus stilbius",0,"83-9",48.06358167,-125.8120833,50,50
"MFU","52193","1804","d1","1","Merluccius productus",0,"83-9",48.06358167,-125.8120833,50,50
"MFU","52193","1804","d1","1","Merluccius productus",0,"83-9",48.06358167,-125.8120833,50,50
"MFU","52193","1804","d1","1","Microstomus pacificus",0,"83-9",48.06358167,-125.8120833,50,50
"MFU","52193","1804","d1","1","Sardinops sagax",0,"83-9",48.06358167,-125.8120833,50,50
"MFU","52193","1804","d1","1","Scomber japonicus",0,"83-9",48.06358167,-125.8120833,50,50
"MFU","52193","1804","d1","1","Sebastes entomelas",938,"83-9",48.06358167,-125.8120833,50,50
"MFU","52193","1804","d1","1","Stenobrachius leucopsarus",0,"83-9",48.06358167,-125.8120833,50,50
"MFU","52193","1804","d1","1","Stenobrachius leucopsarus",910,"83-9",48.06358167,-125.8120833,50,50
"MFU","52193","1804","d1","1","Tactostoma macropus",0,"83-9",48.06358167,-125.8120833,50,50
"MFU","52193","1804","d1","1","Tarletonbeania crenularis",0,"83-9",48.06358167,-125.8120833,50,50
"MFU","52193","1804","d1","1","Tarletonbeania crenularis",3339,"83-9",48.06358167,-125.8120833,50,50
"MFU","52193","1804","d1","1","Thaleichthys pacificus",0,"83-9",48.06358167,-125.8120833,50,50
"MFU","52193","1804","d1","1","Trachurus symmetricus",0,"83-9",48.06358167,-125.8120833,50,50
"MFU","52193","1804","d1","1","Trachurus symmetricus",1845,"83-9",48.06358167,-125.8120833,50,50
"MFU","52193","1806","d1","1","Clupea pallasii",0,"83-8",48.06278167,-125.6890883,0,0
"MFU","52193","1806","d1","1","Engraulis mordax",0,"83-8",48.06278167,-125.6890883,0,0
"MFU","52193","1806","d1","1","Leuroglossus stilbius",0,"83-8",48.06278167,-125.6890883,0,0
"MFU","52193","1806","d1","1","Merluccius productus",11161,"83-8",48.06278167,-125.6890883,0,0
"MFU","52193","1806","d1","1","Merluccius productus",42507,"83-8",48.06278167,-125.6890883,0,0
"MFU","52193","1806","d1","1","Microstomus pacificus",0,"83-8",48.06278167,-125.6890883,0,0
"MFU","52193","1806","d1","1","Sardinops sagax",0,"83-8",48.06278167,-125.6890883,0,0
"MFU","52193","1806","d1","1","Scomber japonicus",0,"83-8",48.06278167,-125.6890883,0,0
"MFU","52193","1806","d1","1","Sebastes entomelas",0,"83-8",48.06278167,-125.6890883,0,0
"MFU","52193","1806","d1","1","Stenobrachius leucopsarus",0,"83-8",48.06278167,-125.6890883,0,0
"MFU","52193","1806","d1","1","Stenobrachius leucopsarus",1494,"83-8",48.06278167,-125.6890883,0,0
"MFU","52193","1806","d1","1","Tactostoma macropus",20225,"83-8",48.06278167,-125.6890883,0,0
"MFU","52193","1806","d1","1","Tarletonbeania crenularis",0,"83-8",48.06278167,-125.6890883,0,0
"MFU","52193","1806","d1","1","Tarletonbeania crenularis",0,"83-8",48.06278167,-125.6890883,0,0
"MFU","52193","1806","d1","1","Thaleichthys pacificus",0,"83-8",48.06278167,-125.6890883,0,0
"MFU","52193","1806","d1","1","Trachurus symmetricus",0,"83-8",48.06278167,-125.6890883,0,0
"MFU","52193","1806","d1","1","Trachurus symmetricus",13137,"83-8",48.06278167,-125.6890883,0,0
"MFU","52193","1808","d1","1","Clupea pallasii",0,"83-8",48.06278167,-125.6890883,500,500
"MFU","52193","1808","d1","1","Engraulis mordax",0,"83-8",48.06278167,-125.6890883,500,500
"MFU","52193","1808","d1","1","Leuroglossus stilbius",0,"83-8",48.06278167,-125.6890883,500,500
"MFU","52193","1808","d1","1","Merluccius productus",30210,"83-8",48.06278167,-125.6890883,500,500
"MFU","52193","1808","d1","1","Merluccius productus",103154,"83-8",48.06278167,-125.6890883,500,500
"MFU","52193","1808","d1","1","Microstomus pacificus",0,"83-8",48.06278167,-125.6890883,500,500
"MFU","52193","1808","d1","1","Sardinops sagax",0,"83-8",48.06278167,-125.6890883,500,500
"MFU","52193","1808","d1","1","Scomber japonicus",0,"83-8",48.06278167,-125.6890883,500,500
"MFU","52193","1808","d1","1","Sebastes entomelas",0,"83-8",48.06278167,-125.6890883,500,500
"MFU","52193","1808","d1","1","Stenobrachius leucopsarus",0,"83-8",48.06278167,-125.6890883,500,500
"MFU","52193","1808","d1","1","Stenobrachius leucopsarus",0,"83-8",48.06278167,-125.6890883,500,500
"MFU","52193","1808","d1","1","Tactostoma macropus",0,"83-8",48.06278167,-125.6890883,500,500
"MFU","52193","1808","d1","1","Tarletonbeania crenularis",0,"83-8",48.06278167,-125.6890883,500,500
"MFU","52193","1808","d1","1","Tarletonbeania crenularis",0,"83-8",48.06278167,-125.6890883,500,500
"MFU","52193","1808","d1","1","Thaleichthys pacificus",0,"83-8",48.06278167,-125.6890883,500,500
"MFU","52193","1808","d1","1","Trachurus symmetricus",0,"83-8",48.06278167,-125.6890883,500,500
"MFU","52193","1808","d1","1","Trachurus symmetricus",0,"83-8",48.06278167,-125.6890883,500,500
"MFU","52193","1811","d1","1","Clupea pallasii",3270,"83-8",48.06278167,-125.6890883,300,300
"MFU","52193","1811","d1","1","Engraulis mordax",0,"83-8",48.06278167,-125.6890883,300,300
"MFU","52193","1811","d1","1","Leuroglossus stilbius",0,"83-8",48.06278167,-125.6890883,300,300
"MFU","52193","1811","d1","1","Merluccius productus",11792,"83-8",48.06278167,-125.6890883,300,300
"MFU","52193","1811","d1","1","Merluccius productus",69719,"83-8",48.06278167,-125.6890883,300,300
"MFU","52193","1811","d1","1","Microstomus pacificus",1117,"83-8",48.06278167,-125.6890883,300,300
"MFU","52193","1811","d1","1","Sardinops sagax",0,"83-8",48.06278167,-125.6890883,300,300
"MFU","52193","1811","d1","1","Scomber japonicus",0,"83-8",48.06278167,-125.6890883,300,300
"MFU","52193","1811","d1","1","Sebastes entomelas",0,"83-8",48.06278167,-125.6890883,300,300
"MFU","52193","1811","d1","1","Stenobrachius leucopsarus",0,"83-8",48.06278167,-125.6890883,300,300
"MFU","52193","1811","d1","1","Stenobrachius leucopsarus",3663,"83-8",48.06278167,-125.6890883,300,300
"MFU","52193","1811","d1","1","Tactostoma macropus",0,"83-8",48.06278167,-125.6890883,300,300
"MFU","52193","1811","d1","1","Tarletonbeania crenularis",0,"83-8",48.06278167,-125.6890883,300,300
"MFU","52193","1811","d1","1","Tarletonbeania crenularis",0,"83-8",48.06278167,-125.6890883,300,300
"MFU","52193","1811","d1","1","Thaleichthys pacificus",0,"83-8",48.06278167,-125.6890883,300,300
"MFU","52193","1811","d1","1","Trachurus symmetricus",0,"83-8",48.06278167,-125.6890883,300,300
"MFU","52193","1811","d1","1","Trachurus symmetricus",0,"83-8",48.06278167,-125.6890883,300,300
"MFU","52193","1812","d1","1","Clupea pallasii",2115,"83-8",48.06278167,-125.6890883,150,150
"MFU","52193","1812","d1","1","Engraulis mordax",0,"83-8",48.06278167,-125.6890883,150,150
"MFU","52193","1812","d1","1","Leuroglossus stilbius",0,"83-8",48.06278167,-125.6890883,150,150
"MFU","52193","1812","d1","1","Merluccius productus",235,"83-8",48.06278167,-125.6890883,150,150
"MFU","52193","1812","d1","1","Merluccius productus",1749,"83-8",48.06278167,-125.6890883,150,150
"MFU","52193","1812","d1","1","Microstomus pacificus",0,"83-8",48.06278167,-125.6890883,150,150
"MFU","52193","1812","d1","1","Sardinops sagax",0,"83-8",48.06278167,-125.6890883,150,150
"MFU","52193","1812","d1","1","Scomber japonicus",0,"83-8",48.06278167,-125.6890883,150,150
"MFU","52193","1812","d1","1","Sebastes entomelas",244,"83-8",48.06278167,-125.6890883,150,150
"MFU","52193","1812","d1","1","Stenobrachius leucopsarus",0,"83-8",48.06278167,-125.6890883,150,150
"MFU","52193","1812","d1","1","Stenobrachius leucopsarus",232,"83-8",48.06278167,-125.6890883,150,150
"MFU","52193","1812","d1","1","Tactostoma macropus",175,"83-8",48.06278167,-125.6890883,150,150
"MFU","52193","1812","d1","1","Tarletonbeania crenularis",0,"83-8",48.06278167,-125.6890883,150,150
"MFU","52193","1812","d1","1","Tarletonbeania crenularis",144,"83-8",48.06278167,-125.6890883,150,150
"MFU","52193","1812","d1","1","Thaleichthys pacificus",0,"83-8",48.06278167,-125.6890883,150,150
"MFU","52193","1812","d1","1","Trachurus symmetricus",0,"83-8",48.06278167,-125.6890883,150,150
"MFU","52193","1812","d1","1","Trachurus symmetricus",0,"83-8",48.06278167,-125.6890883,150,150
"MFU","52193","1816","d1","1","Clupea pallasii",0,"83-8",48.06278167,-125.6890883,50,50
"MFU","52193","1816","d1","1","Engraulis mordax",0,"83-8",48.06278167,-125.6890883,50,50
"MFU","52193","1816","d1","1","Leuroglossus stilbius",0,"83-8",48.06278167,-125.6890883,50,50
"MFU","52193","1816","d1","1","Merluccius productus",0,"83-8",48.06278167,-125.6890883,50,50
"MFU","52193","1816","d1","1","Merluccius productus",0,"83-8",48.06278167,-125.6890883,50,50
"MFU","52193","1816","d1","1","Microstomus pacificus",0,"83-8",48.06278167,-125.6890883,50,50
"MFU","52193","1816","d1","1","Sardinops sagax",0,"83-8",48.06278167,-125.6890883,50,50
"MFU","52193","1816","d1","1","Scomber japonicus",0,"83-8",48.06278167,-125.6890883,50,50
"MFU","52193","1816","d1","1","Sebastes entomelas",4814,"83-8",48.06278167,-125.6890883,50,50
"MFU","52193","1816","d1","1","Stenobrachius leucopsarus",0,"83-8",48.06278167,-125.6890883,50,50
"MFU","52193","1816","d1","1","Stenobrachius leucopsarus",5186,"83-8",48.06278167,-125.6890883,50,50
"MFU","52193","1816","d1","1","Tactostoma macropus",1353,"83-8",48.06278167,-125.6890883,50,50
"MFU","52193","1816","d1","1","Tarletonbeania crenularis",0,"83-8",48.06278167,-125.6890883,50,50
"MFU","52193","1816","d1","1","Tarletonbeania crenularis",2794,"83-8",48.06278167,-125.6890883,50,50
"MFU","52193","1816","d1","1","Thaleichthys pacificus",0,"83-8",48.06278167,-125.6890883,50,50
"MFU","52193","1816","d1","1","Trachurus symmetricus",0,"83-8",48.06278167,-125.6890883,50,50
"MFU","52193","1816","d1","1","Trachurus symmetricus",0,"83-8",48.06278167,-125.6890883,50,50
"MFU","52193","1818","d5","1","Clupea pallasii",5727,"83-7",48.06353167,-125.6078533,0,0
"MFU","52193","1818","d5","1","Engraulis mordax",0,"83-7",48.06353167,-125.6078533,0,0
"MFU","52193","1818","d5","1","Leuroglossus stilbius",0,"83-7",48.06353167,-125.6078533,0,0
"MFU","52193","1818","d5","1","Merluccius productus",0,"83-7",48.06353167,-125.6078533,0,0
"MFU","52193","1818","d5","1","Merluccius productus",7025,"83-7",48.06353167,-125.6078533,0,0
"MFU","52193","1818","d5","1","Microstomus pacificus",0,"83-7",48.06353167,-125.6078533,0,0
"MFU","52193","1818","d5","1","Sardinops sagax",0,"83-7",48.06353167,-125.6078533,0,0
"MFU","52193","1818","d5","1","Scomber japonicus",0,"83-7",48.06353167,-125.6078533,0,0
"MFU","52193","1818","d5","1","Sebastes entomelas",0,"83-7",48.06353167,-125.6078533,0,0
"MFU","52193","1818","d5","1","Stenobrachius leucopsarus",0,"83-7",48.06353167,-125.6078533,0,0
"MFU","52193","1818","d5","1","Stenobrachius leucopsarus",0,"83-7",48.06353167,-125.6078533,0,0
"MFU","52193","1818","d5","1","Tactostoma macropus",28099,"83-7",48.06353167,-125.6078533,0,0
"MFU","52193","1818","d5","1","Tarletonbeania crenularis",0,"83-7",48.06353167,-125.6078533,0,0
"MFU","52193","1818","d5","1","Tarletonbeania crenularis",0,"83-7",48.06353167,-125.6078533,0,0
"MFU","52193","1818","d5","1","Thaleichthys pacificus",0,"83-7",48.06353167,-125.6078533,0,0
"MFU","52193","1818","d5","1","Trachurus symmetricus",0,"83-7",48.06353167,-125.6078533,0,0
"MFU","52193","1818","d5","1","Trachurus symmetricus",0,"83-7",48.06353167,-125.6078533,0,0
"MFU","52193","182","d1","1","Clupea pallasii",0,"31-9",39.39722,-124.5593383,150,150
"MFU","52193","182","d1","1","Engraulis mordax",0,"31-9",39.39722,-124.5593383,150,150
"MFU","52193","182","d1","1","Leuroglossus stilbius",0,"31-9",39.39722,-124.5593383,150,150
"MFU","52193","182","d1","1","Merluccius productus",1444,"31-9",39.39722,-124.5593383,150,150
"MFU","52193","182","d1","1","Merluccius productus",60412,"31-9",39.39722,-124.5593383,150,150
"MFU","52193","182","d1","1","Microstomus pacificus",0,"31-9",39.39722,-124.5593383,150,150
"MFU","52193","182","d1","1","Sardinops sagax",0,"31-9",39.39722,-124.5593383,150,150
"MFU","52193","182","d1","1","Scomber japonicus",0,"31-9",39.39722,-124.5593383,150,150
"MFU","52193","182","d1","1","Sebastes entomelas",0,"31-9",39.39722,-124.5593383,150,150
"MFU","52193","182","d1","1","Stenobrachius leucopsarus",0,"31-9",39.39722,-124.5593383,150,150
"MFU","52193","182","d1","1","Stenobrachius leucopsarus",827,"31-9",39.39722,-124.5593383,150,150
"MFU","52193","182","d1","1","Tactostoma macropus",0,"31-9",39.39722,-124.5593383,150,150
"MFU","52193","182","d1","1","Tarletonbeania crenularis",0,"31-9",39.39722,-124.5593383,150,150
"MFU","52193","182","d1","1","Tarletonbeania crenularis",1707,"31-9",39.39722,-124.5593383,150,150
"MFU","52193","182","d1","1","Thaleichthys pacificus",0,"31-9",39.39722,-124.5593383,150,150
"MFU","52193","182","d1","1","Trachurus symmetricus",0,"31-9",39.39722,-124.5593383,150,150
"MFU","52193","182","d1","1","Trachurus symmetricus",7963,"31-9",39.39722,-124.5593383,150,150
"MFU","52193","1826","d1","1","Clupea pallasii",3825,"83-7",48.06353167,-125.6078533,50,50
"MFU","52193","1826","d1","1","Engraulis mordax",0,"83-7",48.06353167,-125.6078533,50,50
"MFU","52193","1826","d1","1","Leuroglossus stilbius",0,"83-7",48.06353167,-125.6078533,50,50
"MFU","52193","1826","d1","1","Merluccius productus",0,"83-7",48.06353167,-125.6078533,50,50
"MFU","52193","1826","d1","1","Merluccius productus",45552,"83-7",48.06353167,-125.6078533,50,50
"MFU","52193","1826","d1","1","Microstomus pacificus",0,"83-7",48.06353167,-125.6078533,50,50
"MFU","52193","1826","d1","1","Sardinops sagax",0,"83-7",48.06353167,-125.6078533,50,50
"MFU","52193","1826","d1","1","Scomber japonicus",0,"83-7",48.06353167,-125.6078533,50,50
"MFU","52193","1826","d1","1","Sebastes entomelas",4053,"83-7",48.06353167,-125.6078533,50,50
"MFU","52193","1826","d1","1","Stenobrachius leucopsarus",0,"83-7",48.06353167,-125.6078533,50,50
"MFU","52193","1826","d1","1","Stenobrachius leucopsarus",1285,"83-7",48.06353167,-125.6078533,50,50
"MFU","52193","1826","d1","1","Tactostoma macropus",0,"83-7",48.06353167,-125.6078533,50,50
"MFU","52193","1826","d1","1","Tarletonbeania crenularis",0,"83-7",48.06353167,-125.6078533,50,50
"MFU","52193","1826","d1","1","Tarletonbeania crenularis",1882,"83-7",48.06353167,-125.6078533,50,50
"MFU","52193","1826","d1","1","Thaleichthys pacificus",0,"83-7",48.06353167,-125.6078533,50,50
"MFU","52193","1826","d1","1","Trachurus symmetricus",0,"83-7",48.06353167,-125.6078533,50,50
"MFU","52193","1826","d1","1","Trachurus symmetricus",0,"83-7",48.06353167,-125.6078533,50,50
"MFU","52193","1828","d10","1","Clupea pallasii",0,"83-6",48.06433667,-125.510255,0,0
"MFU","52193","1828","d10","1","Engraulis mordax",0,"83-6",48.06433667,-125.510255,0,0
"MFU","52193","1828","d10","1","Leuroglossus stilbius",0,"83-6",48.06433667,-125.510255,0,0
"MFU","52193","1828","d10","1","Merluccius productus",0,"83-6",48.06433667,-125.510255,0,0
"MFU","52193","1828","d10","1","Merluccius productus",0,"83-6",48.06433667,-125.510255,0,0
"MFU","52193","1828","d10","1","Microstomus pacificus",0,"83-6",48.06433667,-125.510255,0,0
"MFU","52193","1828","d10","1","Sardinops sagax",0,"83-6",48.06433667,-125.510255,0,0
"MFU","52193","1828","d10","1","Scomber japonicus",0,"83-6",48.06433667,-125.510255,0,0
"MFU","52193","1828","d10","1","Sebastes entomelas",0,"83-6",48.06433667,-125.510255,0,0
"MFU","52193","1828","d10","1","Stenobrachius leucopsarus",0,"83-6",48.06433667,-125.510255,0,0
"MFU","52193","1828","d10","1","Stenobrachius leucopsarus",0,"83-6",48.06433667,-125.510255,0,0
"MFU","52193","1828","d10","1","Tactostoma macropus",0,"83-6",48.06433667,-125.510255,0,0
"MFU","52193","1828","d10","1","Tarletonbeania crenularis",0,"83-6",48.06433667,-125.510255,0,0
"MFU","52193","1828","d10","1","Tarletonbeania crenularis",0,"83-6",48.06433667,-125.510255,0,0
"MFU","52193","1828","d10","1","Thaleichthys pacificus",0,"83-6",48.06433667,-125.510255,0,0
"MFU","52193","1828","d10","1","Trachurus symmetricus",0,"83-6",48.06433667,-125.510255,0,0
"MFU","52193","1828","d10","1","Trachurus symmetricus",0,"83-6",48.06433667,-125.510255,0,0
"MFU","52193","1828","d5","1","Clupea pallasii",12043,"83-6",48.06433667,-125.510255,0,0
"MFU","52193","1828","d5","1","Engraulis mordax",0,"83-6",48.06433667,-125.510255,0,0
"MFU","52193","1828","d5","1","Leuroglossus stilbius",0,"83-6",48.06433667,-125.510255,0,0
"MFU","52193","1828","d5","1","Merluccius productus",0,"83-6",48.06433667,-125.510255,0,0
"MFU","52193","1828","d5","1","Merluccius productus",8756,"83-6",48.06433667,-125.510255,0,0
"MFU","52193","1828","d5","1","Microstomus pacificus",0,"83-6",48.06433667,-125.510255,0,0
"MFU","52193","1828","d5","1","Sardinops sagax",0,"83-6",48.06433667,-125.510255,0,0
"MFU","52193","1828","d5","1","Scomber japonicus",0,"83-6",48.06433667,-125.510255,0,0
"MFU","52193","1828","d5","1","Sebastes entomelas",0,"83-6",48.06433667,-125.510255,0,0
"MFU","52193","1828","d5","1","Stenobrachius leucopsarus",0,"83-6",48.06433667,-125.510255,0,0
"MFU","52193","1828","d5","1","Stenobrachius leucopsarus",0,"83-6",48.06433667,-125.510255,0,0
"MFU","52193","1828","d5","1","Tactostoma macropus",0,"83-6",48.06433667,-125.510255,0,0
"MFU","52193","1828","d5","1","Tarletonbeania crenularis",0,"83-6",48.06433667,-125.510255,0,0
"MFU","52193","1828","d5","1","Tarletonbeania crenularis",0,"83-6",48.06433667,-125.510255,0,0
"MFU","52193","1828","d5","1","Thaleichthys pacificus",0,"83-6",48.06433667,-125.510255,0,0
"MFU","52193","1828","d5","1","Trachurus symmetricus",0,"83-6",48.06433667,-125.510255,0,0
"MFU","52193","1828","d5","1","Trachurus symmetricus",6911,"83-6",48.06433667,-125.510255,0,0
"MFU","52193","1834","d1","1","Clupea pallasii",1421,"83-6",48.06433667,-125.510255,50,50
"MFU","52193","1834","d1","1","Engraulis mordax",0,"83-6",48.06433667,-125.510255,50,50
"MFU","52193","1834","d1","1","Leuroglossus stilbius",0,"83-6",48.06433667,-125.510255,50,50
"MFU","52193","1834","d1","1","Merluccius productus",3532,"83-6",48.06433667,-125.510255,50,50
"MFU","52193","1834","d1","1","Merluccius productus",1808,"83-6",48.06433667,-125.510255,50,50
"MFU","52193","1834","d1","1","Microstomus pacificus",0,"83-6",48.06433667,-125.510255,50,50
"MFU","52193","1834","d1","1","Sardinops sagax",0,"83-6",48.06433667,-125.510255,50,50
"MFU","52193","1834","d1","1","Scomber japonicus",0,"83-6",48.06433667,-125.510255,50,50
"MFU","52193","1834","d1","1","Sebastes entomelas",0,"83-6",48.06433667,-125.510255,50,50
"MFU","52193","1834","d1","1","Stenobrachius leucopsarus",0,"83-6",48.06433667,-125.510255,50,50
"MFU","52193","1834","d1","1","Stenobrachius leucopsarus",0,"83-6",48.06433667,-125.510255,50,50
"MFU","52193","1834","d1","1","Tactostoma macropus",0,"83-6",48.06433667,-125.510255,50,50
"MFU","52193","1834","d1","1","Tarletonbeania crenularis",0,"83-6",48.06433667,-125.510255,50,50
"MFU","52193","1834","d1","1","Tarletonbeania crenularis",0,"83-6",48.06433667,-125.510255,50,50
"MFU","52193","1834","d1","1","Thaleichthys pacificus",0,"83-6",48.06433667,-125.510255,50,50
"MFU","52193","1834","d1","1","Trachurus symmetricus",0,"83-6",48.06433667,-125.510255,50,50
"MFU","52193","1834","d1","1","Trachurus symmetricus",0,"83-6",48.06433667,-125.510255,50,50
"MFU","52193","1834","d10","1","Clupea pallasii",0,"83-6",48.06433667,-125.510255,50,50
"MFU","52193","1834","d10","1","Engraulis mordax",0,"83-6",48.06433667,-125.510255,50,50
"MFU","52193","1834","d10","1","Leuroglossus stilbius",0,"83-6",48.06433667,-125.510255,50,50
"MFU","52193","1834","d10","1","Merluccius productus",0,"83-6",48.06433667,-125.510255,50,50
"MFU","52193","1834","d10","1","Merluccius productus",0,"83-6",48.06433667,-125.510255,50,50
"MFU","52193","1834","d10","1","Microstomus pacificus",0,"83-6",48.06433667,-125.510255,50,50
"MFU","52193","1834","d10","1","Sardinops sagax",0,"83-6",48.06433667,-125.510255,50,50
"MFU","52193","1834","d10","1","Scomber japonicus",0,"83-6",48.06433667,-125.510255,50,50
"MFU","52193","1834","d10","1","Sebastes entomelas",0,"83-6",48.06433667,-125.510255,50,50
"MFU","52193","1834","d10","1","Stenobrachius leucopsarus",0,"83-6",48.06433667,-125.510255,50,50
"MFU","52193","1834","d10","1","Stenobrachius leucopsarus",0,"83-6",48.06433667,-125.510255,50,50
"MFU","52193","1834","d10","1","Tactostoma macropus",0,"83-6",48.06433667,-125.510255,50,50
"MFU","52193","1834","d10","1","Tarletonbeania crenularis",0,"83-6",48.06433667,-125.510255,50,50
"MFU","52193","1834","d10","1","Tarletonbeania crenularis",0,"83-6",48.06433667,-125.510255,50,50
"MFU","52193","1834","d10","1","Thaleichthys pacificus",0,"83-6",48.06433667,-125.510255,50,50
"MFU","52193","1834","d10","1","Trachurus symmetricus",0,"83-6",48.06433667,-125.510255,50,50
"MFU","52193","1834","d10","1","Trachurus symmetricus",0,"83-6",48.06433667,-125.510255,50,50
"MFU","52193","1836","d1","1","Clupea pallasii",7956,"83-5",48.064755,-125.3869283,0,0
"MFU","52193","1836","d1","1","Engraulis mordax",0,"83-5",48.064755,-125.3869283,0,0
"MFU","52193","1836","d1","1","Leuroglossus stilbius",0,"83-5",48.064755,-125.3869283,0,0
"MFU","52193","1836","d1","1","Merluccius productus",0,"83-5",48.064755,-125.3869283,0,0
"MFU","52193","1836","d1","1","Merluccius productus",0,"83-5",48.064755,-125.3869283,0,0
"MFU","52193","1836","d1","1","Microstomus pacificus",0,"83-5",48.064755,-125.3869283,0,0
"MFU","52193","1836","d1","1","Sardinops sagax",0,"83-5",48.064755,-125.3869283,0,0
"MFU","52193","1836","d1","1","Scomber japonicus",0,"83-5",48.064755,-125.3869283,0,0
"MFU","52193","1836","d1","1","Sebastes entomelas",0,"83-5",48.064755,-125.3869283,0,0
"MFU","52193","1836","d1","1","Stenobrachius leucopsarus",0,"83-5",48.064755,-125.3869283,0,0
"MFU","52193","1836","d1","1","Stenobrachius leucopsarus",0,"83-5",48.064755,-125.3869283,0,0
"MFU","52193","1836","d1","1","Tactostoma macropus",23,"83-5",48.064755,-125.3869283,0,0
"MFU","52193","1836","d1","1","Tarletonbeania crenularis",0,"83-5",48.064755,-125.3869283,0,0
"MFU","52193","1836","d1","1","Tarletonbeania crenularis",0,"83-5",48.064755,-125.3869283,0,0
"MFU","52193","1836","d1","1","Thaleichthys pacificus",0,"83-5",48.064755,-125.3869283,0,0
"MFU","52193","1836","d1","1","Trachurus symmetricus",0,"83-5",48.064755,-125.3869283,0,0
"MFU","52193","1836","d1","1","Trachurus symmetricus",3,"83-5",48.064755,-125.3869283,0,0
"MFU","52193","1836","d5","1","Clupea pallasii",74282,"83-5",48.064755,-125.3869283,0,0
"MFU","52193","1836","d5","1","Engraulis mordax",0,"83-5",48.064755,-125.3869283,0,0
"MFU","52193","1836","d5","1","Leuroglossus stilbius",0,"83-5",48.064755,-125.3869283,0,0
"MFU","52193","1836","d5","1","Merluccius productus",0,"83-5",48.064755,-125.3869283,0,0
"MFU","52193","1836","d5","1","Merluccius productus",0,"83-5",48.064755,-125.3869283,0,0
"MFU","52193","1836","d5","1","Microstomus pacificus",0,"83-5",48.064755,-125.3869283,0,0
"MFU","52193","1836","d5","1","Sardinops sagax",0,"83-5",48.064755,-125.3869283,0,0
"MFU","52193","1836","d5","1","Scomber japonicus",0,"83-5",48.064755,-125.3869283,0,0
"MFU","52193","1836","d5","1","Sebastes entomelas",0,"83-5",48.064755,-125.3869283,0,0
"MFU","52193","1836","d5","1","Stenobrachius leucopsarus",0,"83-5",48.064755,-125.3869283,0,0
"MFU","52193","1836","d5","1","Stenobrachius leucopsarus",0,"83-5",48.064755,-125.3869283,0,0
"MFU","52193","1836","d5","1","Tactostoma macropus",747,"83-5",48.064755,-125.3869283,0,0
"MFU","52193","1836","d5","1","Tarletonbeania crenularis",0,"83-5",48.064755,-125.3869283,0,0
"MFU","52193","1836","d5","1","Tarletonbeania crenularis",0,"83-5",48.064755,-125.3869283,0,0
"MFU","52193","1836","d5","1","Thaleichthys pacificus",0,"83-5",48.064755,-125.3869283,0,0
"MFU","52193","1836","d5","1","Trachurus symmetricus",0,"83-5",48.064755,-125.3869283,0,0
"MFU","52193","1836","d5","1","Trachurus symmetricus",4203,"83-5",48.064755,-125.3869283,0,0
"MFU","52193","1840","d1","1","Clupea pallasii",9690,"83-5",48.064755,-125.3869283,50,50
"MFU","52193","1840","d1","1","Engraulis mordax",0,"83-5",48.064755,-125.3869283,50,50
"MFU","52193","1840","d1","1","Leuroglossus stilbius",0,"83-5",48.064755,-125.3869283,50,50
"MFU","52193","1840","d1","1","Merluccius productus",807,"83-5",48.064755,-125.3869283,50,50
"MFU","52193","1840","d1","1","Merluccius productus",3128,"83-5",48.064755,-125.3869283,50,50
"MFU","52193","1840","d1","1","Microstomus pacificus",0,"83-5",48.064755,-125.3869283,50,50
"MFU","52193","1840","d1","1","Sardinops sagax",0,"83-5",48.064755,-125.3869283,50,50
"MFU","52193","1840","d1","1","Scomber japonicus",0,"83-5",48.064755,-125.3869283,50,50
"MFU","52193","1840","d1","1","Sebastes entomelas",533,"83-5",48.064755,-125.3869283,50,50
"MFU","52193","1840","d1","1","Stenobrachius leucopsarus",0,"83-5",48.064755,-125.3869283,50,50
"MFU","52193","1840","d1","1","Stenobrachius leucopsarus",0,"83-5",48.064755,-125.3869283,50,50
"MFU","52193","1840","d1","1","Tactostoma macropus",0,"83-5",48.064755,-125.3869283,50,50
"MFU","52193","1840","d1","1","Tarletonbeania crenularis",0,"83-5",48.064755,-125.3869283,50,50
"MFU","52193","1840","d1","1","Tarletonbeania crenularis",0,"83-5",48.064755,-125.3869283,50,50
"MFU","52193","1840","d1","1","Thaleichthys pacificus",0,"83-5",48.064755,-125.3869283,50,50
"MFU","52193","1840","d1","1","Trachurus symmetricus",0,"83-5",48.064755,-125.3869283,50,50
"MFU","52193","1840","d1","1","Trachurus symmetricus",0,"83-5",48.064755,-125.3869283,50,50
"MFU","52193","1843","d1","1","Clupea pallasii",0,"85-15",48.39307167,-126.429775,0,0
"MFU","52193","1843","d1","1","Engraulis mordax",0,"85-15",48.39307167,-126.429775,0,0
"MFU","52193","1843","d1","1","Leuroglossus stilbius",0,"85-15",48.39307167,-126.429775,0,0
"MFU","52193","1843","d1","1","Merluccius productus",0,"85-15",48.39307167,-126.429775,0,0
"MFU","52193","1843","d1","1","Merluccius productus",6,"85-15",48.39307167,-126.429775,0,0
"MFU","52193","1843","d1","1","Microstomus pacificus",0,"85-15",48.39307167,-126.429775,0,0
"MFU","52193","1843","d1","1","Sardinops sagax",0,"85-15",48.39307167,-126.429775,0,0
"MFU","52193","1843","d1","1","Scomber japonicus",11390,"85-15",48.39307167,-126.429775,0,0
"MFU","52193","1843","d1","1","Sebastes entomelas",0,"85-15",48.39307167,-126.429775,0,0
"MFU","52193","1843","d1","1","Stenobrachius leucopsarus",0,"85-15",48.39307167,-126.429775,0,0
"MFU","52193","1843","d1","1","Stenobrachius leucopsarus",7328,"85-15",48.39307167,-126.429775,0,0
"MFU","52193","1843","d1","1","Tactostoma macropus",69484,"85-15",48.39307167,-126.429775,0,0
"MFU","52193","1843","d1","1","Tarletonbeania crenularis",0,"85-15",48.39307167,-126.429775,0,0
"MFU","52193","1843","d1","1","Tarletonbeania crenularis",29,"85-15",48.39307167,-126.429775,0,0
"MFU","52193","1843","d1","1","Thaleichthys pacificus",0,"85-15",48.39307167,-126.429775,0,0
"MFU","52193","1843","d1","1","Trachurus symmetricus",0,"85-15",48.39307167,-126.429775,0,0
"MFU","52193","1843","d1","1","Trachurus symmetricus",9913,"85-15",48.39307167,-126.429775,0,0
"MFU","52193","1843","d5","1","Clupea pallasii",0,"85-15",48.39307167,-126.429775,0,0
"MFU","52193","1843","d5","1","Engraulis mordax",0,"85-15",48.39307167,-126.429775,0,0
"MFU","52193","1843","d5","1","Leuroglossus stilbius",0,"85-15",48.39307167,-126.429775,0,0
"MFU","52193","1843","d5","1","Merluccius productus",0,"85-15",48.39307167,-126.429775,0,0
"MFU","52193","1843","d5","1","Merluccius productus",0,"85-15",48.39307167,-126.429775,0,0
"MFU","52193","1843","d5","1","Microstomus pacificus",0,"85-15",48.39307167,-126.429775,0,0
"MFU","52193","1843","d5","1","Sardinops sagax",0,"85-15",48.39307167,-126.429775,0,0
"MFU","52193","1843","d5","1","Scomber japonicus",3883,"85-15",48.39307167,-126.429775,0,0
"MFU","52193","1843","d5","1","Sebastes entomelas",0,"85-15",48.39307167,-126.429775,0,0
"MFU","52193","1843","d5","1","Stenobrachius leucopsarus",0,"85-15",48.39307167,-126.429775,0,0
"MFU","52193","1843","d5","1","Stenobrachius leucopsarus",0,"85-15",48.39307167,-126.429775,0,0
"MFU","52193","1843","d5","1","Tactostoma macropus",32647,"85-15",48.39307167,-126.429775,0,0
"MFU","52193","1843","d5","1","Tarletonbeania crenularis",0,"85-15",48.39307167,-126.429775,0,0
"MFU","52193","1843","d5","1","Tarletonbeania crenularis",0,"85-15",48.39307167,-126.429775,0,0
"MFU","52193","1843","d5","1","Thaleichthys pacificus",0,"85-15",48.39307167,-126.429775,0,0
"MFU","52193","1843","d5","1","Trachurus symmetricus",0,"85-15",48.39307167,-126.429775,0,0
"MFU","52193","1843","d5","1","Trachurus symmetricus",1763,"85-15",48.39307167,-126.429775,0,0
"MFU","52193","1845","d1","1","Clupea pallasii",0,"85-15",48.39307167,-126.429775,500,500
"MFU","52193","1845","d1","1","Engraulis mordax",0,"85-15",48.39307167,-126.429775,500,500
"MFU","52193","1845","d1","1","Leuroglossus stilbius",0,"85-15",48.39307167,-126.429775,500,500
"MFU","52193","1845","d1","1","Merluccius productus",0,"85-15",48.39307167,-126.429775,500,500
"MFU","52193","1845","d1","1","Merluccius productus",31875,"85-15",48.39307167,-126.429775,500,500
"MFU","52193","1845","d1","1","Microstomus pacificus",0,"85-15",48.39307167,-126.429775,500,500
"MFU","52193","1845","d1","1","Sardinops sagax",0,"85-15",48.39307167,-126.429775,500,500
"MFU","52193","1845","d1","1","Scomber japonicus",0,"85-15",48.39307167,-126.429775,500,500
"MFU","52193","1845","d1","1","Sebastes entomelas",0,"85-15",48.39307167,-126.429775,500,500
"MFU","52193","1845","d1","1","Stenobrachius leucopsarus",0,"85-15",48.39307167,-126.429775,500,500
"MFU","52193","1845","d1","1","Stenobrachius leucopsarus",0,"85-15",48.39307167,-126.429775,500,500
"MFU","52193","1845","d1","1","Tactostoma macropus",0,"85-15",48.39307167,-126.429775,500,500
"MFU","52193","1845","d1","1","Tarletonbeania crenularis",0,"85-15",48.39307167,-126.429775,500,500
"MFU","52193","1845","d1","1","Tarletonbeania crenularis",0,"85-15",48.39307167,-126.429775,500,500
"MFU","52193","1845","d1","1","Thaleichthys pacificus",0,"85-15",48.39307167,-126.429775,500,500
"MFU","52193","1845","d1","1","Trachurus symmetricus",0,"85-15",48.39307167,-126.429775,500,500
"MFU","52193","1845","d1","1","Trachurus symmetricus",0,"85-15",48.39307167,-126.429775,500,500
"MFU","52193","1847","d1","1","Clupea pallasii",0,"85-15",48.39307167,-126.429775,300,300
"MFU","52193","1847","d1","1","Engraulis mordax",0,"85-15",48.39307167,-126.429775,300,300
"MFU","52193","1847","d1","1","Leuroglossus stilbius",0,"85-15",48.39307167,-126.429775,300,300
"MFU","52193","1847","d1","1","Merluccius productus",0,"85-15",48.39307167,-126.429775,300,300
"MFU","52193","1847","d1","1","Merluccius productus",3622,"85-15",48.39307167,-126.429775,300,300
"MFU","52193","1847","d1","1","Microstomus pacificus",0,"85-15",48.39307167,-126.429775,300,300
"MFU","52193","1847","d1","1","Sardinops sagax",0,"85-15",48.39307167,-126.429775,300,300
"MFU","52193","1847","d1","1","Scomber japonicus",0,"85-15",48.39307167,-126.429775,300,300
"MFU","52193","1847","d1","1","Sebastes entomelas",0,"85-15",48.39307167,-126.429775,300,300
"MFU","52193","1847","d1","1","Stenobrachius leucopsarus",0,"85-15",48.39307167,-126.429775,300,300
"MFU","52193","1847","d1","1","Stenobrachius leucopsarus",0,"85-15",48.39307167,-126.429775,300,300
"MFU","52193","1847","d1","1","Tactostoma macropus",0,"85-15",48.39307167,-126.429775,300,300
"MFU","52193","1847","d1","1","Tarletonbeania crenularis",0,"85-15",48.39307167,-126.429775,300,300
"MFU","52193","1847","d1","1","Tarletonbeania crenularis",1708,"85-15",48.39307167,-126.429775,300,300
"MFU","52193","1847","d1","1","Thaleichthys pacificus",0,"85-15",48.39307167,-126.429775,300,300
"MFU","52193","1847","d1","1","Trachurus symmetricus",0,"85-15",48.39307167,-126.429775,300,300
"MFU","52193","1847","d1","1","Trachurus symmetricus",0,"85-15",48.39307167,-126.429775,300,300
"MFU","52193","1849","d1","1","Clupea pallasii",0,"85-15",48.39307167,-126.429775,150,150
"MFU","52193","1849","d1","1","Engraulis mordax",0,"85-15",48.39307167,-126.429775,150,150
"MFU","52193","1849","d1","1","Leuroglossus stilbius",0,"85-15",48.39307167,-126.429775,150,150
"MFU","52193","1849","d1","1","Merluccius productus",0,"85-15",48.39307167,-126.429775,150,150
"MFU","52193","1849","d1","1","Merluccius productus",0,"85-15",48.39307167,-126.429775,150,150
"MFU","52193","1849","d1","1","Microstomus pacificus",0,"85-15",48.39307167,-126.429775,150,150
"MFU","52193","1849","d1","1","Sardinops sagax",0,"85-15",48.39307167,-126.429775,150,150
"MFU","52193","1849","d1","1","Scomber japonicus",0,"85-15",48.39307167,-126.429775,150,150
"MFU","52193","1849","d1","1","Sebastes entomelas",0,"85-15",48.39307167,-126.429775,150,150
"MFU","52193","1849","d1","1","Stenobrachius leucopsarus",0,"85-15",48.39307167,-126.429775,150,150
"MFU","52193","1849","d1","1","Stenobrachius leucopsarus",2822,"85-15",48.39307167,-126.429775,150,150
"MFU","52193","1849","d1","1","Tactostoma macropus",0,"85-15",48.39307167,-126.429775,150,150
"MFU","52193","1849","d1","1","Tarletonbeania crenularis",0,"85-15",48.39307167,-126.429775,150,150
"MFU","52193","1849","d1","1","Tarletonbeania crenularis",618,"85-15",48.39307167,-126.429775,150,150
"MFU","52193","1849","d1","1","Thaleichthys pacificus",0,"85-15",48.39307167,-126.429775,150,150
"MFU","52193","1849","d1","1","Trachurus symmetricus",0,"85-15",48.39307167,-126.429775,150,150
"MFU","52193","1849","d1","1","Trachurus symmetricus",0,"85-15",48.39307167,-126.429775,150,150
"MFU","52193","1853","d1","1","Clupea pallasii",0,"85-15",48.39307167,-126.429775,50,50
"MFU","52193","1853","d1","1","Engraulis mordax",0,"85-15",48.39307167,-126.429775,50,50
"MFU","52193","1853","d1","1","Leuroglossus stilbius",0,"85-15",48.39307167,-126.429775,50,50
"MFU","52193","1853","d1","1","Merluccius productus",0,"85-15",48.39307167,-126.429775,50,50
"MFU","52193","1853","d1","1","Merluccius productus",0,"85-15",48.39307167,-126.429775,50,50
"MFU","52193","1853","d1","1","Microstomus pacificus",0,"85-15",48.39307167,-126.429775,50,50
"MFU","52193","1853","d1","1","Sardinops sagax",0,"85-15",48.39307167,-126.429775,50,50
"MFU","52193","1853","d1","1","Scomber japonicus",39,"85-15",48.39307167,-126.429775,50,50
"MFU","52193","1853","d1","1","Sebastes entomelas",0,"85-15",48.39307167,-126.429775,50,50
"MFU","52193","1853","d1","1","Stenobrachius leucopsarus",0,"85-15",48.39307167,-126.429775,50,50
"MFU","52193","1853","d1","1","Stenobrachius leucopsarus",0,"85-15",48.39307167,-126.429775,50,50
"MFU","52193","1853","d1","1","Tactostoma macropus",650,"85-15",48.39307167,-126.429775,50,50
"MFU","52193","1853","d1","1","Tarletonbeania crenularis",0,"85-15",48.39307167,-126.429775,50,50
"MFU","52193","1853","d1","1","Tarletonbeania crenularis",0,"85-15",48.39307167,-126.429775,50,50
"MFU","52193","1853","d1","1","Thaleichthys pacificus",0,"85-15",48.39307167,-126.429775,50,50
"MFU","52193","1853","d1","1","Trachurus symmetricus",0,"85-15",48.39307167,-126.429775,50,50
"MFU","52193","1853","d1","1","Trachurus symmetricus",41,"85-15",48.39307167,-126.429775,50,50
"MFU","52193","1853","d10","1","Clupea pallasii",0,"85-15",48.39307167,-126.429775,50,50
"MFU","52193","1853","d10","1","Engraulis mordax",0,"85-15",48.39307167,-126.429775,50,50
"MFU","52193","1853","d10","1","Leuroglossus stilbius",0,"85-15",48.39307167,-126.429775,50,50
"MFU","52193","1853","d10","1","Merluccius productus",0,"85-15",48.39307167,-126.429775,50,50
"MFU","52193","1853","d10","1","Merluccius productus",0,"85-15",48.39307167,-126.429775,50,50
"MFU","52193","1853","d10","1","Microstomus pacificus",0,"85-15",48.39307167,-126.429775,50,50
"MFU","52193","1853","d10","1","Sardinops sagax",0,"85-15",48.39307167,-126.429775,50,50
"MFU","52193","1853","d10","1","Scomber japonicus",0,"85-15",48.39307167,-126.429775,50,50
"MFU","52193","1853","d10","1","Sebastes entomelas",0,"85-15",48.39307167,-126.429775,50,50
"MFU","52193","1853","d10","1","Stenobrachius leucopsarus",0,"85-15",48.39307167,-126.429775,50,50
"MFU","52193","1853","d10","1","Stenobrachius leucopsarus",0,"85-15",48.39307167,-126.429775,50,50
"MFU","52193","1853","d10","1","Tactostoma macropus",0,"85-15",48.39307167,-126.429775,50,50
"MFU","52193","1853","d10","1","Tarletonbeania crenularis",0,"85-15",48.39307167,-126.429775,50,50
"MFU","52193","1853","d10","1","Tarletonbeania crenularis",0,"85-15",48.39307167,-126.429775,50,50
"MFU","52193","1853","d10","1","Thaleichthys pacificus",0,"85-15",48.39307167,-126.429775,50,50
"MFU","52193","1853","d10","1","Trachurus symmetricus",0,"85-15",48.39307167,-126.429775,50,50
"MFU","52193","1853","d10","1","Trachurus symmetricus",0,"85-15",48.39307167,-126.429775,50,50
"MFU","52193","1855","d5","1","Clupea pallasii",0,"85-14",48.39468667,-126.3002267,0,0
"MFU","52193","1855","d5","1","Engraulis mordax",0,"85-14",48.39468667,-126.3002267,0,0
"MFU","52193","1855","d5","1","Leuroglossus stilbius",0,"85-14",48.39468667,-126.3002267,0,0
"MFU","52193","1855","d5","1","Merluccius productus",0,"85-14",48.39468667,-126.3002267,0,0
"MFU","52193","1855","d5","1","Merluccius productus",170,"85-14",48.39468667,-126.3002267,0,0
"MFU","52193","1855","d5","1","Microstomus pacificus",0,"85-14",48.39468667,-126.3002267,0,0
"MFU","52193","1855","d5","1","Sardinops sagax",0,"85-14",48.39468667,-126.3002267,0,0
"MFU","52193","1855","d5","1","Scomber japonicus",0,"85-14",48.39468667,-126.3002267,0,0
"MFU","52193","1855","d5","1","Sebastes entomelas",0,"85-14",48.39468667,-126.3002267,0,0
"MFU","52193","1855","d5","1","Stenobrachius leucopsarus",0,"85-14",48.39468667,-126.3002267,0,0
"MFU","52193","1855","d5","1","Stenobrachius leucopsarus",894,"85-14",48.39468667,-126.3002267,0,0
"MFU","52193","1855","d5","1","Tactostoma macropus",136585,"85-14",48.39468667,-126.3002267,0,0
"MFU","52193","1855","d5","1","Tarletonbeania crenularis",0,"85-14",48.39468667,-126.3002267,0,0
"MFU","52193","1855","d5","1","Tarletonbeania crenularis",0,"85-14",48.39468667,-126.3002267,0,0
"MFU","52193","1855","d5","1","Thaleichthys pacificus",0,"85-14",48.39468667,-126.3002267,0,0
"MFU","52193","1855","d5","1","Trachurus symmetricus",0,"85-14",48.39468667,-126.3002267,0,0
"MFU","52193","1855","d5","1","Trachurus symmetricus",31785,"85-14",48.39468667,-126.3002267,0,0
"MFU","52193","1857","d1","1","Clupea pallasii",0,"85-14",48.39468667,-126.3002267,500,500
"MFU","52193","1857","d1","1","Engraulis mordax",637,"85-14",48.39468667,-126.3002267,500,500
"MFU","52193","1857","d1","1","Leuroglossus stilbius",0,"85-14",48.39468667,-126.3002267,500,500
"MFU","52193","1857","d1","1","Merluccius productus",0,"85-14",48.39468667,-126.3002267,500,500
"MFU","52193","1857","d1","1","Merluccius productus",5035,"85-14",48.39468667,-126.3002267,500,500
"MFU","52193","1857","d1","1","Microstomus pacificus",0,"85-14",48.39468667,-126.3002267,500,500
"MFU","52193","1857","d1","1","Sardinops sagax",0,"85-14",48.39468667,-126.3002267,500,500
"MFU","52193","1857","d1","1","Scomber japonicus",0,"85-14",48.39468667,-126.3002267,500,500
"MFU","52193","1857","d1","1","Sebastes entomelas",0,"85-14",48.39468667,-126.3002267,500,500
"MFU","52193","1857","d1","1","Stenobrachius leucopsarus",0,"85-14",48.39468667,-126.3002267,500,500
"MFU","52193","1857","d1","1","Stenobrachius leucopsarus",0,"85-14",48.39468667,-126.3002267,500,500
"MFU","52193","1857","d1","1","Tactostoma macropus",361,"85-14",48.39468667,-126.3002267,500,500
"MFU","52193","1857","d1","1","Tarletonbeania crenularis",0,"85-14",48.39468667,-126.3002267,500,500
"MFU","52193","1857","d1","1","Tarletonbeania crenularis",0,"85-14",48.39468667,-126.3002267,500,500
"MFU","52193","1857","d1","1","Thaleichthys pacificus",0,"85-14",48.39468667,-126.3002267,500,500
"MFU","52193","1857","d1","1","Trachurus symmetricus",0,"85-14",48.39468667,-126.3002267,500,500
"MFU","52193","1857","d1","1","Trachurus symmetricus",0,"85-14",48.39468667,-126.3002267,500,500
"MFU","52193","1859","d1","1","Clupea pallasii",0,"85-14",48.39468667,-126.3002267,300,300
"MFU","52193","1859","d1","1","Engraulis mordax",0,"85-14",48.39468667,-126.3002267,300,300
"MFU","52193","1859","d1","1","Leuroglossus stilbius",0,"85-14",48.39468667,-126.3002267,300,300
"MFU","52193","1859","d1","1","Merluccius productus",0,"85-14",48.39468667,-126.3002267,300,300
"MFU","52193","1859","d1","1","Merluccius productus",0,"85-14",48.39468667,-126.3002267,300,300
"MFU","52193","1859","d1","1","Microstomus pacificus",0,"85-14",48.39468667,-126.3002267,300,300
"MFU","52193","1859","d1","1","Sardinops sagax",0,"85-14",48.39468667,-126.3002267,300,300
"MFU","52193","1859","d1","1","Scomber japonicus",0,"85-14",48.39468667,-126.3002267,300,300
"MFU","52193","1859","d1","1","Sebastes entomelas",0,"85-14",48.39468667,-126.3002267,300,300
"MFU","52193","1859","d1","1","Stenobrachius leucopsarus",0,"85-14",48.39468667,-126.3002267,300,300
"MFU","52193","1859","d1","1","Stenobrachius leucopsarus",3033,"85-14",48.39468667,-126.3002267,300,300
"MFU","52193","1859","d1","1","Tactostoma macropus",0,"85-14",48.39468667,-126.3002267,300,300
"MFU","52193","1859","d1","1","Tarletonbeania crenularis",0,"85-14",48.39468667,-126.3002267,300,300
"MFU","52193","1859","d1","1","Tarletonbeania crenularis",20968,"85-14",48.39468667,-126.3002267,300,300
"MFU","52193","1859","d1","1","Thaleichthys pacificus",0,"85-14",48.39468667,-126.3002267,300,300
"MFU","52193","1859","d1","1","Trachurus symmetricus",0,"85-14",48.39468667,-126.3002267,300,300
"MFU","52193","1859","d1","1","Trachurus symmetricus",0,"85-14",48.39468667,-126.3002267,300,300
"MFU","52193","186","d10","1","Clupea pallasii",0,"31-9",39.39722,-124.5593383,50,50
"MFU","52193","186","d10","1","Engraulis mordax",0,"31-9",39.39722,-124.5593383,50,50
"MFU","52193","186","d10","1","Leuroglossus stilbius",0,"31-9",39.39722,-124.5593383,50,50
"MFU","52193","186","d10","1","Merluccius productus",0,"31-9",39.39722,-124.5593383,50,50
"MFU","52193","186","d10","1","Merluccius productus",0,"31-9",39.39722,-124.5593383,50,50
"MFU","52193","186","d10","1","Microstomus pacificus",0,"31-9",39.39722,-124.5593383,50,50
"MFU","52193","186","d10","1","Sardinops sagax",0,"31-9",39.39722,-124.5593383,50,50
"MFU","52193","186","d10","1","Scomber japonicus",0,"31-9",39.39722,-124.5593383,50,50
"MFU","52193","186","d10","1","Sebastes entomelas",0,"31-9",39.39722,-124.5593383,50,50
"MFU","52193","186","d10","1","Stenobrachius leucopsarus",0,"31-9",39.39722,-124.5593383,50,50
"MFU","52193","186","d10","1","Stenobrachius leucopsarus",0,"31-9",39.39722,-124.5593383,50,50
"MFU","52193","186","d10","1","Tactostoma macropus",0,"31-9",39.39722,-124.5593383,50,50
"MFU","52193","186","d10","1","Tarletonbeania crenularis",0,"31-9",39.39722,-124.5593383,50,50
"MFU","52193","186","d10","1","Tarletonbeania crenularis",0,"31-9",39.39722,-124.5593383,50,50
"MFU","52193","186","d10","1","Thaleichthys pacificus",0,"31-9",39.39722,-124.5593383,50,50
"MFU","52193","186","d10","1","Trachurus symmetricus",0,"31-9",39.39722,-124.5593383,50,50
"MFU","52193","186","d10","1","Trachurus symmetricus",7851,"31-9",39.39722,-124.5593383,50,50
"MFU","52193","1861","d1","1","Clupea pallasii",0,"85-14",48.39468667,-126.3002267,150,150
"MFU","52193","1861","d1","1","Engraulis mordax",0,"85-14",48.39468667,-126.3002267,150,150
"MFU","52193","1861","d1","1","Leuroglossus stilbius",0,"85-14",48.39468667,-126.3002267,150,150
"MFU","52193","1861","d1","1","Merluccius productus",0,"85-14",48.39468667,-126.3002267,150,150
"MFU","52193","1861","d1","1","Merluccius productus",5376,"85-14",48.39468667,-126.3002267,150,150
"MFU","52193","1861","d1","1","Microstomus pacificus",0,"85-14",48.39468667,-126.3002267,150,150
"MFU","52193","1861","d1","1","Sardinops sagax",0,"85-14",48.39468667,-126.3002267,150,150
"MFU","52193","1861","d1","1","Scomber japonicus",0,"85-14",48.39468667,-126.3002267,150,150
"MFU","52193","1861","d1","1","Sebastes entomelas",0,"85-14",48.39468667,-126.3002267,150,150
"MFU","52193","1861","d1","1","Stenobrachius leucopsarus",0,"85-14",48.39468667,-126.3002267,150,150
"MFU","52193","1861","d1","1","Stenobrachius leucopsarus",8751,"85-14",48.39468667,-126.3002267,150,150
"MFU","52193","1861","d1","1","Tactostoma macropus",0,"85-14",48.39468667,-126.3002267,150,150
"MFU","52193","1861","d1","1","Tarletonbeania crenularis",0,"85-14",48.39468667,-126.3002267,150,150
"MFU","52193","1861","d1","1","Tarletonbeania crenularis",12925,"85-14",48.39468667,-126.3002267,150,150
"MFU","52193","1861","d1","1","Thaleichthys pacificus",0,"85-14",48.39468667,-126.3002267,150,150
"MFU","52193","1861","d1","1","Trachurus symmetricus",0,"85-14",48.39468667,-126.3002267,150,150
"MFU","52193","1861","d1","1","Trachurus symmetricus",0,"85-14",48.39468667,-126.3002267,150,150
"MFU","52193","1865","d1","1","Clupea pallasii",0,"85-14",48.39468667,-126.3002267,50,50
"MFU","52193","1865","d1","1","Engraulis mordax",0,"85-14",48.39468667,-126.3002267,50,50
"MFU","52193","1865","d1","1","Leuroglossus stilbius",0,"85-14",48.39468667,-126.3002267,50,50
"MFU","52193","1865","d1","1","Merluccius productus",0,"85-14",48.39468667,-126.3002267,50,50
"MFU","52193","1865","d1","1","Merluccius productus",17345,"85-14",48.39468667,-126.3002267,50,50
"MFU","52193","1865","d1","1","Microstomus pacificus",0,"85-14",48.39468667,-126.3002267,50,50
"MFU","52193","1865","d1","1","Sardinops sagax",0,"85-14",48.39468667,-126.3002267,50,50
"MFU","52193","1865","d1","1","Scomber japonicus",0,"85-14",48.39468667,-126.3002267,50,50
"MFU","52193","1865","d1","1","Sebastes entomelas",0,"85-14",48.39468667,-126.3002267,50,50
"MFU","52193","1865","d1","1","Stenobrachius leucopsarus",0,"85-14",48.39468667,-126.3002267,50,50
"MFU","52193","1865","d1","1","Stenobrachius leucopsarus",3522,"85-14",48.39468667,-126.3002267,50,50
"MFU","52193","1865","d1","1","Tactostoma macropus",0,"85-14",48.39468667,-126.3002267,50,50
"MFU","52193","1865","d1","1","Tarletonbeania crenularis",0,"85-14",48.39468667,-126.3002267,50,50
"MFU","52193","1865","d1","1","Tarletonbeania crenularis",0,"85-14",48.39468667,-126.3002267,50,50
"MFU","52193","1865","d1","1","Thaleichthys pacificus",0,"85-14",48.39468667,-126.3002267,50,50
"MFU","52193","1865","d1","1","Trachurus symmetricus",0,"85-14",48.39468667,-126.3002267,50,50
"MFU","52193","1865","d1","1","Trachurus symmetricus",0,"85-14",48.39468667,-126.3002267,50,50
"MFU","52193","1867","d1","1","Clupea pallasii",0,"85-13",48.39653,-126.241015,0,0
"MFU","52193","1867","d1","1","Engraulis mordax",0,"85-13",48.39653,-126.241015,0,0
"MFU","52193","1867","d1","1","Leuroglossus stilbius",0,"85-13",48.39653,-126.241015,0,0
"MFU","52193","1867","d1","1","Merluccius productus",0,"85-13",48.39653,-126.241015,0,0
"MFU","52193","1867","d1","1","Merluccius productus",0,"85-13",48.39653,-126.241015,0,0
"MFU","52193","1867","d1","1","Microstomus pacificus",0,"85-13",48.39653,-126.241015,0,0
"MFU","52193","1867","d1","1","Sardinops sagax",0,"85-13",48.39653,-126.241015,0,0
"MFU","52193","1867","d1","1","Scomber japonicus",8,"85-13",48.39653,-126.241015,0,0
"MFU","52193","1867","d1","1","Sebastes entomelas",0,"85-13",48.39653,-126.241015,0,0
"MFU","52193","1867","d1","1","Stenobrachius leucopsarus",0,"85-13",48.39653,-126.241015,0,0
"MFU","52193","1867","d1","1","Stenobrachius leucopsarus",0,"85-13",48.39653,-126.241015,0,0
"MFU","52193","1867","d1","1","Tactostoma macropus",99,"85-13",48.39653,-126.241015,0,0
"MFU","52193","1867","d1","1","Tarletonbeania crenularis",0,"85-13",48.39653,-126.241015,0,0
"MFU","52193","1867","d1","1","Tarletonbeania crenularis",0,"85-13",48.39653,-126.241015,0,0
"MFU","52193","1867","d1","1","Thaleichthys pacificus",0,"85-13",48.39653,-126.241015,0,0
"MFU","52193","1867","d1","1","Trachurus symmetricus",0,"85-13",48.39653,-126.241015,0,0
"MFU","52193","1867","d1","1","Trachurus symmetricus",5,"85-13",48.39653,-126.241015,0,0
"MFU","52193","1867","d10","1","Clupea pallasii",0,"85-13",48.39653,-126.241015,0,0
"MFU","52193","1867","d10","1","Engraulis mordax",0,"85-13",48.39653,-126.241015,0,0
"MFU","52193","1867","d10","1","Leuroglossus stilbius",0,"85-13",48.39653,-126.241015,0,0
"MFU","52193","1867","d10","1","Merluccius productus",0,"85-13",48.39653,-126.241015,0,0
"MFU","52193","1867","d10","1","Merluccius productus",354,"85-13",48.39653,-126.241015,0,0
"MFU","52193","1867","d10","1","Microstomus pacificus",0,"85-13",48.39653,-126.241015,0,0
"MFU","52193","1867","d10","1","Sardinops sagax",0,"85-13",48.39653,-126.241015,0,0
"MFU","52193","1867","d10","1","Scomber japonicus",0,"85-13",48.39653,-126.241015,0,0
"MFU","52193","1867","d10","1","Sebastes entomelas",0,"85-13",48.39653,-126.241015,0,0
"MFU","52193","1867","d10","1","Stenobrachius leucopsarus",0,"85-13",48.39653,-126.241015,0,0
"MFU","52193","1867","d10","1","Stenobrachius leucopsarus",0,"85-13",48.39653,-126.241015,0,0
"MFU","52193","1867","d10","1","Tactostoma macropus",4037,"85-13",48.39653,-126.241015,0,0
"MFU","52193","1867","d10","1","Tarletonbeania crenularis",0,"85-13",48.39653,-126.241015,0,0
"MFU","52193","1867","d10","1","Tarletonbeania crenularis",0,"85-13",48.39653,-126.241015,0,0
"MFU","52193","1867","d10","1","Thaleichthys pacificus",0,"85-13",48.39653,-126.241015,0,0
"MFU","52193","1867","d10","1","Trachurus symmetricus",0,"85-13",48.39653,-126.241015,0,0
"MFU","52193","1867","d10","1","Trachurus symmetricus",377,"85-13",48.39653,-126.241015,0,0
"MFU","52193","1867","d5","1","Clupea pallasii",0,"85-13",48.39653,-126.241015,0,0
"MFU","52193","1867","d5","1","Engraulis mordax",0,"85-13",48.39653,-126.241015,0,0
"MFU","52193","1867","d5","1","Leuroglossus stilbius",0,"85-13",48.39653,-126.241015,0,0
"MFU","52193","1867","d5","1","Merluccius productus",0,"85-13",48.39653,-126.241015,0,0
"MFU","52193","1867","d5","1","Merluccius productus",19516,"85-13",48.39653,-126.241015,0,0
"MFU","52193","1867","d5","1","Microstomus pacificus",0,"85-13",48.39653,-126.241015,0,0
"MFU","52193","1867","d5","1","Sardinops sagax",0,"85-13",48.39653,-126.241015,0,0
"MFU","52193","1867","d5","1","Scomber japonicus",0,"85-13",48.39653,-126.241015,0,0
"MFU","52193","1867","d5","1","Sebastes entomelas",0,"85-13",48.39653,-126.241015,0,0
"MFU","52193","1867","d5","1","Stenobrachius leucopsarus",0,"85-13",48.39653,-126.241015,0,0
"MFU","52193","1867","d5","1","Stenobrachius leucopsarus",0,"85-13",48.39653,-126.241015,0,0
"MFU","52193","1867","d5","1","Tactostoma macropus",28204,"85-13",48.39653,-126.241015,0,0
"MFU","52193","1867","d5","1","Tarletonbeania crenularis",0,"85-13",48.39653,-126.241015,0,0
"MFU","52193","1867","d5","1","Tarletonbeania crenularis",191,"85-13",48.39653,-126.241015,0,0
"MFU","52193","1867","d5","1","Thaleichthys pacificus",0,"85-13",48.39653,-126.241015,0,0
"MFU","52193","1867","d5","1","Trachurus symmetricus",0,"85-13",48.39653,-126.241015,0,0
"MFU","52193","1867","d5","1","Trachurus symmetricus",13536,"85-13",48.39653,-126.241015,0,0
"MFU","52193","1869","d1","1","Clupea pallasii",0,"85-13",48.39653,-126.241015,500,500
"MFU","52193","1869","d1","1","Engraulis mordax",0,"85-13",48.39653,-126.241015,500,500
"MFU","52193","1869","d1","1","Leuroglossus stilbius",0,"85-13",48.39653,-126.241015,500,500
"MFU","52193","1869","d1","1","Merluccius productus",8479,"85-13",48.39653,-126.241015,500,500
"MFU","52193","1869","d1","1","Merluccius productus",108813,"85-13",48.39653,-126.241015,500,500
"MFU","52193","1869","d1","1","Microstomus pacificus",0,"85-13",48.39653,-126.241015,500,500
"MFU","52193","1869","d1","1","Sardinops sagax",0,"85-13",48.39653,-126.241015,500,500
"MFU","52193","1869","d1","1","Scomber japonicus",0,"85-13",48.39653,-126.241015,500,500
"MFU","52193","1869","d1","1","Sebastes entomelas",0,"85-13",48.39653,-126.241015,500,500
"MFU","52193","1869","d1","1","Stenobrachius leucopsarus",0,"85-13",48.39653,-126.241015,500,500
"MFU","52193","1869","d1","1","Stenobrachius leucopsarus",0,"85-13",48.39653,-126.241015,500,500
"MFU","52193","1869","d1","1","Tactostoma macropus",0,"85-13",48.39653,-126.241015,500,500
"MFU","52193","1869","d1","1","Tarletonbeania crenularis",0,"85-13",48.39653,-126.241015,500,500
"MFU","52193","1869","d1","1","Tarletonbeania crenularis",0,"85-13",48.39653,-126.241015,500,500
"MFU","52193","1869","d1","1","Thaleichthys pacificus",0,"85-13",48.39653,-126.241015,500,500
"MFU","52193","1869","d1","1","Trachurus symmetricus",0,"85-13",48.39653,-126.241015,500,500
"MFU","52193","1869","d1","1","Trachurus symmetricus",0,"85-13",48.39653,-126.241015,500,500
"MFU","52193","1871","d1","1","Clupea pallasii",0,"85-13",48.39653,-126.241015,300,300
"MFU","52193","1871","d1","1","Engraulis mordax",0,"85-13",48.39653,-126.241015,300,300
"MFU","52193","1871","d1","1","Leuroglossus stilbius",0,"85-13",48.39653,-126.241015,300,300
"MFU","52193","1871","d1","1","Merluccius productus",0,"85-13",48.39653,-126.241015,300,300
"MFU","52193","1871","d1","1","Merluccius productus",1964,"85-13",48.39653,-126.241015,300,300
"MFU","52193","1871","d1","1","Microstomus pacificus",0,"85-13",48.39653,-126.241015,300,300
"MFU","52193","1871","d1","1","Sardinops sagax",0,"85-13",48.39653,-126.241015,300,300
"MFU","52193","1871","d1","1","Scomber japonicus",0,"85-13",48.39653,-126.241015,300,300
"MFU","52193","1871","d1","1","Sebastes entomelas",0,"85-13",48.39653,-126.241015,300,300
"MFU","52193","1871","d1","1","Stenobrachius leucopsarus",0,"85-13",48.39653,-126.241015,300,300
"MFU","52193","1871","d1","1","Stenobrachius leucopsarus",7329,"85-13",48.39653,-126.241015,300,300
"MFU","52193","1871","d1","1","Tactostoma macropus",0,"85-13",48.39653,-126.241015,300,300
"MFU","52193","1871","d1","1","Tarletonbeania crenularis",0,"85-13",48.39653,-126.241015,300,300
"MFU","52193","1871","d1","1","Tarletonbeania crenularis",1393,"85-13",48.39653,-126.241015,300,300
"MFU","52193","1871","d1","1","Thaleichthys pacificus",0,"85-13",48.39653,-126.241015,300,300
"MFU","52193","1871","d1","1","Trachurus symmetricus",0,"85-13",48.39653,-126.241015,300,300
"MFU","52193","1871","d1","1","Trachurus symmetricus",0,"85-13",48.39653,-126.241015,300,300
"MFU","52193","1873","d1","1","Clupea pallasii",0,"85-13",48.39653,-126.241015,150,150
"MFU","52193","1873","d1","1","Engraulis mordax",0,"85-13",48.39653,-126.241015,150,150
"MFU","52193","1873","d1","1","Leuroglossus stilbius",0,"85-13",48.39653,-126.241015,150,150
"MFU","52193","1873","d1","1","Merluccius productus",0,"85-13",48.39653,-126.241015,150,150
"MFU","52193","1873","d1","1","Merluccius productus",2764,"85-13",48.39653,-126.241015,150,150
"MFU","52193","1873","d1","1","Microstomus pacificus",0,"85-13",48.39653,-126.241015,150,150
"MFU","52193","1873","d1","1","Sardinops sagax",0,"85-13",48.39653,-126.241015,150,150
"MFU","52193","1873","d1","1","Scomber japonicus",0,"85-13",48.39653,-126.241015,150,150
"MFU","52193","1873","d1","1","Sebastes entomelas",0,"85-13",48.39653,-126.241015,150,150
"MFU","52193","1873","d1","1","Stenobrachius leucopsarus",0,"85-13",48.39653,-126.241015,150,150
"MFU","52193","1873","d1","1","Stenobrachius leucopsarus",4176,"85-13",48.39653,-126.241015,150,150
"MFU","52193","1873","d1","1","Tactostoma macropus",0,"85-13",48.39653,-126.241015,150,150
"MFU","52193","1873","d1","1","Tarletonbeania crenularis",0,"85-13",48.39653,-126.241015,150,150
"MFU","52193","1873","d1","1","Tarletonbeania crenularis",0,"85-13",48.39653,-126.241015,150,150
"MFU","52193","1873","d1","1","Thaleichthys pacificus",0,"85-13",48.39653,-126.241015,150,150
"MFU","52193","1873","d1","1","Trachurus symmetricus",0,"85-13",48.39653,-126.241015,150,150
"MFU","52193","1873","d1","1","Trachurus symmetricus",0,"85-13",48.39653,-126.241015,150,150
"MFU","52193","1877","d1","1","Clupea pallasii",0,"85-13",48.39653,-126.241015,50,50
"MFU","52193","1877","d1","1","Engraulis mordax",0,"85-13",48.39653,-126.241015,50,50
"MFU","52193","1877","d1","1","Leuroglossus stilbius",0,"85-13",48.39653,-126.241015,50,50
"MFU","52193","1877","d1","1","Merluccius productus",0,"85-13",48.39653,-126.241015,50,50
"MFU","52193","1877","d1","1","Merluccius productus",142,"85-13",48.39653,-126.241015,50,50
"MFU","52193","1877","d1","1","Microstomus pacificus",0,"85-13",48.39653,-126.241015,50,50
"MFU","52193","1877","d1","1","Sardinops sagax",0,"85-13",48.39653,-126.241015,50,50
"MFU","52193","1877","d1","1","Scomber japonicus",0,"85-13",48.39653,-126.241015,50,50
"MFU","52193","1877","d1","1","Sebastes entomelas",0,"85-13",48.39653,-126.241015,50,50
"MFU","52193","1877","d1","1","Stenobrachius leucopsarus",0,"85-13",48.39653,-126.241015,50,50
"MFU","52193","1877","d1","1","Stenobrachius leucopsarus",201,"85-13",48.39653,-126.241015,50,50
"MFU","52193","1877","d1","1","Tactostoma macropus",0,"85-13",48.39653,-126.241015,50,50
"MFU","52193","1877","d1","1","Tarletonbeania crenularis",0,"85-13",48.39653,-126.241015,50,50
"MFU","52193","1877","d1","1","Tarletonbeania crenularis",57,"85-13",48.39653,-126.241015,50,50
"MFU","52193","1877","d1","1","Thaleichthys pacificus",0,"85-13",48.39653,-126.241015,50,50
"MFU","52193","1877","d1","1","Trachurus symmetricus",0,"85-13",48.39653,-126.241015,50,50
"MFU","52193","1877","d1","1","Trachurus symmetricus",0,"85-13",48.39653,-126.241015,50,50
"MFU","52193","1877","d10","1","Clupea pallasii",0,"85-13",48.39653,-126.241015,50,50
"MFU","52193","1877","d10","1","Engraulis mordax",0,"85-13",48.39653,-126.241015,50,50
"MFU","52193","1877","d10","1","Leuroglossus stilbius",0,"85-13",48.39653,-126.241015,50,50
"MFU","52193","1877","d10","1","Merluccius productus",0,"85-13",48.39653,-126.241015,50,50
"MFU","52193","1877","d10","1","Merluccius productus",0,"85-13",48.39653,-126.241015,50,50
"MFU","52193","1877","d10","1","Microstomus pacificus",0,"85-13",48.39653,-126.241015,50,50
"MFU","52193","1877","d10","1","Sardinops sagax",0,"85-13",48.39653,-126.241015,50,50
"MFU","52193","1877","d10","1","Scomber japonicus",0,"85-13",48.39653,-126.241015,50,50
"MFU","52193","1877","d10","1","Sebastes entomelas",0,"85-13",48.39653,-126.241015,50,50
"MFU","52193","1877","d10","1","Stenobrachius leucopsarus",0,"85-13",48.39653,-126.241015,50,50
"MFU","52193","1877","d10","1","Stenobrachius leucopsarus",46,"85-13",48.39653,-126.241015,50,50
"MFU","52193","1877","d10","1","Tactostoma macropus",0,"85-13",48.39653,-126.241015,50,50
"MFU","52193","1877","d10","1","Tarletonbeania crenularis",0,"85-13",48.39653,-126.241015,50,50
"MFU","52193","1877","d10","1","Tarletonbeania crenularis",228,"85-13",48.39653,-126.241015,50,50
"MFU","52193","1877","d10","1","Thaleichthys pacificus",0,"85-13",48.39653,-126.241015,50,50
"MFU","52193","1877","d10","1","Trachurus symmetricus",0,"85-13",48.39653,-126.241015,50,50
"MFU","52193","1877","d10","1","Trachurus symmetricus",0,"85-13",48.39653,-126.241015,50,50
"MFU","52193","1879","d1","1","Clupea pallasii",2789,"85-11",48.39527833,-125.97962,0,0
"MFU","52193","1879","d1","1","Engraulis mordax",0,"85-11",48.39527833,-125.97962,0,0
"MFU","52193","1879","d1","1","Leuroglossus stilbius",0,"85-11",48.39527833,-125.97962,0,0
"MFU","52193","1879","d1","1","Merluccius productus",0,"85-11",48.39527833,-125.97962,0,0
"MFU","52193","1879","d1","1","Merluccius productus",0,"85-11",48.39527833,-125.97962,0,0
"MFU","52193","1879","d1","1","Microstomus pacificus",0,"85-11",48.39527833,-125.97962,0,0
"MFU","52193","1879","d1","1","Sardinops sagax",0,"85-11",48.39527833,-125.97962,0,0
"MFU","52193","1879","d1","1","Scomber japonicus",2806,"85-11",48.39527833,-125.97962,0,0
"MFU","52193","1879","d1","1","Sebastes entomelas",0,"85-11",48.39527833,-125.97962,0,0
"MFU","52193","1879","d1","1","Stenobrachius leucopsarus",0,"85-11",48.39527833,-125.97962,0,0
"MFU","52193","1879","d1","1","Stenobrachius leucopsarus",0,"85-11",48.39527833,-125.97962,0,0
"MFU","52193","1879","d1","1","Tactostoma macropus",54653,"85-11",48.39527833,-125.97962,0,0
"MFU","52193","1879","d1","1","Tarletonbeania crenularis",0,"85-11",48.39527833,-125.97962,0,0
"MFU","52193","1879","d1","1","Tarletonbeania crenularis",1446,"85-11",48.39527833,-125.97962,0,0
"MFU","52193","1879","d1","1","Thaleichthys pacificus",0,"85-11",48.39527833,-125.97962,0,0
"MFU","52193","1879","d1","1","Trachurus symmetricus",0,"85-11",48.39527833,-125.97962,0,0
"MFU","52193","1879","d1","1","Trachurus symmetricus",1834,"85-11",48.39527833,-125.97962,0,0
"MFU","52193","1879","d5","1","Clupea pallasii",0,"85-11",48.39527833,-125.97962,0,0
"MFU","52193","1879","d5","1","Engraulis mordax",0,"85-11",48.39527833,-125.97962,0,0
"MFU","52193","1879","d5","1","Leuroglossus stilbius",0,"85-11",48.39527833,-125.97962,0,0
"MFU","52193","1879","d5","1","Merluccius productus",0,"85-11",48.39527833,-125.97962,0,0
"MFU","52193","1879","d5","1","Merluccius productus",0,"85-11",48.39527833,-125.97962,0,0
"MFU","52193","1879","d5","1","Microstomus pacificus",0,"85-11",48.39527833,-125.97962,0,0
"MFU","52193","1879","d5","1","Sardinops sagax",0,"85-11",48.39527833,-125.97962,0,0
"MFU","52193","1879","d5","1","Scomber japonicus",0,"85-11",48.39527833,-125.97962,0,0
"MFU","52193","1879","d5","1","Sebastes entomelas",0,"85-11",48.39527833,-125.97962,0,0
"MFU","52193","1879","d5","1","Stenobrachius leucopsarus",0,"85-11",48.39527833,-125.97962,0,0
"MFU","52193","1879","d5","1","Stenobrachius leucopsarus",0,"85-11",48.39527833,-125.97962,0,0
"MFU","52193","1879","d5","1","Tactostoma macropus",38071,"85-11",48.39527833,-125.97962,0,0
"MFU","52193","1879","d5","1","Tarletonbeania crenularis",0,"85-11",48.39527833,-125.97962,0,0
"MFU","52193","1879","d5","1","Tarletonbeania crenularis",0,"85-11",48.39527833,-125.97962,0,0
"MFU","52193","1879","d5","1","Thaleichthys pacificus",0,"85-11",48.39527833,-125.97962,0,0
"MFU","52193","1879","d5","1","Trachurus symmetricus",0,"85-11",48.39527833,-125.97962,0,0
"MFU","52193","1879","d5","1","Trachurus symmetricus",0,"85-11",48.39527833,-125.97962,0,0
"MFU","52193","1887","d1","1","Clupea pallasii",4144,"85-11",48.39527833,-125.97962,50,50
"MFU","52193","1887","d1","1","Engraulis mordax",0,"85-11",48.39527833,-125.97962,50,50
"MFU","52193","1887","d1","1","Leuroglossus stilbius",0,"85-11",48.39527833,-125.97962,50,50
"MFU","52193","1887","d1","1","Merluccius productus",695,"85-11",48.39527833,-125.97962,50,50
"MFU","52193","1887","d1","1","Merluccius productus",5005,"85-11",48.39527833,-125.97962,50,50
"MFU","52193","1887","d1","1","Microstomus pacificus",51,"85-11",48.39527833,-125.97962,50,50
"MFU","52193","1887","d1","1","Sardinops sagax",0,"85-11",48.39527833,-125.97962,50,50
"MFU","52193","1887","d1","1","Scomber japonicus",0,"85-11",48.39527833,-125.97962,50,50
"MFU","52193","1887","d1","1","Sebastes entomelas",0,"85-11",48.39527833,-125.97962,50,50
"MFU","52193","1887","d1","1","Stenobrachius leucopsarus",0,"85-11",48.39527833,-125.97962,50,50
"MFU","52193","1887","d1","1","Stenobrachius leucopsarus",1685,"85-11",48.39527833,-125.97962,50,50
"MFU","52193","1887","d1","1","Tactostoma macropus",0,"85-11",48.39527833,-125.97962,50,50
"MFU","52193","1887","d1","1","Tarletonbeania crenularis",0,"85-11",48.39527833,-125.97962,50,50
"MFU","52193","1887","d1","1","Tarletonbeania crenularis",0,"85-11",48.39527833,-125.97962,50,50
"MFU","52193","1887","d1","1","Thaleichthys pacificus",0,"85-11",48.39527833,-125.97962,50,50
"MFU","52193","1887","d1","1","Trachurus symmetricus",0,"85-11",48.39527833,-125.97962,50,50
"MFU","52193","1887","d1","1","Trachurus symmetricus",0,"85-11",48.39527833,-125.97962,50,50
"MFU","52193","189","d5","1","Clupea pallasii",0,"31-9",39.39722,-124.5593383,0,0
"MFU","52193","189","d5","1","Engraulis mordax",0,"31-9",39.39722,-124.5593383,0,0
"MFU","52193","189","d5","1","Leuroglossus stilbius",0,"31-9",39.39722,-124.5593383,0,0
"MFU","52193","189","d5","1","Merluccius productus",0,"31-9",39.39722,-124.5593383,0,0
"MFU","52193","189","d5","1","Merluccius productus",0,"31-9",39.39722,-124.5593383,0,0
"MFU","52193","189","d5","1","Microstomus pacificus",0,"31-9",39.39722,-124.5593383,0,0
"MFU","52193","189","d5","1","Sardinops sagax",84768,"31-9",39.39722,-124.5593383,0,0
"MFU","52193","189","d5","1","Scomber japonicus",0,"31-9",39.39722,-124.5593383,0,0
"MFU","52193","189","d5","1","Sebastes entomelas",0,"31-9",39.39722,-124.5593383,0,0
"MFU","52193","189","d5","1","Stenobrachius leucopsarus",0,"31-9",39.39722,-124.5593383,0,0
"MFU","52193","189","d5","1","Stenobrachius leucopsarus",0,"31-9",39.39722,-124.5593383,0,0
"MFU","52193","189","d5","1","Tactostoma macropus",0,"31-9",39.39722,-124.5593383,0,0
"MFU","52193","189","d5","1","Tarletonbeania crenularis",0,"31-9",39.39722,-124.5593383,0,0
"MFU","52193","189","d5","1","Tarletonbeania crenularis",0,"31-9",39.39722,-124.5593383,0,0
"MFU","52193","189","d5","1","Thaleichthys pacificus",0,"31-9",39.39722,-124.5593383,0,0
"MFU","52193","189","d5","1","Trachurus symmetricus",0,"31-9",39.39722,-124.5593383,0,0
"MFU","52193","189","d5","1","Trachurus symmetricus",16426,"31-9",39.39722,-124.5593383,0,0
"MFU","52193","1892","d1","1","Clupea pallasii",52764,"85-1",48.39881333,-124.7782483,50,50
"MFU","52193","1892","d1","1","Engraulis mordax",0,"85-1",48.39881333,-124.7782483,50,50
"MFU","52193","1892","d1","1","Leuroglossus stilbius",0,"85-1",48.39881333,-124.7782483,50,50
"MFU","52193","1892","d1","1","Merluccius productus",0,"85-1",48.39881333,-124.7782483,50,50
"MFU","52193","1892","d1","1","Merluccius productus",784,"85-1",48.39881333,-124.7782483,50,50
"MFU","52193","1892","d1","1","Microstomus pacificus",934,"85-1",48.39881333,-124.7782483,50,50
"MFU","52193","1892","d1","1","Sardinops sagax",0,"85-1",48.39881333,-124.7782483,50,50
"MFU","52193","1892","d1","1","Scomber japonicus",0,"85-1",48.39881333,-124.7782483,50,50
"MFU","52193","1892","d1","1","Sebastes entomelas",0,"85-1",48.39881333,-124.7782483,50,50
"MFU","52193","1892","d1","1","Stenobrachius leucopsarus",0,"85-1",48.39881333,-124.7782483,50,50
"MFU","52193","1892","d1","1","Stenobrachius leucopsarus",652,"85-1",48.39881333,-124.7782483,50,50
"MFU","52193","1892","d1","1","Tactostoma macropus",0,"85-1",48.39881333,-124.7782483,50,50
"MFU","52193","1892","d1","1","Tarletonbeania crenularis",0,"85-1",48.39881333,-124.7782483,50,50
"MFU","52193","1892","d1","1","Tarletonbeania crenularis",0,"85-1",48.39881333,-124.7782483,50,50
"MFU","52193","1892","d1","1","Thaleichthys pacificus",0,"85-1",48.39881333,-124.7782483,50,50
"MFU","52193","1892","d1","1","Trachurus symmetricus",0,"85-1",48.39881333,-124.7782483,50,50
"MFU","52193","1892","d1","1","Trachurus symmetricus",0,"85-1",48.39881333,-124.7782483,50,50
"MFU","52193","1898","d1","1","Clupea pallasii",30919,"85-3",48.39836833,-124.9558333,50,50
"MFU","52193","1898","d1","1","Engraulis mordax",0,"85-3",48.39836833,-124.9558333,50,50
"MFU","52193","1898","d1","1","Leuroglossus stilbius",0,"85-3",48.39836833,-124.9558333,50,50
"MFU","52193","1898","d1","1","Merluccius productus",0,"85-3",48.39836833,-124.9558333,50,50
"MFU","52193","1898","d1","1","Merluccius productus",2289,"85-3",48.39836833,-124.9558333,50,50
"MFU","52193","1898","d1","1","Microstomus pacificus",0,"85-3",48.39836833,-124.9558333,50,50
"MFU","52193","1898","d1","1","Sardinops sagax",0,"85-3",48.39836833,-124.9558333,50,50
"MFU","52193","1898","d1","1","Scomber japonicus",0,"85-3",48.39836833,-124.9558333,50,50
"MFU","52193","1898","d1","1","Sebastes entomelas",0,"85-3",48.39836833,-124.9558333,50,50
"MFU","52193","1898","d1","1","Stenobrachius leucopsarus",0,"85-3",48.39836833,-124.9558333,50,50
"MFU","52193","1898","d1","1","Stenobrachius leucopsarus",0,"85-3",48.39836833,-124.9558333,50,50
"MFU","52193","1898","d1","1","Tactostoma macropus",0,"85-3",48.39836833,-124.9558333,50,50
"MFU","52193","1898","d1","1","Tarletonbeania crenularis",0,"85-3",48.39836833,-124.9558333,50,50
"MFU","52193","1898","d1","1","Tarletonbeania crenularis",0,"85-3",48.39836833,-124.9558333,50,50
"MFU","52193","1898","d1","1","Thaleichthys pacificus",0,"85-3",48.39836833,-124.9558333,50,50
"MFU","52193","1898","d1","1","Trachurus symmetricus",0,"85-3",48.39836833,-124.9558333,50,50
"MFU","52193","1898","d1","1","Trachurus symmetricus",0,"85-3",48.39836833,-124.9558333,50,50
"MFU","52193","190","d1","1","Clupea pallasii",0,"31-7",39.395895,-124.3384933,500,500
"MFU","52193","190","d1","1","Engraulis mordax",0,"31-7",39.395895,-124.3384933,500,500
"MFU","52193","190","d1","1","Leuroglossus stilbius",0,"31-7",39.395895,-124.3384933,500,500
"MFU","52193","190","d1","1","Merluccius productus",17784,"31-7",39.395895,-124.3384933,500,500
"MFU","52193","190","d1","1","Merluccius productus",16087,"31-7",39.395895,-124.3384933,500,500
"MFU","52193","190","d1","1","Microstomus pacificus",0,"31-7",39.395895,-124.3384933,500,500
"MFU","52193","190","d1","1","Sardinops sagax",0,"31-7",39.395895,-124.3384933,500,500
"MFU","52193","190","d1","1","Scomber japonicus",5384,"31-7",39.395895,-124.3384933,500,500
"MFU","52193","190","d1","1","Sebastes entomelas",0,"31-7",39.395895,-124.3384933,500,500
"MFU","52193","190","d1","1","Stenobrachius leucopsarus",0,"31-7",39.395895,-124.3384933,500,500
"MFU","52193","190","d1","1","Stenobrachius leucopsarus",6010,"31-7",39.395895,-124.3384933,500,500
"MFU","52193","190","d1","1","Tactostoma macropus",4593,"31-7",39.395895,-124.3384933,500,500
"MFU","52193","190","d1","1","Tarletonbeania crenularis",0,"31-7",39.395895,-124.3384933,500,500
"MFU","52193","190","d1","1","Tarletonbeania crenularis",0,"31-7",39.395895,-124.3384933,500,500
"MFU","52193","190","d1","1","Thaleichthys pacificus",0,"31-7",39.395895,-124.3384933,500,500
"MFU","52193","190","d1","1","Trachurus symmetricus",0,"31-7",39.395895,-124.3384933,500,500
"MFU","52193","190","d1","1","Trachurus symmetricus",0,"31-7",39.395895,-124.3384933,500,500
"MFU","52193","1904","d1","1","Clupea pallasii",11520,"85-5",48.39733333,-125.2029233,50,50
"MFU","52193","1904","d1","1","Engraulis mordax",0,"85-5",48.39733333,-125.2029233,50,50
"MFU","52193","1904","d1","1","Leuroglossus stilbius",0,"85-5",48.39733333,-125.2029233,50,50
"MFU","52193","1904","d1","1","Merluccius productus",0,"85-5",48.39733333,-125.2029233,50,50
"MFU","52193","1904","d1","1","Merluccius productus",2537,"85-5",48.39733333,-125.2029233,50,50
"MFU","52193","1904","d1","1","Microstomus pacificus",0,"85-5",48.39733333,-125.2029233,50,50
"MFU","52193","1904","d1","1","Sardinops sagax",0,"85-5",48.39733333,-125.2029233,50,50
"MFU","52193","1904","d1","1","Scomber japonicus",0,"85-5",48.39733333,-125.2029233,50,50
"MFU","52193","1904","d1","1","Sebastes entomelas",0,"85-5",48.39733333,-125.2029233,50,50
"MFU","52193","1904","d1","1","Stenobrachius leucopsarus",0,"85-5",48.39733333,-125.2029233,50,50
"MFU","52193","1904","d1","1","Stenobrachius leucopsarus",0,"85-5",48.39733333,-125.2029233,50,50
"MFU","52193","1904","d1","1","Tactostoma macropus",0,"85-5",48.39733333,-125.2029233,50,50
"MFU","52193","1904","d1","1","Tarletonbeania crenularis",0,"85-5",48.39733333,-125.2029233,50,50
"MFU","52193","1904","d1","1","Tarletonbeania crenularis",0,"85-5",48.39733333,-125.2029233,50,50
"MFU","52193","1904","d1","1","Thaleichthys pacificus",0,"85-5",48.39733333,-125.2029233,50,50
"MFU","52193","1904","d1","1","Trachurus symmetricus",0,"85-5",48.39733333,-125.2029233,50,50
"MFU","52193","1904","d1","1","Trachurus symmetricus",0,"85-5",48.39733333,-125.2029233,50,50
"MFU","52193","1908","d10","1","Clupea pallasii",2424,"85-8",48.39460833,-125.5780417,50,50
"MFU","52193","1908","d10","1","Engraulis mordax",0,"85-8",48.39460833,-125.5780417,50,50
"MFU","52193","1908","d10","1","Leuroglossus stilbius",0,"85-8",48.39460833,-125.5780417,50,50
"MFU","52193","1908","d10","1","Merluccius productus",0,"85-8",48.39460833,-125.5780417,50,50
"MFU","52193","1908","d10","1","Merluccius productus",0,"85-8",48.39460833,-125.5780417,50,50
"MFU","52193","1908","d10","1","Microstomus pacificus",0,"85-8",48.39460833,-125.5780417,50,50
"MFU","52193","1908","d10","1","Sardinops sagax",0,"85-8",48.39460833,-125.5780417,50,50
"MFU","52193","1908","d10","1","Scomber japonicus",0,"85-8",48.39460833,-125.5780417,50,50
"MFU","52193","1908","d10","1","Sebastes entomelas",0,"85-8",48.39460833,-125.5780417,50,50
"MFU","52193","1908","d10","1","Stenobrachius leucopsarus",0,"85-8",48.39460833,-125.5780417,50,50
"MFU","52193","1908","d10","1","Stenobrachius leucopsarus",0,"85-8",48.39460833,-125.5780417,50,50
"MFU","52193","1908","d10","1","Tactostoma macropus",0,"85-8",48.39460833,-125.5780417,50,50
"MFU","52193","1908","d10","1","Tarletonbeania crenularis",0,"85-8",48.39460833,-125.5780417,50,50
"MFU","52193","1908","d10","1","Tarletonbeania crenularis",0,"85-8",48.39460833,-125.5780417,50,50
"MFU","52193","1908","d10","1","Thaleichthys pacificus",0,"85-8",48.39460833,-125.5780417,50,50
"MFU","52193","1908","d10","1","Trachurus symmetricus",0,"85-8",48.39460833,-125.5780417,50,50
"MFU","52193","1908","d10","1","Trachurus symmetricus",0,"85-8",48.39460833,-125.5780417,50,50
"MFU","52193","192","d1","1","Clupea pallasii",0,"31-7",39.395895,-124.3384933,300,300
"MFU","52193","192","d1","1","Engraulis mordax",0,"31-7",39.395895,-124.3384933,300,300
"MFU","52193","192","d1","1","Leuroglossus stilbius",0,"31-7",39.395895,-124.3384933,300,300
"MFU","52193","192","d1","1","Merluccius productus",0,"31-7",39.395895,-124.3384933,300,300
"MFU","52193","192","d1","1","Merluccius productus",1230,"31-7",39.395895,-124.3384933,300,300
"MFU","52193","192","d1","1","Microstomus pacificus",0,"31-7",39.395895,-124.3384933,300,300
"MFU","52193","192","d1","1","Sardinops sagax",3035,"31-7",39.395895,-124.3384933,300,300
"MFU","52193","192","d1","1","Scomber japonicus",0,"31-7",39.395895,-124.3384933,300,300
"MFU","52193","192","d1","1","Sebastes entomelas",0,"31-7",39.395895,-124.3384933,300,300
"MFU","52193","192","d1","1","Stenobrachius leucopsarus",0,"31-7",39.395895,-124.3384933,300,300
"MFU","52193","192","d1","1","Stenobrachius leucopsarus",0,"31-7",39.395895,-124.3384933,300,300
"MFU","52193","192","d1","1","Tactostoma macropus",0,"31-7",39.395895,-124.3384933,300,300
"MFU","52193","192","d1","1","Tarletonbeania crenularis",0,"31-7",39.395895,-124.3384933,300,300
"MFU","52193","192","d1","1","Tarletonbeania crenularis",6411,"31-7",39.395895,-124.3384933,300,300
"MFU","52193","192","d1","1","Thaleichthys pacificus",0,"31-7",39.395895,-124.3384933,300,300
"MFU","52193","192","d1","1","Trachurus symmetricus",0,"31-7",39.395895,-124.3384933,300,300
"MFU","52193","192","d1","1","Trachurus symmetricus",0,"31-7",39.395895,-124.3384933,300,300
"MFU","52193","194","d1","1","Clupea pallasii",0,"31-7",39.395895,-124.3384933,150,150
"MFU","52193","194","d1","1","Engraulis mordax",0,"31-7",39.395895,-124.3384933,150,150
"MFU","52193","194","d1","1","Leuroglossus stilbius",0,"31-7",39.395895,-124.3384933,150,150
"MFU","52193","194","d1","1","Merluccius productus",8230,"31-7",39.395895,-124.3384933,150,150
"MFU","52193","194","d1","1","Merluccius productus",28349,"31-7",39.395895,-124.3384933,150,150
"MFU","52193","194","d1","1","Microstomus pacificus",0,"31-7",39.395895,-124.3384933,150,150
"MFU","52193","194","d1","1","Sardinops sagax",3644,"31-7",39.395895,-124.3384933,150,150
"MFU","52193","194","d1","1","Scomber japonicus",0,"31-7",39.395895,-124.3384933,150,150
"MFU","52193","194","d1","1","Sebastes entomelas",0,"31-7",39.395895,-124.3384933,150,150
"MFU","52193","194","d1","1","Stenobrachius leucopsarus",0,"31-7",39.395895,-124.3384933,150,150
"MFU","52193","194","d1","1","Stenobrachius leucopsarus",10916,"31-7",39.395895,-124.3384933,150,150
"MFU","52193","194","d1","1","Tactostoma macropus",0,"31-7",39.395895,-124.3384933,150,150
"MFU","52193","194","d1","1","Tarletonbeania crenularis",0,"31-7",39.395895,-124.3384933,150,150
"MFU","52193","194","d1","1","Tarletonbeania crenularis",6756,"31-7",39.395895,-124.3384933,150,150
"MFU","52193","194","d1","1","Thaleichthys pacificus",0,"31-7",39.395895,-124.3384933,150,150
"MFU","52193","194","d1","1","Trachurus symmetricus",0,"31-7",39.395895,-124.3384933,150,150
"MFU","52193","194","d1","1","Trachurus symmetricus",24609,"31-7",39.395895,-124.3384933,150,150
"MFU","52193","199","d10","1","Clupea pallasii",0,"31-7",39.395895,-124.3384933,50,50
"MFU","52193","199","d10","1","Engraulis mordax",0,"31-7",39.395895,-124.3384933,50,50
"MFU","52193","199","d10","1","Leuroglossus stilbius",0,"31-7",39.395895,-124.3384933,50,50
"MFU","52193","199","d10","1","Merluccius productus",9215,"31-7",39.395895,-124.3384933,50,50
"MFU","52193","199","d10","1","Merluccius productus",74800,"31-7",39.395895,-124.3384933,50,50
"MFU","52193","199","d10","1","Microstomus pacificus",0,"31-7",39.395895,-124.3384933,50,50
"MFU","52193","199","d10","1","Sardinops sagax",47226,"31-7",39.395895,-124.3384933,50,50
"MFU","52193","199","d10","1","Scomber japonicus",0,"31-7",39.395895,-124.3384933,50,50
"MFU","52193","199","d10","1","Sebastes entomelas",0,"31-7",39.395895,-124.3384933,50,50
"MFU","52193","199","d10","1","Stenobrachius leucopsarus",0,"31-7",39.395895,-124.3384933,50,50
"MFU","52193","199","d10","1","Stenobrachius leucopsarus",0,"31-7",39.395895,-124.3384933,50,50
"MFU","52193","199","d10","1","Tactostoma macropus",0,"31-7",39.395895,-124.3384933,50,50
"MFU","52193","199","d10","1","Tarletonbeania crenularis",0,"31-7",39.395895,-124.3384933,50,50
"MFU","52193","199","d10","1","Tarletonbeania crenularis",0,"31-7",39.395895,-124.3384933,50,50
"MFU","52193","199","d10","1","Thaleichthys pacificus",0,"31-7",39.395895,-124.3384933,50,50
"MFU","52193","199","d10","1","Trachurus symmetricus",0,"31-7",39.395895,-124.3384933,50,50
"MFU","52193","199","d10","1","Trachurus symmetricus",19750,"31-7",39.395895,-124.3384933,50,50
"MFU","52193","200","d10","1","Clupea pallasii",0,"31-7",39.395895,-124.3384933,0,0
"MFU","52193","200","d10","1","Engraulis mordax",0,"31-7",39.395895,-124.3384933,0,0
"MFU","52193","200","d10","1","Leuroglossus stilbius",0,"31-7",39.395895,-124.3384933,0,0
"MFU","52193","200","d10","1","Merluccius productus",0,"31-7",39.395895,-124.3384933,0,0
"MFU","52193","200","d10","1","Merluccius productus",21335,"31-7",39.395895,-124.3384933,0,0
"MFU","52193","200","d10","1","Microstomus pacificus",0,"31-7",39.395895,-124.3384933,0,0
"MFU","52193","200","d10","1","Sardinops sagax",72285,"31-7",39.395895,-124.3384933,0,0
"MFU","52193","200","d10","1","Scomber japonicus",19797,"31-7",39.395895,-124.3384933,0,0
"MFU","52193","200","d10","1","Sebastes entomelas",0,"31-7",39.395895,-124.3384933,0,0
"MFU","52193","200","d10","1","Stenobrachius leucopsarus",0,"31-7",39.395895,-124.3384933,0,0
"MFU","52193","200","d10","1","Stenobrachius leucopsarus",40609,"31-7",39.395895,-124.3384933,0,0
"MFU","52193","200","d10","1","Tactostoma macropus",0,"31-7",39.395895,-124.3384933,0,0
"MFU","52193","200","d10","1","Tarletonbeania crenularis",0,"31-7",39.395895,-124.3384933,0,0
"MFU","52193","200","d10","1","Tarletonbeania crenularis",33695,"31-7",39.395895,-124.3384933,0,0
"MFU","52193","200","d10","1","Thaleichthys pacificus",0,"31-7",39.395895,-124.3384933,0,0
"MFU","52193","200","d10","1","Trachurus symmetricus",0,"31-7",39.395895,-124.3384933,0,0
"MFU","52193","200","d10","1","Trachurus symmetricus",44103,"31-7",39.395895,-124.3384933,0,0
"MFU","52193","202","d1","1","Clupea pallasii",0,"31-4",39.39715167,-124.0178583,494,500
"MFU","52193","202","d1","1","Engraulis mordax",0,"31-4",39.39715167,-124.0178583,494,500
"MFU","52193","202","d1","1","Leuroglossus stilbius",2211,"31-4",39.39715167,-124.0178583,494,500
"MFU","52193","202","d1","1","Merluccius productus",1539,"31-4",39.39715167,-124.0178583,494,500
"MFU","52193","202","d1","1","Merluccius productus",3417,"31-4",39.39715167,-124.0178583,494,500
"MFU","52193","202","d1","1","Microstomus pacificus",1503,"31-4",39.39715167,-124.0178583,494,500
"MFU","52193","202","d1","1","Sardinops sagax",0,"31-4",39.39715167,-124.0178583,494,500
"MFU","52193","202","d1","1","Scomber japonicus",0,"31-4",39.39715167,-124.0178583,494,500
"MFU","52193","202","d1","1","Sebastes entomelas",0,"31-4",39.39715167,-124.0178583,494,500
"MFU","52193","202","d1","1","Stenobrachius leucopsarus",0,"31-4",39.39715167,-124.0178583,494,500
"MFU","52193","202","d1","1","Stenobrachius leucopsarus",3300,"31-4",39.39715167,-124.0178583,494,500
"MFU","52193","202","d1","1","Tactostoma macropus",0,"31-4",39.39715167,-124.0178583,494,500
"MFU","52193","202","d1","1","Tarletonbeania crenularis",0,"31-4",39.39715167,-124.0178583,494,500
"MFU","52193","202","d1","1","Tarletonbeania crenularis",0,"31-4",39.39715167,-124.0178583,494,500
"MFU","52193","202","d1","1","Thaleichthys pacificus",0,"31-4",39.39715167,-124.0178583,494,500
"MFU","52193","202","d1","1","Trachurus symmetricus",0,"31-4",39.39715167,-124.0178583,494,500
"MFU","52193","202","d1","1","Trachurus symmetricus",0,"31-4",39.39715167,-124.0178583,494,500
"MFU","52193","204","d1","1","Clupea pallasii",0,"31-4",39.39715167,-124.0178583,300,300
"MFU","52193","204","d1","1","Engraulis mordax",0,"31-4",39.39715167,-124.0178583,300,300
"MFU","52193","204","d1","1","Leuroglossus stilbius",0,"31-4",39.39715167,-124.0178583,300,300
"MFU","52193","204","d1","1","Merluccius productus",3883,"31-4",39.39715167,-124.0178583,300,300
"MFU","52193","204","d1","1","Merluccius productus",12577,"31-4",39.39715167,-124.0178583,300,300
"MFU","52193","204","d1","1","Microstomus pacificus",0,"31-4",39.39715167,-124.0178583,300,300
"MFU","52193","204","d1","1","Sardinops sagax",0,"31-4",39.39715167,-124.0178583,300,300
"MFU","52193","204","d1","1","Scomber japonicus",0,"31-4",39.39715167,-124.0178583,300,300
"MFU","52193","204","d1","1","Sebastes entomelas",0,"31-4",39.39715167,-124.0178583,300,300
"MFU","52193","204","d1","1","Stenobrachius leucopsarus",2550,"31-4",39.39715167,-124.0178583,300,300
"MFU","52193","204","d1","1","Stenobrachius leucopsarus",5079,"31-4",39.39715167,-124.0178583,300,300
"MFU","52193","204","d1","1","Tactostoma macropus",0,"31-4",39.39715167,-124.0178583,300,300
"MFU","52193","204","d1","1","Tarletonbeania crenularis",0,"31-4",39.39715167,-124.0178583,300,300
"MFU","52193","204","d1","1","Tarletonbeania crenularis",2566,"31-4",39.39715167,-124.0178583,300,300
"MFU","52193","204","d1","1","Thaleichthys pacificus",0,"31-4",39.39715167,-124.0178583,300,300
"MFU","52193","204","d1","1","Trachurus symmetricus",0,"31-4",39.39715167,-124.0178583,300,300
"MFU","52193","204","d1","1","Trachurus symmetricus",0,"31-4",39.39715167,-124.0178583,300,300
"MFU","52193","206","d1","1","Clupea pallasii",0,"31-4",39.39715167,-124.0178583,150,150
"MFU","52193","206","d1","1","Engraulis mordax",0,"31-4",39.39715167,-124.0178583,150,150
"MFU","52193","206","d1","1","Leuroglossus stilbius",0,"31-4",39.39715167,-124.0178583,150,150
"MFU","52193","206","d1","1","Merluccius productus",0,"31-4",39.39715167,-124.0178583,150,150
"MFU","52193","206","d1","1","Merluccius productus",8224,"31-4",39.39715167,-124.0178583,150,150
"MFU","52193","206","d1","1","Microstomus pacificus",0,"31-4",39.39715167,-124.0178583,150,150
"MFU","52193","206","d1","1","Sardinops sagax",0,"31-4",39.39715167,-124.0178583,150,150
"MFU","52193","206","d1","1","Scomber japonicus",0,"31-4",39.39715167,-124.0178583,150,150
"MFU","52193","206","d1","1","Sebastes entomelas",0,"31-4",39.39715167,-124.0178583,150,150
"MFU","52193","206","d1","1","Stenobrachius leucopsarus",0,"31-4",39.39715167,-124.0178583,150,150
"MFU","52193","206","d1","1","Stenobrachius leucopsarus",4844,"31-4",39.39715167,-124.0178583,150,150
"MFU","52193","206","d1","1","Tactostoma macropus",0,"31-4",39.39715167,-124.0178583,150,150
"MFU","52193","206","d1","1","Tarletonbeania crenularis",0,"31-4",39.39715167,-124.0178583,150,150
"MFU","52193","206","d1","1","Tarletonbeania crenularis",38014,"31-4",39.39715167,-124.0178583,150,150
"MFU","52193","206","d1","1","Thaleichthys pacificus",0,"31-4",39.39715167,-124.0178583,150,150
"MFU","52193","206","d1","1","Trachurus symmetricus",0,"31-4",39.39715167,-124.0178583,150,150
"MFU","52193","206","d1","1","Trachurus symmetricus",1868,"31-4",39.39715167,-124.0178583,150,150
"MFU","52193","21","d1","1","Clupea pallasii",0,"25-6",38.39640667,-123.7726167,500,500
"MFU","52193","21","d1","1","Engraulis mordax",0,"25-6",38.39640667,-123.7726167,500,500
"MFU","52193","21","d1","1","Leuroglossus stilbius",0,"25-6",38.39640667,-123.7726167,500,500
"MFU","52193","21","d1","1","Merluccius productus",0,"25-6",38.39640667,-123.7726167,500,500
"MFU","52193","21","d1","1","Merluccius productus",5261,"25-6",38.39640667,-123.7726167,500,500
"MFU","52193","21","d1","1","Microstomus pacificus",0,"25-6",38.39640667,-123.7726167,500,500
"MFU","52193","21","d1","1","Sardinops sagax",0,"25-6",38.39640667,-123.7726167,500,500
"MFU","52193","21","d1","1","Scomber japonicus",0,"25-6",38.39640667,-123.7726167,500,500
"MFU","52193","21","d1","1","Sebastes entomelas",0,"25-6",38.39640667,-123.7726167,500,500
"MFU","52193","21","d1","1","Stenobrachius leucopsarus",0,"25-6",38.39640667,-123.7726167,500,500
"MFU","52193","21","d1","1","Stenobrachius leucopsarus",0,"25-6",38.39640667,-123.7726167,500,500
"MFU","52193","21","d1","1","Tactostoma macropus",0,"25-6",38.39640667,-123.7726167,500,500
"MFU","52193","21","d1","1","Tarletonbeania crenularis",0,"25-6",38.39640667,-123.7726167,500,500
"MFU","52193","21","d1","1","Tarletonbeania crenularis",0,"25-6",38.39640667,-123.7726167,500,500
"MFU","52193","21","d1","1","Thaleichthys pacificus",0,"25-6",38.39640667,-123.7726167,500,500
"MFU","52193","21","d1","1","Trachurus symmetricus",0,"25-6",38.39640667,-123.7726167,500,500
"MFU","52193","21","d1","1","Trachurus symmetricus",0,"25-6",38.39640667,-123.7726167,500,500
"MFU","52193","210","d1","1","Clupea pallasii",0,"31-4",39.39715167,-124.0178583,50,50
"MFU","52193","210","d1","1","Engraulis mordax",0,"31-4",39.39715167,-124.0178583,50,50
"MFU","52193","210","d1","1","Leuroglossus stilbius",0,"31-4",39.39715167,-124.0178583,50,50
"MFU","52193","210","d1","1","Merluccius productus",0,"31-4",39.39715167,-124.0178583,50,50
"MFU","52193","210","d1","1","Merluccius productus",38984,"31-4",39.39715167,-124.0178583,50,50
"MFU","52193","210","d1","1","Microstomus pacificus",0,"31-4",39.39715167,-124.0178583,50,50
"MFU","52193","210","d1","1","Sardinops sagax",0,"31-4",39.39715167,-124.0178583,50,50
"MFU","52193","210","d1","1","Scomber japonicus",0,"31-4",39.39715167,-124.0178583,50,50
"MFU","52193","210","d1","1","Sebastes entomelas",0,"31-4",39.39715167,-124.0178583,50,50
"MFU","52193","210","d1","1","Stenobrachius leucopsarus",0,"31-4",39.39715167,-124.0178583,50,50
"MFU","52193","210","d1","1","Stenobrachius leucopsarus",0,"31-4",39.39715167,-124.0178583,50,50
"MFU","52193","210","d1","1","Tactostoma macropus",0,"31-4",39.39715167,-124.0178583,50,50
"MFU","52193","210","d1","1","Tarletonbeania crenularis",0,"31-4",39.39715167,-124.0178583,50,50
"MFU","52193","210","d1","1","Tarletonbeania crenularis",0,"31-4",39.39715167,-124.0178583,50,50
"MFU","52193","210","d1","1","Thaleichthys pacificus",0,"31-4",39.39715167,-124.0178583,50,50
"MFU","52193","210","d1","1","Trachurus symmetricus",0,"31-4",39.39715167,-124.0178583,50,50
"MFU","52193","210","d1","1","Trachurus symmetricus",7047,"31-4",39.39715167,-124.0178583,50,50
"MFU","52193","213","d10","1","Clupea pallasii",0,"31-4",39.39715167,-124.0178583,0,0
"MFU","52193","213","d10","1","Engraulis mordax",0,"31-4",39.39715167,-124.0178583,0,0
"MFU","52193","213","d10","1","Leuroglossus stilbius",0,"31-4",39.39715167,-124.0178583,0,0
"MFU","52193","213","d10","1","Merluccius productus",0,"31-4",39.39715167,-124.0178583,0,0
"MFU","52193","213","d10","1","Merluccius productus",818,"31-4",39.39715167,-124.0178583,0,0
"MFU","52193","213","d10","1","Microstomus pacificus",0,"31-4",39.39715167,-124.0178583,0,0
"MFU","52193","213","d10","1","Sardinops sagax",0,"31-4",39.39715167,-124.0178583,0,0
"MFU","52193","213","d10","1","Scomber japonicus",0,"31-4",39.39715167,-124.0178583,0,0
"MFU","52193","213","d10","1","Sebastes entomelas",0,"31-4",39.39715167,-124.0178583,0,0
"MFU","52193","213","d10","1","Stenobrachius leucopsarus",0,"31-4",39.39715167,-124.0178583,0,0
"MFU","52193","213","d10","1","Stenobrachius leucopsarus",0,"31-4",39.39715167,-124.0178583,0,0
"MFU","52193","213","d10","1","Tactostoma macropus",0,"31-4",39.39715167,-124.0178583,0,0
"MFU","52193","213","d10","1","Tarletonbeania crenularis",0,"31-4",39.39715167,-124.0178583,0,0
"MFU","52193","213","d10","1","Tarletonbeania crenularis",0,"31-4",39.39715167,-124.0178583,0,0
"MFU","52193","213","d10","1","Thaleichthys pacificus",0,"31-4",39.39715167,-124.0178583,0,0
"MFU","52193","213","d10","1","Trachurus symmetricus",0,"31-4",39.39715167,-124.0178583,0,0
"MFU","52193","213","d10","1","Trachurus symmetricus",881,"31-4",39.39715167,-124.0178583,0,0
"MFU","52193","219","d1","1","Clupea pallasii",0,"31-2",39.39729833,-123.9491633,50,50
"MFU","52193","219","d1","1","Engraulis mordax",0,"31-2",39.39729833,-123.9491633,50,50
"MFU","52193","219","d1","1","Leuroglossus stilbius",0,"31-2",39.39729833,-123.9491633,50,50
"MFU","52193","219","d1","1","Merluccius productus",2408,"31-2",39.39729833,-123.9491633,50,50
"MFU","52193","219","d1","1","Merluccius productus",62192,"31-2",39.39729833,-123.9491633,50,50
"MFU","52193","219","d1","1","Microstomus pacificus",0,"31-2",39.39729833,-123.9491633,50,50
"MFU","52193","219","d1","1","Sardinops sagax",0,"31-2",39.39729833,-123.9491633,50,50
"MFU","52193","219","d1","1","Scomber japonicus",0,"31-2",39.39729833,-123.9491633,50,50
"MFU","52193","219","d1","1","Sebastes entomelas",0,"31-2",39.39729833,-123.9491633,50,50
"MFU","52193","219","d1","1","Stenobrachius leucopsarus",0,"31-2",39.39729833,-123.9491633,50,50
"MFU","52193","219","d1","1","Stenobrachius leucopsarus",0,"31-2",39.39729833,-123.9491633,50,50
"MFU","52193","219","d1","1","Tactostoma macropus",0,"31-2",39.39729833,-123.9491633,50,50
"MFU","52193","219","d1","1","Tarletonbeania crenularis",0,"31-2",39.39729833,-123.9491633,50,50
"MFU","52193","219","d1","1","Tarletonbeania crenularis",920,"31-2",39.39729833,-123.9491633,50,50
"MFU","52193","219","d1","1","Thaleichthys pacificus",0,"31-2",39.39729833,-123.9491633,50,50
"MFU","52193","219","d1","1","Trachurus symmetricus",0,"31-2",39.39729833,-123.9491633,50,50
"MFU","52193","219","d1","1","Trachurus symmetricus",2760,"31-2",39.39729833,-123.9491633,50,50
"MFU","52193","222","d10","1","Clupea pallasii",0,"31-2",39.39729833,-123.9491633,0,0
"MFU","52193","222","d10","1","Engraulis mordax",0,"31-2",39.39729833,-123.9491633,0,0
"MFU","52193","222","d10","1","Leuroglossus stilbius",0,"31-2",39.39729833,-123.9491633,0,0
"MFU","52193","222","d10","1","Merluccius productus",0,"31-2",39.39729833,-123.9491633,0,0
"MFU","52193","222","d10","1","Merluccius productus",0,"31-2",39.39729833,-123.9491633,0,0
"MFU","52193","222","d10","1","Microstomus pacificus",0,"31-2",39.39729833,-123.9491633,0,0
"MFU","52193","222","d10","1","Sardinops sagax",24778,"31-2",39.39729833,-123.9491633,0,0
"MFU","52193","222","d10","1","Scomber japonicus",0,"31-2",39.39729833,-123.9491633,0,0
"MFU","52193","222","d10","1","Sebastes entomelas",0,"31-2",39.39729833,-123.9491633,0,0
"MFU","52193","222","d10","1","Stenobrachius leucopsarus",0,"31-2",39.39729833,-123.9491633,0,0
"MFU","52193","222","d10","1","Stenobrachius leucopsarus",0,"31-2",39.39729833,-123.9491633,0,0
"MFU","52193","222","d10","1","Tactostoma macropus",0,"31-2",39.39729833,-123.9491633,0,0
"MFU","52193","222","d10","1","Tarletonbeania crenularis",0,"31-2",39.39729833,-123.9491633,0,0
"MFU","52193","222","d10","1","Tarletonbeania crenularis",0,"31-2",39.39729833,-123.9491633,0,0
"MFU","52193","222","d10","1","Thaleichthys pacificus",0,"31-2",39.39729833,-123.9491633,0,0
"MFU","52193","222","d10","1","Trachurus symmetricus",0,"31-2",39.39729833,-123.9491633,0,0
"MFU","52193","222","d10","1","Trachurus symmetricus",0,"31-2",39.39729833,-123.9491633,0,0
"MFU","52193","225","d10","1","Clupea pallasii",0,"31-1",39.39802167,-123.834825,0,0
"MFU","52193","225","d10","1","Engraulis mordax",0,"31-1",39.39802167,-123.834825,0,0
"MFU","52193","225","d10","1","Leuroglossus stilbius",0,"31-1",39.39802167,-123.834825,0,0
"MFU","52193","225","d10","1","Merluccius productus",0,"31-1",39.39802167,-123.834825,0,0
"MFU","52193","225","d10","1","Merluccius productus",4468,"31-1",39.39802167,-123.834825,0,0
"MFU","52193","225","d10","1","Microstomus pacificus",0,"31-1",39.39802167,-123.834825,0,0
"MFU","52193","225","d10","1","Sardinops sagax",9087,"31-1",39.39802167,-123.834825,0,0
"MFU","52193","225","d10","1","Scomber japonicus",0,"31-1",39.39802167,-123.834825,0,0
"MFU","52193","225","d10","1","Sebastes entomelas",10139,"31-1",39.39802167,-123.834825,0,0
"MFU","52193","225","d10","1","Stenobrachius leucopsarus",0,"31-1",39.39802167,-123.834825,0,0
"MFU","52193","225","d10","1","Stenobrachius leucopsarus",0,"31-1",39.39802167,-123.834825,0,0
"MFU","52193","225","d10","1","Tactostoma macropus",0,"31-1",39.39802167,-123.834825,0,0
"MFU","52193","225","d10","1","Tarletonbeania crenularis",0,"31-1",39.39802167,-123.834825,0,0
"MFU","52193","225","d10","1","Tarletonbeania crenularis",0,"31-1",39.39802167,-123.834825,0,0
"MFU","52193","225","d10","1","Thaleichthys pacificus",0,"31-1",39.39802167,-123.834825,0,0
"MFU","52193","225","d10","1","Trachurus symmetricus",0,"31-1",39.39802167,-123.834825,0,0
"MFU","52193","225","d10","1","Trachurus symmetricus",0,"31-1",39.39802167,-123.834825,0,0
"MFU","52193","227","d1","1","Clupea pallasii",0,"33-9",39.73059833,-124.6214717,500,500
"MFU","52193","227","d1","1","Engraulis mordax",0,"33-9",39.73059833,-124.6214717,500,500
"MFU","52193","227","d1","1","Leuroglossus stilbius",0,"33-9",39.73059833,-124.6214717,500,500
"MFU","52193","227","d1","1","Merluccius productus",0,"33-9",39.73059833,-124.6214717,500,500
"MFU","52193","227","d1","1","Merluccius productus",18234,"33-9",39.73059833,-124.6214717,500,500
"MFU","52193","227","d1","1","Microstomus pacificus",0,"33-9",39.73059833,-124.6214717,500,500
"MFU","52193","227","d1","1","Sardinops sagax",1481,"33-9",39.73059833,-124.6214717,500,500
"MFU","52193","227","d1","1","Scomber japonicus",0,"33-9",39.73059833,-124.6214717,500,500
"MFU","52193","227","d1","1","Sebastes entomelas",0,"33-9",39.73059833,-124.6214717,500,500
"MFU","52193","227","d1","1","Stenobrachius leucopsarus",0,"33-9",39.73059833,-124.6214717,500,500
"MFU","52193","227","d1","1","Stenobrachius leucopsarus",7038,"33-9",39.73059833,-124.6214717,500,500
"MFU","52193","227","d1","1","Tactostoma macropus",0,"33-9",39.73059833,-124.6214717,500,500
"MFU","52193","227","d1","1","Tarletonbeania crenularis",0,"33-9",39.73059833,-124.6214717,500,500
"MFU","52193","227","d1","1","Tarletonbeania crenularis",0,"33-9",39.73059833,-124.6214717,500,500
"MFU","52193","227","d1","1","Thaleichthys pacificus",0,"33-9",39.73059833,-124.6214717,500,500
"MFU","52193","227","d1","1","Trachurus symmetricus",0,"33-9",39.73059833,-124.6214717,500,500
"MFU","52193","227","d1","1","Trachurus symmetricus",0,"33-9",39.73059833,-124.6214717,500,500
"MFU","52193","229","d1","1","Clupea pallasii",0,"33-9",39.73059833,-124.6214717,300,300
"MFU","52193","229","d1","1","Engraulis mordax",0,"33-9",39.73059833,-124.6214717,300,300
"MFU","52193","229","d1","1","Leuroglossus stilbius",0,"33-9",39.73059833,-124.6214717,300,300
"MFU","52193","229","d1","1","Merluccius productus",179,"33-9",39.73059833,-124.6214717,300,300
"MFU","52193","229","d1","1","Merluccius productus",1003,"33-9",39.73059833,-124.6214717,300,300
"MFU","52193","229","d1","1","Microstomus pacificus",146,"33-9",39.73059833,-124.6214717,300,300
"MFU","52193","229","d1","1","Sardinops sagax",107,"33-9",39.73059833,-124.6214717,300,300
"MFU","52193","229","d1","1","Scomber japonicus",0,"33-9",39.73059833,-124.6214717,300,300
"MFU","52193","229","d1","1","Sebastes entomelas",0,"33-9",39.73059833,-124.6214717,300,300
"MFU","52193","229","d1","1","Stenobrachius leucopsarus",0,"33-9",39.73059833,-124.6214717,300,300
"MFU","52193","229","d1","1","Stenobrachius leucopsarus",514,"33-9",39.73059833,-124.6214717,300,300
"MFU","52193","229","d1","1","Tactostoma macropus",0,"33-9",39.73059833,-124.6214717,300,300
"MFU","52193","229","d1","1","Tarletonbeania crenularis",0,"33-9",39.73059833,-124.6214717,300,300
"MFU","52193","229","d1","1","Tarletonbeania crenularis",299,"33-9",39.73059833,-124.6214717,300,300
"MFU","52193","229","d1","1","Thaleichthys pacificus",0,"33-9",39.73059833,-124.6214717,300,300
"MFU","52193","229","d1","1","Trachurus symmetricus",0,"33-9",39.73059833,-124.6214717,300,300
"MFU","52193","229","d1","1","Trachurus symmetricus",0,"33-9",39.73059833,-124.6214717,300,300
"MFU","52193","23","d1","1","Clupea pallasii",0,"25-6",38.39640667,-123.7726167,300,300
"MFU","52193","23","d1","1","Engraulis mordax",38973,"25-6",38.39640667,-123.7726167,300,300
"MFU","52193","23","d1","1","Leuroglossus stilbius",0,"25-6",38.39640667,-123.7726167,300,300
"MFU","52193","23","d1","1","Merluccius productus",0,"25-6",38.39640667,-123.7726167,300,300
"MFU","52193","23","d1","1","Merluccius productus",0,"25-6",38.39640667,-123.7726167,300,300
"MFU","52193","23","d1","1","Microstomus pacificus",0,"25-6",38.39640667,-123.7726167,300,300
"MFU","52193","23","d1","1","Sardinops sagax",0,"25-6",38.39640667,-123.7726167,300,300
"MFU","52193","23","d1","1","Scomber japonicus",20883,"25-6",38.39640667,-123.7726167,300,300
"MFU","52193","23","d1","1","Sebastes entomelas",0,"25-6",38.39640667,-123.7726167,300,300
"MFU","52193","23","d1","1","Stenobrachius leucopsarus",0,"25-6",38.39640667,-123.7726167,300,300
"MFU","52193","23","d1","1","Stenobrachius leucopsarus",0,"25-6",38.39640667,-123.7726167,300,300
"MFU","52193","23","d1","1","Tactostoma macropus",0,"25-6",38.39640667,-123.7726167,300,300
"MFU","52193","23","d1","1","Tarletonbeania crenularis",0,"25-6",38.39640667,-123.7726167,300,300
"MFU","52193","23","d1","1","Tarletonbeania crenularis",0,"25-6",38.39640667,-123.7726167,300,300
"MFU","52193","23","d1","1","Thaleichthys pacificus",0,"25-6",38.39640667,-123.7726167,300,300
"MFU","52193","23","d1","1","Trachurus symmetricus",0,"25-6",38.39640667,-123.7726167,300,300
"MFU","52193","23","d1","1","Trachurus symmetricus",0,"25-6",38.39640667,-123.7726167,300,300
"MFU","52193","231","d1","1","Clupea pallasii",0,"33-9",39.73059833,-124.6214717,150,150
"MFU","52193","231","d1","1","Engraulis mordax",0,"33-9",39.73059833,-124.6214717,150,150
"MFU","52193","231","d1","1","Leuroglossus stilbius",0,"33-9",39.73059833,-124.6214717,150,150
"MFU","52193","231","d1","1","Merluccius productus",0,"33-9",39.73059833,-124.6214717,150,150
"MFU","52193","231","d1","1","Merluccius productus",6769,"33-9",39.73059833,-124.6214717,150,150
"MFU","52193","231","d1","1","Microstomus pacificus",0,"33-9",39.73059833,-124.6214717,150,150
"MFU","52193","231","d1","1","Sardinops sagax",0,"33-9",39.73059833,-124.6214717,150,150
"MFU","52193","231","d1","1","Scomber japonicus",0,"33-9",39.73059833,-124.6214717,150,150
"MFU","52193","231","d1","1","Sebastes entomelas",0,"33-9",39.73059833,-124.6214717,150,150
"MFU","52193","231","d1","1","Stenobrachius leucopsarus",0,"33-9",39.73059833,-124.6214717,150,150
"MFU","52193","231","d1","1","Stenobrachius leucopsarus",23502,"33-9",39.73059833,-124.6214717,150,150
"MFU","52193","231","d1","1","Tactostoma macropus",0,"33-9",39.73059833,-124.6214717,150,150
"MFU","52193","231","d1","1","Tarletonbeania crenularis",0,"33-9",39.73059833,-124.6214717,150,150
"MFU","52193","231","d1","1","Tarletonbeania crenularis",14622,"33-9",39.73059833,-124.6214717,150,150
"MFU","52193","231","d1","1","Thaleichthys pacificus",0,"33-9",39.73059833,-124.6214717,150,150
"MFU","52193","231","d1","1","Trachurus symmetricus",0,"33-9",39.73059833,-124.6214717,150,150
"MFU","52193","231","d1","1","Trachurus symmetricus",15120,"33-9",39.73059833,-124.6214717,150,150
"MFU","52193","235","d1","1","Clupea pallasii",0,"33-9",39.73059833,-124.6214717,50,50
"MFU","52193","235","d1","1","Engraulis mordax",0,"33-9",39.73059833,-124.6214717,50,50
"MFU","52193","235","d1","1","Leuroglossus stilbius",0,"33-9",39.73059833,-124.6214717,50,50
"MFU","52193","235","d1","1","Merluccius productus",23450,"33-9",39.73059833,-124.6214717,50,50
"MFU","52193","235","d1","1","Merluccius productus",38311,"33-9",39.73059833,-124.6214717,50,50
"MFU","52193","235","d1","1","Microstomus pacificus",0,"33-9",39.73059833,-124.6214717,50,50
"MFU","52193","235","d1","1","Sardinops sagax",11459,"33-9",39.73059833,-124.6214717,50,50
"MFU","52193","235","d1","1","Scomber japonicus",0,"33-9",39.73059833,-124.6214717,50,50
"MFU","52193","235","d1","1","Sebastes entomelas",0,"33-9",39.73059833,-124.6214717,50,50
"MFU","52193","235","d1","1","Stenobrachius leucopsarus",0,"33-9",39.73059833,-124.6214717,50,50
"MFU","52193","235","d1","1","Stenobrachius leucopsarus",16855,"33-9",39.73059833,-124.6214717,50,50
"MFU","52193","235","d1","1","Tactostoma macropus",0,"33-9",39.73059833,-124.6214717,50,50
"MFU","52193","235","d1","1","Tarletonbeania crenularis",0,"33-9",39.73059833,-124.6214717,50,50
"MFU","52193","235","d1","1","Tarletonbeania crenularis",27399,"33-9",39.73059833,-124.6214717,50,50
"MFU","52193","235","d1","1","Thaleichthys pacificus",0,"33-9",39.73059833,-124.6214717,50,50
"MFU","52193","235","d1","1","Trachurus symmetricus",0,"33-9",39.73059833,-124.6214717,50,50
"MFU","52193","235","d1","1","Trachurus symmetricus",13233,"33-9",39.73059833,-124.6214717,50,50
"MFU","52193","238","d10","1","Clupea pallasii",0,"33-9",39.73059833,-124.6214717,0,0
"MFU","52193","238","d10","1","Engraulis mordax",0,"33-9",39.73059833,-124.6214717,0,0
"MFU","52193","238","d10","1","Leuroglossus stilbius",0,"33-9",39.73059833,-124.6214717,0,0
"MFU","52193","238","d10","1","Merluccius productus",11075,"33-9",39.73059833,-124.6214717,0,0
"MFU","52193","238","d10","1","Merluccius productus",39165,"33-9",39.73059833,-124.6214717,0,0
"MFU","52193","238","d10","1","Microstomus pacificus",0,"33-9",39.73059833,-124.6214717,0,0
"MFU","52193","238","d10","1","Sardinops sagax",3679,"33-9",39.73059833,-124.6214717,0,0
"MFU","52193","238","d10","1","Scomber japonicus",0,"33-9",39.73059833,-124.6214717,0,0
"MFU","52193","238","d10","1","Sebastes entomelas",0,"33-9",39.73059833,-124.6214717,0,0
"MFU","52193","238","d10","1","Stenobrachius leucopsarus",0,"33-9",39.73059833,-124.6214717,0,0
"MFU","52193","238","d10","1","Stenobrachius leucopsarus",0,"33-9",39.73059833,-124.6214717,0,0
"MFU","52193","238","d10","1","Tactostoma macropus",0,"33-9",39.73059833,-124.6214717,0,0
"MFU","52193","238","d10","1","Tarletonbeania crenularis",0,"33-9",39.73059833,-124.6214717,0,0
"MFU","52193","238","d10","1","Tarletonbeania crenularis",0,"33-9",39.73059833,-124.6214717,0,0
"MFU","52193","238","d10","1","Thaleichthys pacificus",0,"33-9",39.73059833,-124.6214717,0,0
"MFU","52193","238","d10","1","Trachurus symmetricus",0,"33-9",39.73059833,-124.6214717,0,0
"MFU","52193","238","d10","1","Trachurus symmetricus",3924,"33-9",39.73059833,-124.6214717,0,0
"MFU","52193","247","d10","1","Clupea pallasii",0,"33-5",39.73188333,-124.1845433,50,50
"MFU","52193","247","d10","1","Engraulis mordax",0,"33-5",39.73188333,-124.1845433,50,50
"MFU","52193","247","d10","1","Leuroglossus stilbius",0,"33-5",39.73188333,-124.1845433,50,50
"MFU","52193","247","d10","1","Merluccius productus",0,"33-5",39.73188333,-124.1845433,50,50
"MFU","52193","247","d10","1","Merluccius productus",25897,"33-5",39.73188333,-124.1845433,50,50
"MFU","52193","247","d10","1","Microstomus pacificus",0,"33-5",39.73188333,-124.1845433,50,50
"MFU","52193","247","d10","1","Sardinops sagax",0,"33-5",39.73188333,-124.1845433,50,50
"MFU","52193","247","d10","1","Scomber japonicus",0,"33-5",39.73188333,-124.1845433,50,50
"MFU","52193","247","d10","1","Sebastes entomelas",0,"33-5",39.73188333,-124.1845433,50,50
"MFU","52193","247","d10","1","Stenobrachius leucopsarus",0,"33-5",39.73188333,-124.1845433,50,50
"MFU","52193","247","d10","1","Stenobrachius leucopsarus",0,"33-5",39.73188333,-124.1845433,50,50
"MFU","52193","247","d10","1","Tactostoma macropus",0,"33-5",39.73188333,-124.1845433,50,50
"MFU","52193","247","d10","1","Tarletonbeania crenularis",0,"33-5",39.73188333,-124.1845433,50,50
"MFU","52193","247","d10","1","Tarletonbeania crenularis",0,"33-5",39.73188333,-124.1845433,50,50
"MFU","52193","247","d10","1","Thaleichthys pacificus",0,"33-5",39.73188333,-124.1845433,50,50
"MFU","52193","247","d10","1","Trachurus symmetricus",0,"33-5",39.73188333,-124.1845433,50,50
"MFU","52193","247","d10","1","Trachurus symmetricus",30030,"33-5",39.73188333,-124.1845433,50,50
"MFU","52193","248","d10","1","Clupea pallasii",0,"33-5",39.73188333,-124.1845433,50,50
"MFU","52193","248","d10","1","Engraulis mordax",0,"33-5",39.73188333,-124.1845433,50,50
"MFU","52193","248","d10","1","Leuroglossus stilbius",0,"33-5",39.73188333,-124.1845433,50,50
"MFU","52193","248","d10","1","Merluccius productus",0,"33-5",39.73188333,-124.1845433,50,50
"MFU","52193","248","d10","1","Merluccius productus",2320,"33-5",39.73188333,-124.1845433,50,50
"MFU","52193","248","d10","1","Microstomus pacificus",0,"33-5",39.73188333,-124.1845433,50,50
"MFU","52193","248","d10","1","Sardinops sagax",0,"33-5",39.73188333,-124.1845433,50,50
"MFU","52193","248","d10","1","Scomber japonicus",0,"33-5",39.73188333,-124.1845433,50,50
"MFU","52193","248","d10","1","Sebastes entomelas",0,"33-5",39.73188333,-124.1845433,50,50
"MFU","52193","248","d10","1","Stenobrachius leucopsarus",0,"33-5",39.73188333,-124.1845433,50,50
"MFU","52193","248","d10","1","Stenobrachius leucopsarus",0,"33-5",39.73188333,-124.1845433,50,50
"MFU","52193","248","d10","1","Tactostoma macropus",0,"33-5",39.73188333,-124.1845433,50,50
"MFU","52193","248","d10","1","Tarletonbeania crenularis",0,"33-5",39.73188333,-124.1845433,50,50
"MFU","52193","248","d10","1","Tarletonbeania crenularis",3711,"33-5",39.73188333,-124.1845433,50,50
"MFU","52193","248","d10","1","Thaleichthys pacificus",0,"33-5",39.73188333,-124.1845433,50,50
"MFU","52193","248","d10","1","Trachurus symmetricus",0,"33-5",39.73188333,-124.1845433,50,50
"MFU","52193","248","d10","1","Trachurus symmetricus",0,"33-5",39.73188333,-124.1845433,50,50
"MFU","52193","25","d1","1","Clupea pallasii",0,"25-6",38.39640667,-123.7726167,150,150
"MFU","52193","25","d1","1","Engraulis mordax",11035,"25-6",38.39640667,-123.7726167,150,150
"MFU","52193","25","d1","1","Leuroglossus stilbius",0,"25-6",38.39640667,-123.7726167,150,150
"MFU","52193","25","d1","1","Merluccius productus",0,"25-6",38.39640667,-123.7726167,150,150
"MFU","52193","25","d1","1","Merluccius productus",53339,"25-6",38.39640667,-123.7726167,150,150
"MFU","52193","25","d1","1","Microstomus pacificus",0,"25-6",38.39640667,-123.7726167,150,150
"MFU","52193","25","d1","1","Sardinops sagax",0,"25-6",38.39640667,-123.7726167,150,150
"MFU","52193","25","d1","1","Scomber japonicus",0,"25-6",38.39640667,-123.7726167,150,150
"MFU","52193","25","d1","1","Sebastes entomelas",0,"25-6",38.39640667,-123.7726167,150,150
"MFU","52193","25","d1","1","Stenobrachius leucopsarus",0,"25-6",38.39640667,-123.7726167,150,150
"MFU","52193","25","d1","1","Stenobrachius leucopsarus",0,"25-6",38.39640667,-123.7726167,150,150
"MFU","52193","25","d1","1","Tactostoma macropus",0,"25-6",38.39640667,-123.7726167,150,150
"MFU","52193","25","d1","1","Tarletonbeania crenularis",0,"25-6",38.39640667,-123.7726167,150,150
"MFU","52193","25","d1","1","Tarletonbeania crenularis",5610,"25-6",38.39640667,-123.7726167,150,150
"MFU","52193","25","d1","1","Thaleichthys pacificus",0,"25-6",38.39640667,-123.7726167,150,150
"MFU","52193","25","d1","1","Trachurus symmetricus",0,"25-6",38.39640667,-123.7726167,150,150
"MFU","52193","25","d1","1","Trachurus symmetricus",0,"25-6",38.39640667,-123.7726167,150,150
"MFU","52193","251","d1","1","Clupea pallasii",0,"33-4",39.731755,-124.07336,467,500
"MFU","52193","251","d1","1","Engraulis mordax",0,"33-4",39.731755,-124.07336,467,500
"MFU","52193","251","d1","1","Leuroglossus stilbius",15874,"33-4",39.731755,-124.07336,467,500
"MFU","52193","251","d1","1","Merluccius productus",2612,"33-4",39.731755,-124.07336,467,500
"MFU","52193","251","d1","1","Merluccius productus",38312,"33-4",39.731755,-124.07336,467,500
"MFU","52193","251","d1","1","Microstomus pacificus",6064,"33-4",39.731755,-124.07336,467,500
"MFU","52193","251","d1","1","Sardinops sagax",0,"33-4",39.731755,-124.07336,467,500
"MFU","52193","251","d1","1","Scomber japonicus",0,"33-4",39.731755,-124.07336,467,500
"MFU","52193","251","d1","1","Sebastes entomelas",0,"33-4",39.731755,-124.07336,467,500
"MFU","52193","251","d1","1","Stenobrachius leucopsarus",0,"33-4",39.731755,-124.07336,467,500
"MFU","52193","251","d1","1","Stenobrachius leucopsarus",4905,"33-4",39.731755,-124.07336,467,500
"MFU","52193","251","d1","1","Tactostoma macropus",4431,"33-4",39.731755,-124.07336,467,500
"MFU","52193","251","d1","1","Tarletonbeania crenularis",0,"33-4",39.731755,-124.07336,467,500
"MFU","52193","251","d1","1","Tarletonbeania crenularis",0,"33-4",39.731755,-124.07336,467,500
"MFU","52193","251","d1","1","Thaleichthys pacificus",0,"33-4",39.731755,-124.07336,467,500
"MFU","52193","251","d1","1","Trachurus symmetricus",0,"33-4",39.731755,-124.07336,467,500
"MFU","52193","251","d1","1","Trachurus symmetricus",4133,"33-4",39.731755,-124.07336,467,500
"MFU","52193","253","d1","1","Clupea pallasii",0,"33-4",39.731755,-124.07336,300,300
"MFU","52193","253","d1","1","Engraulis mordax",0,"33-4",39.731755,-124.07336,300,300
"MFU","52193","253","d1","1","Leuroglossus stilbius",6802,"33-4",39.731755,-124.07336,300,300
"MFU","52193","253","d1","1","Merluccius productus",6032,"33-4",39.731755,-124.07336,300,300
"MFU","52193","253","d1","1","Merluccius productus",40804,"33-4",39.731755,-124.07336,300,300
"MFU","52193","253","d1","1","Microstomus pacificus",0,"33-4",39.731755,-124.07336,300,300
"MFU","52193","253","d1","1","Sardinops sagax",0,"33-4",39.731755,-124.07336,300,300
"MFU","52193","253","d1","1","Scomber japonicus",0,"33-4",39.731755,-124.07336,300,300
"MFU","52193","253","d1","1","Sebastes entomelas",0,"33-4",39.731755,-124.07336,300,300
"MFU","52193","253","d1","1","Stenobrachius leucopsarus",6683,"33-4",39.731755,-124.07336,300,300
"MFU","52193","253","d1","1","Stenobrachius leucopsarus",9650,"33-4",39.731755,-124.07336,300,300
"MFU","52193","253","d1","1","Tactostoma macropus",0,"33-4",39.731755,-124.07336,300,300
"MFU","52193","253","d1","1","Tarletonbeania crenularis",0,"33-4",39.731755,-124.07336,300,300
"MFU","52193","253","d1","1","Tarletonbeania crenularis",0,"33-4",39.731755,-124.07336,300,300
"MFU","52193","253","d1","1","Thaleichthys pacificus",0,"33-4",39.731755,-124.07336,300,300
"MFU","52193","253","d1","1","Trachurus symmetricus",0,"33-4",39.731755,-124.07336,300,300
"MFU","52193","253","d1","1","Trachurus symmetricus",0,"33-4",39.731755,-124.07336,300,300
"MFU","52193","255","d1","1","Clupea pallasii",0,"33-4",39.731755,-124.07336,150,150
"MFU","52193","255","d1","1","Engraulis mordax",0,"33-4",39.731755,-124.07336,150,150
"MFU","52193","255","d1","1","Leuroglossus stilbius",0,"33-4",39.731755,-124.07336,150,150
"MFU","52193","255","d1","1","Merluccius productus",9502,"33-4",39.731755,-124.07336,150,150
"MFU","52193","255","d1","1","Merluccius productus",102510,"33-4",39.731755,-124.07336,150,150
"MFU","52193","255","d1","1","Microstomus pacificus",0,"33-4",39.731755,-124.07336,150,150
"MFU","52193","255","d1","1","Sardinops sagax",0,"33-4",39.731755,-124.07336,150,150
"MFU","52193","255","d1","1","Scomber japonicus",0,"33-4",39.731755,-124.07336,150,150
"MFU","52193","255","d1","1","Sebastes entomelas",0,"33-4",39.731755,-124.07336,150,150
"MFU","52193","255","d1","1","Stenobrachius leucopsarus",0,"33-4",39.731755,-124.07336,150,150
"MFU","52193","255","d1","1","Stenobrachius leucopsarus",5798,"33-4",39.731755,-124.07336,150,150
"MFU","52193","255","d1","1","Tactostoma macropus",0,"33-4",39.731755,-124.07336,150,150
"MFU","52193","255","d1","1","Tarletonbeania crenularis",0,"33-4",39.731755,-124.07336,150,150
"MFU","52193","255","d1","1","Tarletonbeania crenularis",0,"33-4",39.731755,-124.07336,150,150
"MFU","52193","255","d1","1","Thaleichthys pacificus",0,"33-4",39.731755,-124.07336,150,150
"MFU","52193","255","d1","1","Trachurus symmetricus",0,"33-4",39.731755,-124.07336,150,150
"MFU","52193","255","d1","1","Trachurus symmetricus",0,"33-4",39.731755,-124.07336,150,150
"MFU","52193","259","d10","1","Clupea pallasii",0,"33-4",39.731755,-124.07336,50,50
"MFU","52193","259","d10","1","Engraulis mordax",0,"33-4",39.731755,-124.07336,50,50
"MFU","52193","259","d10","1","Leuroglossus stilbius",0,"33-4",39.731755,-124.07336,50,50
"MFU","52193","259","d10","1","Merluccius productus",448,"33-4",39.731755,-124.07336,50,50
"MFU","52193","259","d10","1","Merluccius productus",0,"33-4",39.731755,-124.07336,50,50
"MFU","52193","259","d10","1","Microstomus pacificus",0,"33-4",39.731755,-124.07336,50,50
"MFU","52193","259","d10","1","Sardinops sagax",0,"33-4",39.731755,-124.07336,50,50
"MFU","52193","259","d10","1","Scomber japonicus",0,"33-4",39.731755,-124.07336,50,50
"MFU","52193","259","d10","1","Sebastes entomelas",0,"33-4",39.731755,-124.07336,50,50
"MFU","52193","259","d10","1","Stenobrachius leucopsarus",0,"33-4",39.731755,-124.07336,50,50
"MFU","52193","259","d10","1","Stenobrachius leucopsarus",0,"33-4",39.731755,-124.07336,50,50
"MFU","52193","259","d10","1","Tactostoma macropus",0,"33-4",39.731755,-124.07336,50,50
"MFU","52193","259","d10","1","Tarletonbeania crenularis",0,"33-4",39.731755,-124.07336,50,50
"MFU","52193","259","d10","1","Tarletonbeania crenularis",0,"33-4",39.731755,-124.07336,50,50
"MFU","52193","259","d10","1","Thaleichthys pacificus",0,"33-4",39.731755,-124.07336,50,50
"MFU","52193","259","d10","1","Trachurus symmetricus",0,"33-4",39.731755,-124.07336,50,50
"MFU","52193","259","d10","1","Trachurus symmetricus",458,"33-4",39.731755,-124.07336,50,50
"MFU","52193","262","d10","1","Clupea pallasii",0,"33-4",39.731755,-124.07336,0,0
"MFU","52193","262","d10","1","Engraulis mordax",0,"33-4",39.731755,-124.07336,0,0
"MFU","52193","262","d10","1","Leuroglossus stilbius",0,"33-4",39.731755,-124.07336,0,0
"MFU","52193","262","d10","1","Merluccius productus",0,"33-4",39.731755,-124.07336,0,0
"MFU","52193","262","d10","1","Merluccius productus",0,"33-4",39.731755,-124.07336,0,0
"MFU","52193","262","d10","1","Microstomus pacificus",0,"33-4",39.731755,-124.07336,0,0
"MFU","52193","262","d10","1","Sardinops sagax",0,"33-4",39.731755,-124.07336,0,0
"MFU","52193","262","d10","1","Scomber japonicus",8329,"33-4",39.731755,-124.07336,0,0
"MFU","52193","262","d10","1","Sebastes entomelas",16553,"33-4",39.731755,-124.07336,0,0
"MFU","52193","262","d10","1","Stenobrachius leucopsarus",0,"33-4",39.731755,-124.07336,0,0
"MFU","52193","262","d10","1","Stenobrachius leucopsarus",0,"33-4",39.731755,-124.07336,0,0
"MFU","52193","262","d10","1","Tactostoma macropus",0,"33-4",39.731755,-124.07336,0,0
"MFU","52193","262","d10","1","Tarletonbeania crenularis",0,"33-4",39.731755,-124.07336,0,0
"MFU","52193","262","d10","1","Tarletonbeania crenularis",0,"33-4",39.731755,-124.07336,0,0
"MFU","52193","262","d10","1","Thaleichthys pacificus",0,"33-4",39.731755,-124.07336,0,0
"MFU","52193","262","d10","1","Trachurus symmetricus",0,"33-4",39.731755,-124.07336,0,0
"MFU","52193","262","d10","1","Trachurus symmetricus",24881,"33-4",39.731755,-124.07336,0,0
"MFU","52193","267","d1","1","Clupea pallasii",0,"33-2",39.73248333,-123.9517533,50,50
"MFU","52193","267","d1","1","Engraulis mordax",0,"33-2",39.73248333,-123.9517533,50,50
"MFU","52193","267","d1","1","Leuroglossus stilbius",0,"33-2",39.73248333,-123.9517533,50,50
"MFU","52193","267","d1","1","Merluccius productus",0,"33-2",39.73248333,-123.9517533,50,50
"MFU","52193","267","d1","1","Merluccius productus",29399,"33-2",39.73248333,-123.9517533,50,50
"MFU","52193","267","d1","1","Microstomus pacificus",0,"33-2",39.73248333,-123.9517533,50,50
"MFU","52193","267","d1","1","Sardinops sagax",0,"33-2",39.73248333,-123.9517533,50,50
"MFU","52193","267","d1","1","Scomber japonicus",0,"33-2",39.73248333,-123.9517533,50,50
"MFU","52193","267","d1","1","Sebastes entomelas",0,"33-2",39.73248333,-123.9517533,50,50
"MFU","52193","267","d1","1","Stenobrachius leucopsarus",0,"33-2",39.73248333,-123.9517533,50,50
"MFU","52193","267","d1","1","Stenobrachius leucopsarus",0,"33-2",39.73248333,-123.9517533,50,50
"MFU","52193","267","d1","1","Tactostoma macropus",0,"33-2",39.73248333,-123.9517533,50,50
"MFU","52193","267","d1","1","Tarletonbeania crenularis",0,"33-2",39.73248333,-123.9517533,50,50
"MFU","52193","267","d1","1","Tarletonbeania crenularis",0,"33-2",39.73248333,-123.9517533,50,50
"MFU","52193","267","d1","1","Thaleichthys pacificus",0,"33-2",39.73248333,-123.9517533,50,50
"MFU","52193","267","d1","1","Trachurus symmetricus",0,"33-2",39.73248333,-123.9517533,50,50
"MFU","52193","267","d1","1","Trachurus symmetricus",0,"33-2",39.73248333,-123.9517533,50,50
"MFU","52193","269","d10","1","Clupea pallasii",0,"33-2",39.73248333,-123.9517533,0,0
"MFU","52193","269","d10","1","Engraulis mordax",0,"33-2",39.73248333,-123.9517533,0,0
"MFU","52193","269","d10","1","Leuroglossus stilbius",0,"33-2",39.73248333,-123.9517533,0,0
"MFU","52193","269","d10","1","Merluccius productus",0,"33-2",39.73248333,-123.9517533,0,0
"MFU","52193","269","d10","1","Merluccius productus",15463,"33-2",39.73248333,-123.9517533,0,0
"MFU","52193","269","d10","1","Microstomus pacificus",0,"33-2",39.73248333,-123.9517533,0,0
"MFU","52193","269","d10","1","Sardinops sagax",0,"33-2",39.73248333,-123.9517533,0,0
"MFU","52193","269","d10","1","Scomber japonicus",0,"33-2",39.73248333,-123.9517533,0,0
"MFU","52193","269","d10","1","Sebastes entomelas",0,"33-2",39.73248333,-123.9517533,0,0
"MFU","52193","269","d10","1","Stenobrachius leucopsarus",0,"33-2",39.73248333,-123.9517533,0,0
"MFU","52193","269","d10","1","Stenobrachius leucopsarus",0,"33-2",39.73248333,-123.9517533,0,0
"MFU","52193","269","d10","1","Tactostoma macropus",0,"33-2",39.73248333,-123.9517533,0,0
"MFU","52193","269","d10","1","Tarletonbeania crenularis",0,"33-2",39.73248333,-123.9517533,0,0
"MFU","52193","269","d10","1","Tarletonbeania crenularis",0,"33-2",39.73248333,-123.9517533,0,0
"MFU","52193","269","d10","1","Thaleichthys pacificus",0,"33-2",39.73248333,-123.9517533,0,0
"MFU","52193","269","d10","1","Trachurus symmetricus",0,"33-2",39.73248333,-123.9517533,0,0
"MFU","52193","269","d10","1","Trachurus symmetricus",0,"33-2",39.73248333,-123.9517533,0,0
"MFU","52193","275","d10","1","Clupea pallasii",346,"33-1",39.73022833,-123.8644517,0,0
"MFU","52193","275","d10","1","Engraulis mordax",0,"33-1",39.73022833,-123.8644517,0,0
"MFU","52193","275","d10","1","Leuroglossus stilbius",0,"33-1",39.73022833,-123.8644517,0,0
"MFU","52193","275","d10","1","Merluccius productus",0,"33-1",39.73022833,-123.8644517,0,0
"MFU","52193","275","d10","1","Merluccius productus",0,"33-1",39.73022833,-123.8644517,0,0
"MFU","52193","275","d10","1","Microstomus pacificus",0,"33-1",39.73022833,-123.8644517,0,0
"MFU","52193","275","d10","1","Sardinops sagax",0,"33-1",39.73022833,-123.8644517,0,0
"MFU","52193","275","d10","1","Scomber japonicus",0,"33-1",39.73022833,-123.8644517,0,0
"MFU","52193","275","d10","1","Sebastes entomelas",0,"33-1",39.73022833,-123.8644517,0,0
"MFU","52193","275","d10","1","Stenobrachius leucopsarus",0,"33-1",39.73022833,-123.8644517,0,0
"MFU","52193","275","d10","1","Stenobrachius leucopsarus",0,"33-1",39.73022833,-123.8644517,0,0
"MFU","52193","275","d10","1","Tactostoma macropus",0,"33-1",39.73022833,-123.8644517,0,0
"MFU","52193","275","d10","1","Tarletonbeania crenularis",0,"33-1",39.73022833,-123.8644517,0,0
"MFU","52193","275","d10","1","Tarletonbeania crenularis",0,"33-1",39.73022833,-123.8644517,0,0
"MFU","52193","275","d10","1","Thaleichthys pacificus",0,"33-1",39.73022833,-123.8644517,0,0
"MFU","52193","275","d10","1","Trachurus symmetricus",0,"33-1",39.73022833,-123.8644517,0,0
"MFU","52193","275","d10","1","Trachurus symmetricus",0,"33-1",39.73022833,-123.8644517,0,0
"MFU","52193","28","d10","1","Clupea pallasii",0,"25-6",38.39640667,-123.7726167,50,50
"MFU","52193","28","d10","1","Engraulis mordax",173249,"25-6",38.39640667,-123.7726167,50,50
"MFU","52193","28","d10","1","Leuroglossus stilbius",0,"25-6",38.39640667,-123.7726167,50,50
"MFU","52193","28","d10","1","Merluccius productus",0,"25-6",38.39640667,-123.7726167,50,50
"MFU","52193","28","d10","1","Merluccius productus",0,"25-6",38.39640667,-123.7726167,50,50
"MFU","52193","28","d10","1","Microstomus pacificus",0,"25-6",38.39640667,-123.7726167,50,50
"MFU","52193","28","d10","1","Sardinops sagax",3704,"25-6",38.39640667,-123.7726167,50,50
"MFU","52193","28","d10","1","Scomber japonicus",0,"25-6",38.39640667,-123.7726167,50,50
"MFU","52193","28","d10","1","Sebastes entomelas",0,"25-6",38.39640667,-123.7726167,50,50
"MFU","52193","28","d10","1","Stenobrachius leucopsarus",0,"25-6",38.39640667,-123.7726167,50,50
"MFU","52193","28","d10","1","Stenobrachius leucopsarus",0,"25-6",38.39640667,-123.7726167,50,50
"MFU","52193","28","d10","1","Tactostoma macropus",0,"25-6",38.39640667,-123.7726167,50,50
"MFU","52193","28","d10","1","Tarletonbeania crenularis",0,"25-6",38.39640667,-123.7726167,50,50
"MFU","52193","28","d10","1","Tarletonbeania crenularis",0,"25-6",38.39640667,-123.7726167,50,50
"MFU","52193","28","d10","1","Thaleichthys pacificus",0,"25-6",38.39640667,-123.7726167,50,50
"MFU","52193","28","d10","1","Trachurus symmetricus",0,"25-6",38.39640667,-123.7726167,50,50
"MFU","52193","28","d10","1","Trachurus symmetricus",0,"25-6",38.39640667,-123.7726167,50,50
"MFU","52193","29","d10","1","Clupea pallasii",0,"25-6",38.39640667,-123.7726167,50,50
"MFU","52193","29","d10","1","Engraulis mordax",65407,"25-6",38.39640667,-123.7726167,50,50
"MFU","52193","29","d10","1","Leuroglossus stilbius",0,"25-6",38.39640667,-123.7726167,50,50
"MFU","52193","29","d10","1","Merluccius productus",0,"25-6",38.39640667,-123.7726167,50,50
"MFU","52193","29","d10","1","Merluccius productus",0,"25-6",38.39640667,-123.7726167,50,50
"MFU","52193","29","d10","1","Microstomus pacificus",0,"25-6",38.39640667,-123.7726167,50,50
"MFU","52193","29","d10","1","Sardinops sagax",0,"25-6",38.39640667,-123.7726167,50,50
"MFU","52193","29","d10","1","Scomber japonicus",0,"25-6",38.39640667,-123.7726167,50,50
"MFU","52193","29","d10","1","Sebastes entomelas",0,"25-6",38.39640667,-123.7726167,50,50
"MFU","52193","29","d10","1","Stenobrachius leucopsarus",0,"25-6",38.39640667,-123.7726167,50,50
"MFU","52193","29","d10","1","Stenobrachius leucopsarus",0,"25-6",38.39640667,-123.7726167,50,50
"MFU","52193","29","d10","1","Tactostoma macropus",0,"25-6",38.39640667,-123.7726167,50,50
"MFU","52193","29","d10","1","Tarletonbeania crenularis",0,"25-6",38.39640667,-123.7726167,50,50
"MFU","52193","29","d10","1","Tarletonbeania crenularis",0,"25-6",38.39640667,-123.7726167,50,50
"MFU","52193","29","d10","1","Thaleichthys pacificus",0,"25-6",38.39640667,-123.7726167,50,50
"MFU","52193","29","d10","1","Trachurus symmetricus",0,"25-6",38.39640667,-123.7726167,50,50
"MFU","52193","29","d10","1","Trachurus symmetricus",0,"25-6",38.39640667,-123.7726167,50,50
"MFU","52193","294","d10","1","Clupea pallasii",0,"35-3",40.06306,-124.2782183,50,50
"MFU","52193","294","d10","1","Engraulis mordax",0,"35-3",40.06306,-124.2782183,50,50
"MFU","52193","294","d10","1","Leuroglossus stilbius",0,"35-3",40.06306,-124.2782183,50,50
"MFU","52193","294","d10","1","Merluccius productus",714,"35-3",40.06306,-124.2782183,50,50
"MFU","52193","294","d10","1","Merluccius productus",1918,"35-3",40.06306,-124.2782183,50,50
"MFU","52193","294","d10","1","Microstomus pacificus",0,"35-3",40.06306,-124.2782183,50,50
"MFU","52193","294","d10","1","Sardinops sagax",0,"35-3",40.06306,-124.2782183,50,50
"MFU","52193","294","d10","1","Scomber japonicus",0,"35-3",40.06306,-124.2782183,50,50
"MFU","52193","294","d10","1","Sebastes entomelas",0,"35-3",40.06306,-124.2782183,50,50
"MFU","52193","294","d10","1","Stenobrachius leucopsarus",0,"35-3",40.06306,-124.2782183,50,50
"MFU","52193","294","d10","1","Stenobrachius leucopsarus",0,"35-3",40.06306,-124.2782183,50,50
"MFU","52193","294","d10","1","Tactostoma macropus",0,"35-3",40.06306,-124.2782183,50,50
"MFU","52193","294","d10","1","Tarletonbeania crenularis",0,"35-3",40.06306,-124.2782183,50,50
"MFU","52193","294","d10","1","Tarletonbeania crenularis",0,"35-3",40.06306,-124.2782183,50,50
"MFU","52193","294","d10","1","Thaleichthys pacificus",0,"35-3",40.06306,-124.2782183,50,50
"MFU","52193","294","d10","1","Trachurus symmetricus",0,"35-3",40.06306,-124.2782183,50,50
"MFU","52193","294","d10","1","Trachurus symmetricus",675,"35-3",40.06306,-124.2782183,50,50
"MFU","52193","296","d10","1","Clupea pallasii",23260,"35-3",40.06306,-124.2782183,0,0
"MFU","52193","296","d10","1","Engraulis mordax",0,"35-3",40.06306,-124.2782183,0,0
"MFU","52193","296","d10","1","Leuroglossus stilbius",0,"35-3",40.06306,-124.2782183,0,0
"MFU","52193","296","d10","1","Merluccius productus",0,"35-3",40.06306,-124.2782183,0,0
"MFU","52193","296","d10","1","Merluccius productus",0,"35-3",40.06306,-124.2782183,0,0
"MFU","52193","296","d10","1","Microstomus pacificus",0,"35-3",40.06306,-124.2782183,0,0
"MFU","52193","296","d10","1","Sardinops sagax",0,"35-3",40.06306,-124.2782183,0,0
"MFU","52193","296","d10","1","Scomber japonicus",0,"35-3",40.06306,-124.2782183,0,0
"MFU","52193","296","d10","1","Sebastes entomelas",0,"35-3",40.06306,-124.2782183,0,0
"MFU","52193","296","d10","1","Stenobrachius leucopsarus",0,"35-3",40.06306,-124.2782183,0,0
"MFU","52193","296","d10","1","Stenobrachius leucopsarus",0,"35-3",40.06306,-124.2782183,0,0
"MFU","52193","296","d10","1","Tactostoma macropus",11884,"35-3",40.06306,-124.2782183,0,0
"MFU","52193","296","d10","1","Tarletonbeania crenularis",0,"35-3",40.06306,-124.2782183,0,0
"MFU","52193","296","d10","1","Tarletonbeania crenularis",0,"35-3",40.06306,-124.2782183,0,0
"MFU","52193","296","d10","1","Thaleichthys pacificus",0,"35-3",40.06306,-124.2782183,0,0
"MFU","52193","296","d10","1","Trachurus symmetricus",0,"35-3",40.06306,-124.2782183,0,0
"MFU","52193","296","d10","1","Trachurus symmetricus",0,"35-3",40.06306,-124.2782183,0,0
"MFU","52193","297","d10","1","Clupea pallasii",0,"35-3",40.06306,-124.2782183,0,0
"MFU","52193","297","d10","1","Engraulis mordax",0,"35-3",40.06306,-124.2782183,0,0
"MFU","52193","297","d10","1","Leuroglossus stilbius",0,"35-3",40.06306,-124.2782183,0,0
"MFU","52193","297","d10","1","Merluccius productus",0,"35-3",40.06306,-124.2782183,0,0
"MFU","52193","297","d10","1","Merluccius productus",0,"35-3",40.06306,-124.2782183,0,0
"MFU","52193","297","d10","1","Microstomus pacificus",0,"35-3",40.06306,-124.2782183,0,0
"MFU","52193","297","d10","1","Sardinops sagax",0,"35-3",40.06306,-124.2782183,0,0
"MFU","52193","297","d10","1","Scomber japonicus",0,"35-3",40.06306,-124.2782183,0,0
"MFU","52193","297","d10","1","Sebastes entomelas",0,"35-3",40.06306,-124.2782183,0,0
"MFU","52193","297","d10","1","Stenobrachius leucopsarus",0,"35-3",40.06306,-124.2782183,0,0
"MFU","52193","297","d10","1","Stenobrachius leucopsarus",0,"35-3",40.06306,-124.2782183,0,0
"MFU","52193","297","d10","1","Tactostoma macropus",0,"35-3",40.06306,-124.2782183,0,0
"MFU","52193","297","d10","1","Tarletonbeania crenularis",0,"35-3",40.06306,-124.2782183,0,0
"MFU","52193","297","d10","1","Tarletonbeania crenularis",0,"35-3",40.06306,-124.2782183,0,0
"MFU","52193","297","d10","1","Thaleichthys pacificus",0,"35-3",40.06306,-124.2782183,0,0
"MFU","52193","297","d10","1","Trachurus symmetricus",0,"35-3",40.06306,-124.2782183,0,0
"MFU","52193","297","d10","1","Trachurus symmetricus",15452,"35-3",40.06306,-124.2782183,0,0
"MFU","52193","298","d1","1","Clupea pallasii",0,"35-5",40.06066,-124.421245,500,500
"MFU","52193","298","d1","1","Engraulis mordax",0,"35-5",40.06066,-124.421245,500,500
"MFU","52193","298","d1","1","Leuroglossus stilbius",0,"35-5",40.06066,-124.421245,500,500
"MFU","52193","298","d1","1","Merluccius productus",2137,"35-5",40.06066,-124.421245,500,500
"MFU","52193","298","d1","1","Merluccius productus",4423,"35-5",40.06066,-124.421245,500,500
"MFU","52193","298","d1","1","Microstomus pacificus",0,"35-5",40.06066,-124.421245,500,500
"MFU","52193","298","d1","1","Sardinops sagax",1645,"35-5",40.06066,-124.421245,500,500
"MFU","52193","298","d1","1","Scomber japonicus",0,"35-5",40.06066,-124.421245,500,500
"MFU","52193","298","d1","1","Sebastes entomelas",0,"35-5",40.06066,-124.421245,500,500
"MFU","52193","298","d1","1","Stenobrachius leucopsarus",1535,"35-5",40.06066,-124.421245,500,500
"MFU","52193","298","d1","1","Stenobrachius leucopsarus",13644,"35-5",40.06066,-124.421245,500,500
"MFU","52193","298","d1","1","Tactostoma macropus",0,"35-5",40.06066,-124.421245,500,500
"MFU","52193","298","d1","1","Tarletonbeania crenularis",0,"35-5",40.06066,-124.421245,500,500
"MFU","52193","298","d1","1","Tarletonbeania crenularis",0,"35-5",40.06066,-124.421245,500,500
"MFU","52193","298","d1","1","Thaleichthys pacificus",0,"35-5",40.06066,-124.421245,500,500
"MFU","52193","298","d1","1","Trachurus symmetricus",0,"35-5",40.06066,-124.421245,500,500
"MFU","52193","298","d1","1","Trachurus symmetricus",0,"35-5",40.06066,-124.421245,500,500
"MFU","52193","30","d10","1","Clupea pallasii",0,"25-6",38.39640667,-123.7726167,0,0
"MFU","52193","30","d10","1","Engraulis mordax",113945,"25-6",38.39640667,-123.7726167,0,0
"MFU","52193","30","d10","1","Leuroglossus stilbius",0,"25-6",38.39640667,-123.7726167,0,0
"MFU","52193","30","d10","1","Merluccius productus",0,"25-6",38.39640667,-123.7726167,0,0
"MFU","52193","30","d10","1","Merluccius productus",0,"25-6",38.39640667,-123.7726167,0,0
"MFU","52193","30","d10","1","Microstomus pacificus",0,"25-6",38.39640667,-123.7726167,0,0
"MFU","52193","30","d10","1","Sardinops sagax",0,"25-6",38.39640667,-123.7726167,0,0
"MFU","52193","30","d10","1","Scomber japonicus",0,"25-6",38.39640667,-123.7726167,0,0
"MFU","52193","30","d10","1","Sebastes entomelas",0,"25-6",38.39640667,-123.7726167,0,0
"MFU","52193","30","d10","1","Stenobrachius leucopsarus",0,"25-6",38.39640667,-123.7726167,0,0
"MFU","52193","30","d10","1","Stenobrachius leucopsarus",0,"25-6",38.39640667,-123.7726167,0,0
"MFU","52193","30","d10","1","Tactostoma macropus",0,"25-6",38.39640667,-123.7726167,0,0
"MFU","52193","30","d10","1","Tarletonbeania crenularis",0,"25-6",38.39640667,-123.7726167,0,0
"MFU","52193","30","d10","1","Tarletonbeania crenularis",0,"25-6",38.39640667,-123.7726167,0,0
"MFU","52193","30","d10","1","Thaleichthys pacificus",0,"25-6",38.39640667,-123.7726167,0,0
"MFU","52193","30","d10","1","Trachurus symmetricus",0,"25-6",38.39640667,-123.7726167,0,0
"MFU","52193","30","d10","1","Trachurus symmetricus",0,"25-6",38.39640667,-123.7726167,0,0
"MFU","52193","300","d1","1","Clupea pallasii",0,"35-5",40.06066,-124.421245,300,300
"MFU","52193","300","d1","1","Engraulis mordax",0,"35-5",40.06066,-124.421245,300,300
"MFU","52193","300","d1","1","Leuroglossus stilbius",0,"35-5",40.06066,-124.421245,300,300
"MFU","52193","300","d1","1","Merluccius productus",5283,"35-5",40.06066,-124.421245,300,300
"MFU","52193","300","d1","1","Merluccius productus",7330,"35-5",40.06066,-124.421245,300,300
"MFU","52193","300","d1","1","Microstomus pacificus",0,"35-5",40.06066,-124.421245,300,300
"MFU","52193","300","d1","1","Sardinops sagax",0,"35-5",40.06066,-124.421245,300,300
"MFU","52193","300","d1","1","Scomber japonicus",0,"35-5",40.06066,-124.421245,300,300
"MFU","52193","300","d1","1","Sebastes entomelas",0,"35-5",40.06066,-124.421245,300,300
"MFU","52193","300","d1","1","Stenobrachius leucopsarus",0,"35-5",40.06066,-124.421245,300,300
"MFU","52193","300","d1","1","Stenobrachius leucopsarus",4042,"35-5",40.06066,-124.421245,300,300
"MFU","52193","300","d1","1","Tactostoma macropus",4220,"35-5",40.06066,-124.421245,300,300
"MFU","52193","300","d1","1","Tarletonbeania crenularis",0,"35-5",40.06066,-124.421245,300,300
"MFU","52193","300","d1","1","Tarletonbeania crenularis",0,"35-5",40.06066,-124.421245,300,300
"MFU","52193","300","d1","1","Thaleichthys pacificus",0,"35-5",40.06066,-124.421245,300,300
"MFU","52193","300","d1","1","Trachurus symmetricus",0,"35-5",40.06066,-124.421245,300,300
"MFU","52193","300","d1","1","Trachurus symmetricus",0,"35-5",40.06066,-124.421245,300,300
"MFU","52193","302","d1","1","Clupea pallasii",0,"35-5",40.06066,-124.421245,150,150
"MFU","52193","302","d1","1","Engraulis mordax",0,"35-5",40.06066,-124.421245,150,150
"MFU","52193","302","d1","1","Leuroglossus stilbius",0,"35-5",40.06066,-124.421245,150,150
"MFU","52193","302","d1","1","Merluccius productus",1271,"35-5",40.06066,-124.421245,150,150
"MFU","52193","302","d1","1","Merluccius productus",4043,"35-5",40.06066,-124.421245,150,150
"MFU","52193","302","d1","1","Microstomus pacificus",0,"35-5",40.06066,-124.421245,150,150
"MFU","52193","302","d1","1","Sardinops sagax",0,"35-5",40.06066,-124.421245,150,150
"MFU","52193","302","d1","1","Scomber japonicus",0,"35-5",40.06066,-124.421245,150,150
"MFU","52193","302","d1","1","Sebastes entomelas",0,"35-5",40.06066,-124.421245,150,150
"MFU","52193","302","d1","1","Stenobrachius leucopsarus",0,"35-5",40.06066,-124.421245,150,150
"MFU","52193","302","d1","1","Stenobrachius leucopsarus",1295,"35-5",40.06066,-124.421245,150,150
"MFU","52193","302","d1","1","Tactostoma macropus",0,"35-5",40.06066,-124.421245,150,150
"MFU","52193","302","d1","1","Tarletonbeania crenularis",0,"35-5",40.06066,-124.421245,150,150
"MFU","52193","302","d1","1","Tarletonbeania crenularis",0,"35-5",40.06066,-124.421245,150,150
"MFU","52193","302","d1","1","Thaleichthys pacificus",0,"35-5",40.06066,-124.421245,150,150
"MFU","52193","302","d1","1","Trachurus symmetricus",0,"35-5",40.06066,-124.421245,150,150
"MFU","52193","302","d1","1","Trachurus symmetricus",1090,"35-5",40.06066,-124.421245,150,150
"MFU","52193","31","d10","1","Clupea pallasii",816,"25-6",38.39640667,-123.7726167,0,0
"MFU","52193","31","d10","1","Engraulis mordax",0,"25-6",38.39640667,-123.7726167,0,0
"MFU","52193","31","d10","1","Leuroglossus stilbius",0,"25-6",38.39640667,-123.7726167,0,0
"MFU","52193","31","d10","1","Merluccius productus",0,"25-6",38.39640667,-123.7726167,0,0
"MFU","52193","31","d10","1","Merluccius productus",86,"25-6",38.39640667,-123.7726167,0,0
"MFU","52193","31","d10","1","Microstomus pacificus",0,"25-6",38.39640667,-123.7726167,0,0
"MFU","52193","31","d10","1","Sardinops sagax",0,"25-6",38.39640667,-123.7726167,0,0
"MFU","52193","31","d10","1","Scomber japonicus",0,"25-6",38.39640667,-123.7726167,0,0
"MFU","52193","31","d10","1","Sebastes entomelas",0,"25-6",38.39640667,-123.7726167,0,0
"MFU","52193","31","d10","1","Stenobrachius leucopsarus",0,"25-6",38.39640667,-123.7726167,0,0
"MFU","52193","31","d10","1","Stenobrachius leucopsarus",0,"25-6",38.39640667,-123.7726167,0,0
"MFU","52193","31","d10","1","Tactostoma macropus",0,"25-6",38.39640667,-123.7726167,0,0
"MFU","52193","31","d10","1","Tarletonbeania crenularis",0,"25-6",38.39640667,-123.7726167,0,0
"MFU","52193","31","d10","1","Tarletonbeania crenularis",0,"25-6",38.39640667,-123.7726167,0,0
"MFU","52193","31","d10","1","Thaleichthys pacificus",0,"25-6",38.39640667,-123.7726167,0,0
"MFU","52193","31","d10","1","Trachurus symmetricus",0,"25-6",38.39640667,-123.7726167,0,0
"MFU","52193","31","d10","1","Trachurus symmetricus",0,"25-6",38.39640667,-123.7726167,0,0
"MFU","52193","319","d10","1","Clupea pallasii",0,"35-7",40.06181,-124.6436167,50,50
"MFU","52193","319","d10","1","Engraulis mordax",0,"35-7",40.06181,-124.6436167,50,50
"MFU","52193","319","d10","1","Leuroglossus stilbius",0,"35-7",40.06181,-124.6436167,50,50
"MFU","52193","319","d10","1","Merluccius productus",5324,"35-7",40.06181,-124.6436167,50,50
"MFU","52193","319","d10","1","Merluccius productus",9244,"35-7",40.06181,-124.6436167,50,50
"MFU","52193","319","d10","1","Microstomus pacificus",0,"35-7",40.06181,-124.6436167,50,50
"MFU","52193","319","d10","1","Sardinops sagax",0,"35-7",40.06181,-124.6436167,50,50
"MFU","52193","319","d10","1","Scomber japonicus",0,"35-7",40.06181,-124.6436167,50,50
"MFU","52193","319","d10","1","Sebastes entomelas",0,"35-7",40.06181,-124.6436167,50,50
"MFU","52193","319","d10","1","Stenobrachius leucopsarus",3246,"35-7",40.06181,-124.6436167,50,50
"MFU","52193","319","d10","1","Stenobrachius leucopsarus",8022,"35-7",40.06181,-124.6436167,50,50
"MFU","52193","319","d10","1","Tactostoma macropus",2427,"35-7",40.06181,-124.6436167,50,50
"MFU","52193","319","d10","1","Tarletonbeania crenularis",0,"35-7",40.06181,-124.6436167,50,50
"MFU","52193","319","d10","1","Tarletonbeania crenularis",9418,"35-7",40.06181,-124.6436167,50,50
"MFU","52193","319","d10","1","Thaleichthys pacificus",0,"35-7",40.06181,-124.6436167,50,50
"MFU","52193","319","d10","1","Trachurus symmetricus",0,"35-7",40.06181,-124.6436167,50,50
"MFU","52193","319","d10","1","Trachurus symmetricus",0,"35-7",40.06181,-124.6436167,50,50
"MFU","52193","32","d1","1","Clupea pallasii",0,"25-4",38.39212,-123.6252383,495,500
"MFU","52193","32","d1","1","Engraulis mordax",9798,"25-4",38.39212,-123.6252383,495,500
"MFU","52193","32","d1","1","Leuroglossus stilbius",6058,"25-4",38.39212,-123.6252383,495,500
"MFU","52193","32","d1","1","Merluccius productus",3194,"25-4",38.39212,-123.6252383,495,500
"MFU","52193","32","d1","1","Merluccius productus",120033,"25-4",38.39212,-123.6252383,495,500
"MFU","52193","32","d1","1","Microstomus pacificus",0,"25-4",38.39212,-123.6252383,495,500
"MFU","52193","32","d1","1","Sardinops sagax",0,"25-4",38.39212,-123.6252383,495,500
"MFU","52193","32","d1","1","Scomber japonicus",0,"25-4",38.39212,-123.6252383,495,500
"MFU","52193","32","d1","1","Sebastes entomelas",0,"25-4",38.39212,-123.6252383,495,500
"MFU","52193","32","d1","1","Stenobrachius leucopsarus",0,"25-4",38.39212,-123.6252383,495,500
"MFU","52193","32","d1","1","Stenobrachius leucopsarus",12366,"25-4",38.39212,-123.6252383,495,500
"MFU","52193","32","d1","1","Tactostoma macropus",0,"25-4",38.39212,-123.6252383,495,500
"MFU","52193","32","d1","1","Tarletonbeania crenularis",0,"25-4",38.39212,-123.6252383,495,500
"MFU","52193","32","d1","1","Tarletonbeania crenularis",0,"25-4",38.39212,-123.6252383,495,500
"MFU","52193","32","d1","1","Thaleichthys pacificus",0,"25-4",38.39212,-123.6252383,495,500
"MFU","52193","32","d1","1","Trachurus symmetricus",0,"25-4",38.39212,-123.6252383,495,500
"MFU","52193","32","d1","1","Trachurus symmetricus",0,"25-4",38.39212,-123.6252383,495,500
"MFU","52193","320","d10","1","Clupea pallasii",0,"35-7",40.06181,-124.6436167,0,0
"MFU","52193","320","d10","1","Engraulis mordax",0,"35-7",40.06181,-124.6436167,0,0
"MFU","52193","320","d10","1","Leuroglossus stilbius",0,"35-7",40.06181,-124.6436167,0,0
"MFU","52193","320","d10","1","Merluccius productus",0,"35-7",40.06181,-124.6436167,0,0
"MFU","52193","320","d10","1","Merluccius productus",0,"35-7",40.06181,-124.6436167,0,0
"MFU","52193","320","d10","1","Microstomus pacificus",0,"35-7",40.06181,-124.6436167,0,0
"MFU","52193","320","d10","1","Sardinops sagax",0,"35-7",40.06181,-124.6436167,0,0
"MFU","52193","320","d10","1","Scomber japonicus",0,"35-7",40.06181,-124.6436167,0,0
"MFU","52193","320","d10","1","Sebastes entomelas",0,"35-7",40.06181,-124.6436167,0,0
"MFU","52193","320","d10","1","Stenobrachius leucopsarus",0,"35-7",40.06181,-124.6436167,0,0
"MFU","52193","320","d10","1","Stenobrachius leucopsarus",0,"35-7",40.06181,-124.6436167,0,0
"MFU","52193","320","d10","1","Tactostoma macropus",0,"35-7",40.06181,-124.6436167,0,0
"MFU","52193","320","d10","1","Tarletonbeania crenularis",0,"35-7",40.06181,-124.6436167,0,0
"MFU","52193","320","d10","1","Tarletonbeania crenularis",0,"35-7",40.06181,-124.6436167,0,0
"MFU","52193","320","d10","1","Thaleichthys pacificus",0,"35-7",40.06181,-124.6436167,0,0
"MFU","52193","320","d10","1","Trachurus symmetricus",0,"35-7",40.06181,-124.6436167,0,0
"MFU","52193","320","d10","1","Trachurus symmetricus",0,"35-7",40.06181,-124.6436167,0,0
"MFU","52193","321","d10","1","Clupea pallasii",0,"35-7",40.06181,-124.6436167,0,0
"MFU","52193","321","d10","1","Engraulis mordax",0,"35-7",40.06181,-124.6436167,0,0
"MFU","52193","321","d10","1","Leuroglossus stilbius",0,"35-7",40.06181,-124.6436167,0,0
"MFU","52193","321","d10","1","Merluccius productus",0,"35-7",40.06181,-124.6436167,0,0
"MFU","52193","321","d10","1","Merluccius productus",0,"35-7",40.06181,-124.6436167,0,0
"MFU","52193","321","d10","1","Microstomus pacificus",0,"35-7",40.06181,-124.6436167,0,0
"MFU","52193","321","d10","1","Sardinops sagax",20019,"35-7",40.06181,-124.6436167,0,0
"MFU","52193","321","d10","1","Scomber japonicus",0,"35-7",40.06181,-124.6436167,0,0
"MFU","52193","321","d10","1","Sebastes entomelas",0,"35-7",40.06181,-124.6436167,0,0
"MFU","52193","321","d10","1","Stenobrachius leucopsarus",0,"35-7",40.06181,-124.6436167,0,0
"MFU","52193","321","d10","1","Stenobrachius leucopsarus",0,"35-7",40.06181,-124.6436167,0,0
"MFU","52193","321","d10","1","Tactostoma macropus",0,"35-7",40.06181,-124.6436167,0,0
"MFU","52193","321","d10","1","Tarletonbeania crenularis",0,"35-7",40.06181,-124.6436167,0,0
"MFU","52193","321","d10","1","Tarletonbeania crenularis",1730,"35-7",40.06181,-124.6436167,0,0
"MFU","52193","321","d10","1","Thaleichthys pacificus",0,"35-7",40.06181,-124.6436167,0,0
"MFU","52193","321","d10","1","Trachurus symmetricus",0,"35-7",40.06181,-124.6436167,0,0
"MFU","52193","321","d10","1","Trachurus symmetricus",0,"35-7",40.06181,-124.6436167,0,0
"MFU","52193","330","d10","1","Clupea pallasii",0,"35-9",40.06103167,-124.85885,50,50
"MFU","52193","330","d10","1","Engraulis mordax",0,"35-9",40.06103167,-124.85885,50,50
"MFU","52193","330","d10","1","Leuroglossus stilbius",0,"35-9",40.06103167,-124.85885,50,50
"MFU","52193","330","d10","1","Merluccius productus",94099,"35-9",40.06103167,-124.85885,50,50
"MFU","52193","330","d10","1","Merluccius productus",0,"35-9",40.06103167,-124.85885,50,50
"MFU","52193","330","d10","1","Microstomus pacificus",0,"35-9",40.06103167,-124.85885,50,50
"MFU","52193","330","d10","1","Sardinops sagax",38742,"35-9",40.06103167,-124.85885,50,50
"MFU","52193","330","d10","1","Scomber japonicus",0,"35-9",40.06103167,-124.85885,50,50
"MFU","52193","330","d10","1","Sebastes entomelas",0,"35-9",40.06103167,-124.85885,50,50
"MFU","52193","330","d10","1","Stenobrachius leucopsarus",0,"35-9",40.06103167,-124.85885,50,50
"MFU","52193","330","d10","1","Stenobrachius leucopsarus",0,"35-9",40.06103167,-124.85885,50,50
"MFU","52193","330","d10","1","Tactostoma macropus",0,"35-9",40.06103167,-124.85885,50,50
"MFU","52193","330","d10","1","Tarletonbeania crenularis",0,"35-9",40.06103167,-124.85885,50,50
"MFU","52193","330","d10","1","Tarletonbeania crenularis",0,"35-9",40.06103167,-124.85885,50,50
"MFU","52193","330","d10","1","Thaleichthys pacificus",0,"35-9",40.06103167,-124.85885,50,50
"MFU","52193","330","d10","1","Trachurus symmetricus",0,"35-9",40.06103167,-124.85885,50,50
"MFU","52193","330","d10","1","Trachurus symmetricus",0,"35-9",40.06103167,-124.85885,50,50
"MFU","52193","332","d10","1","Clupea pallasii",0,"35-9",40.06103167,-124.85885,0,0
"MFU","52193","332","d10","1","Engraulis mordax",0,"35-9",40.06103167,-124.85885,0,0
"MFU","52193","332","d10","1","Leuroglossus stilbius",0,"35-9",40.06103167,-124.85885,0,0
"MFU","52193","332","d10","1","Merluccius productus",0,"35-9",40.06103167,-124.85885,0,0
"MFU","52193","332","d10","1","Merluccius productus",0,"35-9",40.06103167,-124.85885,0,0
"MFU","52193","332","d10","1","Microstomus pacificus",0,"35-9",40.06103167,-124.85885,0,0
"MFU","52193","332","d10","1","Sardinops sagax",40295,"35-9",40.06103167,-124.85885,0,0
"MFU","52193","332","d10","1","Scomber japonicus",0,"35-9",40.06103167,-124.85885,0,0
"MFU","52193","332","d10","1","Sebastes entomelas",0,"35-9",40.06103167,-124.85885,0,0
"MFU","52193","332","d10","1","Stenobrachius leucopsarus",0,"35-9",40.06103167,-124.85885,0,0
"MFU","52193","332","d10","1","Stenobrachius leucopsarus",0,"35-9",40.06103167,-124.85885,0,0
"MFU","52193","332","d10","1","Tactostoma macropus",0,"35-9",40.06103167,-124.85885,0,0
"MFU","52193","332","d10","1","Tarletonbeania crenularis",0,"35-9",40.06103167,-124.85885,0,0
"MFU","52193","332","d10","1","Tarletonbeania crenularis",0,"35-9",40.06103167,-124.85885,0,0
"MFU","52193","332","d10","1","Thaleichthys pacificus",0,"35-9",40.06103167,-124.85885,0,0
"MFU","52193","332","d10","1","Trachurus symmetricus",0,"35-9",40.06103167,-124.85885,0,0
"MFU","52193","332","d10","1","Trachurus symmetricus",0,"35-9",40.06103167,-124.85885,0,0
"MFU","52193","332","d5","1","Clupea pallasii",0,"35-9",40.06103167,-124.85885,0,0
"MFU","52193","332","d5","1","Engraulis mordax",0,"35-9",40.06103167,-124.85885,0,0
"MFU","52193","332","d5","1","Leuroglossus stilbius",0,"35-9",40.06103167,-124.85885,0,0
"MFU","52193","332","d5","1","Merluccius productus",0,"35-9",40.06103167,-124.85885,0,0
"MFU","52193","332","d5","1","Merluccius productus",0,"35-9",40.06103167,-124.85885,0,0
"MFU","52193","332","d5","1","Microstomus pacificus",0,"35-9",40.06103167,-124.85885,0,0
"MFU","52193","332","d5","1","Sardinops sagax",129,"35-9",40.06103167,-124.85885,0,0
"MFU","52193","332","d5","1","Scomber japonicus",13,"35-9",40.06103167,-124.85885,0,0
"MFU","52193","332","d5","1","Sebastes entomelas",0,"35-9",40.06103167,-124.85885,0,0
"MFU","52193","332","d5","1","Stenobrachius leucopsarus",0,"35-9",40.06103167,-124.85885,0,0
"MFU","52193","332","d5","1","Stenobrachius leucopsarus",0,"35-9",40.06103167,-124.85885,0,0
"MFU","52193","332","d5","1","Tactostoma macropus",0,"35-9",40.06103167,-124.85885,0,0
"MFU","52193","332","d5","1","Tarletonbeania crenularis",0,"35-9",40.06103167,-124.85885,0,0
"MFU","52193","332","d5","1","Tarletonbeania crenularis",0,"35-9",40.06103167,-124.85885,0,0
"MFU","52193","332","d5","1","Thaleichthys pacificus",0,"35-9",40.06103167,-124.85885,0,0
"MFU","52193","332","d5","1","Trachurus symmetricus",0,"35-9",40.06103167,-124.85885,0,0
"MFU","52193","332","d5","1","Trachurus symmetricus",6,"35-9",40.06103167,-124.85885,0,0
"MFU","52193","334","d1","1","Clupea pallasii",0,"35-11",40.06377,-125.0781317,500,500
"MFU","52193","334","d1","1","Engraulis mordax",0,"35-11",40.06377,-125.0781317,500,500
"MFU","52193","334","d1","1","Leuroglossus stilbius",0,"35-11",40.06377,-125.0781317,500,500
"MFU","52193","334","d1","1","Merluccius productus",0,"35-11",40.06377,-125.0781317,500,500
"MFU","52193","334","d1","1","Merluccius productus",2570,"35-11",40.06377,-125.0781317,500,500
"MFU","52193","334","d1","1","Microstomus pacificus",0,"35-11",40.06377,-125.0781317,500,500
"MFU","52193","334","d1","1","Sardinops sagax",0,"35-11",40.06377,-125.0781317,500,500
"MFU","52193","334","d1","1","Scomber japonicus",0,"35-11",40.06377,-125.0781317,500,500
"MFU","52193","334","d1","1","Sebastes entomelas",0,"35-11",40.06377,-125.0781317,500,500
"MFU","52193","334","d1","1","Stenobrachius leucopsarus",0,"35-11",40.06377,-125.0781317,500,500
"MFU","52193","334","d1","1","Stenobrachius leucopsarus",0,"35-11",40.06377,-125.0781317,500,500
"MFU","52193","334","d1","1","Tactostoma macropus",0,"35-11",40.06377,-125.0781317,500,500
"MFU","52193","334","d1","1","Tarletonbeania crenularis",0,"35-11",40.06377,-125.0781317,500,500
"MFU","52193","334","d1","1","Tarletonbeania crenularis",0,"35-11",40.06377,-125.0781317,500,500
"MFU","52193","334","d1","1","Thaleichthys pacificus",0,"35-11",40.06377,-125.0781317,500,500
"MFU","52193","334","d1","1","Trachurus symmetricus",0,"35-11",40.06377,-125.0781317,500,500
"MFU","52193","334","d1","1","Trachurus symmetricus",0,"35-11",40.06377,-125.0781317,500,500
"MFU","52193","336","d1","1","Clupea pallasii",0,"35-11",40.06377,-125.0781317,300,300
"MFU","52193","336","d1","1","Engraulis mordax",0,"35-11",40.06377,-125.0781317,300,300
"MFU","52193","336","d1","1","Leuroglossus stilbius",0,"35-11",40.06377,-125.0781317,300,300
"MFU","52193","336","d1","1","Merluccius productus",0,"35-11",40.06377,-125.0781317,300,300
"MFU","52193","336","d1","1","Merluccius productus",9924,"35-11",40.06377,-125.0781317,300,300
"MFU","52193","336","d1","1","Microstomus pacificus",0,"35-11",40.06377,-125.0781317,300,300
"MFU","52193","336","d1","1","Sardinops sagax",5017,"35-11",40.06377,-125.0781317,300,300
"MFU","52193","336","d1","1","Scomber japonicus",0,"35-11",40.06377,-125.0781317,300,300
"MFU","52193","336","d1","1","Sebastes entomelas",0,"35-11",40.06377,-125.0781317,300,300
"MFU","52193","336","d1","1","Stenobrachius leucopsarus",0,"35-11",40.06377,-125.0781317,300,300
"MFU","52193","336","d1","1","Stenobrachius leucopsarus",0,"35-11",40.06377,-125.0781317,300,300
"MFU","52193","336","d1","1","Tactostoma macropus",0,"35-11",40.06377,-125.0781317,300,300
"MFU","52193","336","d1","1","Tarletonbeania crenularis",0,"35-11",40.06377,-125.0781317,300,300
"MFU","52193","336","d1","1","Tarletonbeania crenularis",25163,"35-11",40.06377,-125.0781317,300,300
"MFU","52193","336","d1","1","Thaleichthys pacificus",0,"35-11",40.06377,-125.0781317,300,300
"MFU","52193","336","d1","1","Trachurus symmetricus",0,"35-11",40.06377,-125.0781317,300,300
"MFU","52193","336","d1","1","Trachurus symmetricus",0,"35-11",40.06377,-125.0781317,300,300
"MFU","52193","338","d1","1","Clupea pallasii",0,"35-11",40.06377,-125.0781317,150,150
"MFU","52193","338","d1","1","Engraulis mordax",0,"35-11",40.06377,-125.0781317,150,150
"MFU","52193","338","d1","1","Leuroglossus stilbius",0,"35-11",40.06377,-125.0781317,150,150
"MFU","52193","338","d1","1","Merluccius productus",0,"35-11",40.06377,-125.0781317,150,150
"MFU","52193","338","d1","1","Merluccius productus",553,"35-11",40.06377,-125.0781317,150,150
"MFU","52193","338","d1","1","Microstomus pacificus",0,"35-11",40.06377,-125.0781317,150,150
"MFU","52193","338","d1","1","Sardinops sagax",0,"35-11",40.06377,-125.0781317,150,150
"MFU","52193","338","d1","1","Scomber japonicus",0,"35-11",40.06377,-125.0781317,150,150
"MFU","52193","338","d1","1","Sebastes entomelas",0,"35-11",40.06377,-125.0781317,150,150
"MFU","52193","338","d1","1","Stenobrachius leucopsarus",0,"35-11",40.06377,-125.0781317,150,150
"MFU","52193","338","d1","1","Stenobrachius leucopsarus",0,"35-11",40.06377,-125.0781317,150,150
"MFU","52193","338","d1","1","Tactostoma macropus",0,"35-11",40.06377,-125.0781317,150,150
"MFU","52193","338","d1","1","Tarletonbeania crenularis",0,"35-11",40.06377,-125.0781317,150,150
"MFU","52193","338","d1","1","Tarletonbeania crenularis",3329,"35-11",40.06377,-125.0781317,150,150
"MFU","52193","338","d1","1","Thaleichthys pacificus",0,"35-11",40.06377,-125.0781317,150,150
"MFU","52193","338","d1","1","Trachurus symmetricus",0,"35-11",40.06377,-125.0781317,150,150
"MFU","52193","338","d1","1","Trachurus symmetricus",1116,"35-11",40.06377,-125.0781317,150,150
"MFU","52193","338","d10","1","Clupea pallasii",0,"35-11",40.06377,-125.0781317,150,150
"MFU","52193","338","d10","1","Engraulis mordax",0,"35-11",40.06377,-125.0781317,150,150
"MFU","52193","338","d10","1","Leuroglossus stilbius",0,"35-11",40.06377,-125.0781317,150,150
"MFU","52193","338","d10","1","Merluccius productus",0,"35-11",40.06377,-125.0781317,150,150
"MFU","52193","338","d10","1","Merluccius productus",0,"35-11",40.06377,-125.0781317,150,150
"MFU","52193","338","d10","1","Microstomus pacificus",0,"35-11",40.06377,-125.0781317,150,150
"MFU","52193","338","d10","1","Sardinops sagax",0,"35-11",40.06377,-125.0781317,150,150
"MFU","52193","338","d10","1","Scomber japonicus",0,"35-11",40.06377,-125.0781317,150,150
"MFU","52193","338","d10","1","Sebastes entomelas",0,"35-11",40.06377,-125.0781317,150,150
"MFU","52193","338","d10","1","Stenobrachius leucopsarus",0,"35-11",40.06377,-125.0781317,150,150
"MFU","52193","338","d10","1","Stenobrachius leucopsarus",0,"35-11",40.06377,-125.0781317,150,150
"MFU","52193","338","d10","1","Tactostoma macropus",0,"35-11",40.06377,-125.0781317,150,150
"MFU","52193","338","d10","1","Tarletonbeania crenularis",0,"35-11",40.06377,-125.0781317,150,150
"MFU","52193","338","d10","1","Tarletonbeania crenularis",0,"35-11",40.06377,-125.0781317,150,150
"MFU","52193","338","d10","1","Thaleichthys pacificus",0,"35-11",40.06377,-125.0781317,150,150
"MFU","52193","338","d10","1","Trachurus symmetricus",0,"35-11",40.06377,-125.0781317,150,150
"MFU","52193","338","d10","1","Trachurus symmetricus",0,"35-11",40.06377,-125.0781317,150,150
"MFU","52193","34","d1","1","Clupea pallasii",0,"25-4",38.39212,-123.6252383,300,300
"MFU","52193","34","d1","1","Engraulis mordax",0,"25-4",38.39212,-123.6252383,300,300
"MFU","52193","34","d1","1","Leuroglossus stilbius",0,"25-4",38.39212,-123.6252383,300,300
"MFU","52193","34","d1","1","Merluccius productus",22520,"25-4",38.39212,-123.6252383,300,300
"MFU","52193","34","d1","1","Merluccius productus",189560,"25-4",38.39212,-123.6252383,300,300
"MFU","52193","34","d1","1","Microstomus pacificus",0,"25-4",38.39212,-123.6252383,300,300
"MFU","52193","34","d1","1","Sardinops sagax",0,"25-4",38.39212,-123.6252383,300,300
"MFU","52193","34","d1","1","Scomber japonicus",0,"25-4",38.39212,-123.6252383,300,300
"MFU","52193","34","d1","1","Sebastes entomelas",0,"25-4",38.39212,-123.6252383,300,300
"MFU","52193","34","d1","1","Stenobrachius leucopsarus",0,"25-4",38.39212,-123.6252383,300,300
"MFU","52193","34","d1","1","Stenobrachius leucopsarus",0,"25-4",38.39212,-123.6252383,300,300
"MFU","52193","34","d1","1","Tactostoma macropus",0,"25-4",38.39212,-123.6252383,300,300
"MFU","52193","34","d1","1","Tarletonbeania crenularis",0,"25-4",38.39212,-123.6252383,300,300
"MFU","52193","34","d1","1","Tarletonbeania crenularis",0,"25-4",38.39212,-123.6252383,300,300
"MFU","52193","34","d1","1","Thaleichthys pacificus",0,"25-4",38.39212,-123.6252383,300,300
"MFU","52193","34","d1","1","Trachurus symmetricus",0,"25-4",38.39212,-123.6252383,300,300
"MFU","52193","34","d1","1","Trachurus symmetricus",0,"25-4",38.39212,-123.6252383,300,300
"MFU","52193","342","d10","1","Clupea pallasii",0,"35-11",40.06377,-125.0781317,50,50
"MFU","52193","342","d10","1","Engraulis mordax",0,"35-11",40.06377,-125.0781317,50,50
"MFU","52193","342","d10","1","Leuroglossus stilbius",0,"35-11",40.06377,-125.0781317,50,50
"MFU","52193","342","d10","1","Merluccius productus",0,"35-11",40.06377,-125.0781317,50,50
"MFU","52193","342","d10","1","Merluccius productus",6564,"35-11",40.06377,-125.0781317,50,50
"MFU","52193","342","d10","1","Microstomus pacificus",0,"35-11",40.06377,-125.0781317,50,50
"MFU","52193","342","d10","1","Sardinops sagax",0,"35-11",40.06377,-125.0781317,50,50
"MFU","52193","342","d10","1","Scomber japonicus",0,"35-11",40.06377,-125.0781317,50,50
"MFU","52193","342","d10","1","Sebastes entomelas",0,"35-11",40.06377,-125.0781317,50,50
"MFU","52193","342","d10","1","Stenobrachius leucopsarus",0,"35-11",40.06377,-125.0781317,50,50
"MFU","52193","342","d10","1","Stenobrachius leucopsarus",0,"35-11",40.06377,-125.0781317,50,50
"MFU","52193","342","d10","1","Tactostoma macropus",0,"35-11",40.06377,-125.0781317,50,50
"MFU","52193","342","d10","1","Tarletonbeania crenularis",0,"35-11",40.06377,-125.0781317,50,50
"MFU","52193","342","d10","1","Tarletonbeania crenularis",0,"35-11",40.06377,-125.0781317,50,50
"MFU","52193","342","d10","1","Thaleichthys pacificus",0,"35-11",40.06377,-125.0781317,50,50
"MFU","52193","342","d10","1","Trachurus symmetricus",0,"35-11",40.06377,-125.0781317,50,50
"MFU","52193","342","d10","1","Trachurus symmetricus",6693,"35-11",40.06377,-125.0781317,50,50
"MFU","52193","345","d10","1","Clupea pallasii",0,"35-11",40.06377,-125.0781317,0,0
"MFU","52193","345","d10","1","Engraulis mordax",0,"35-11",40.06377,-125.0781317,0,0
"MFU","52193","345","d10","1","Leuroglossus stilbius",0,"35-11",40.06377,-125.0781317,0,0
"MFU","52193","345","d10","1","Merluccius productus",0,"35-11",40.06377,-125.0781317,0,0
"MFU","52193","345","d10","1","Merluccius productus",0,"35-11",40.06377,-125.0781317,0,0
"MFU","52193","345","d10","1","Microstomus pacificus",0,"35-11",40.06377,-125.0781317,0,0
"MFU","52193","345","d10","1","Sardinops sagax",0,"35-11",40.06377,-125.0781317,0,0
"MFU","52193","345","d10","1","Scomber japonicus",0,"35-11",40.06377,-125.0781317,0,0
"MFU","52193","345","d10","1","Sebastes entomelas",0,"35-11",40.06377,-125.0781317,0,0
"MFU","52193","345","d10","1","Stenobrachius leucopsarus",0,"35-11",40.06377,-125.0781317,0,0
"MFU","52193","345","d10","1","Stenobrachius leucopsarus",0,"35-11",40.06377,-125.0781317,0,0
"MFU","52193","345","d10","1","Tactostoma macropus",0,"35-11",40.06377,-125.0781317,0,0
"MFU","52193","345","d10","1","Tarletonbeania crenularis",0,"35-11",40.06377,-125.0781317,0,0
"MFU","52193","345","d10","1","Tarletonbeania crenularis",0,"35-11",40.06377,-125.0781317,0,0
"MFU","52193","345","d10","1","Thaleichthys pacificus",0,"35-11",40.06377,-125.0781317,0,0
"MFU","52193","345","d10","1","Trachurus symmetricus",0,"35-11",40.06377,-125.0781317,0,0
"MFU","52193","345","d10","1","Trachurus symmetricus",0,"35-11",40.06377,-125.0781317,0,0
"MFU","52193","348","d1","1","Clupea pallasii",0,"37-9",40.39612,-125.1259683,500,500
"MFU","52193","348","d1","1","Engraulis mordax",0,"37-9",40.39612,-125.1259683,500,500
"MFU","52193","348","d1","1","Leuroglossus stilbius",0,"37-9",40.39612,-125.1259683,500,500
"MFU","52193","348","d1","1","Merluccius productus",8235,"37-9",40.39612,-125.1259683,500,500
"MFU","52193","348","d1","1","Merluccius productus",186394,"37-9",40.39612,-125.1259683,500,500
"MFU","52193","348","d1","1","Microstomus pacificus",0,"37-9",40.39612,-125.1259683,500,500
"MFU","52193","348","d1","1","Sardinops sagax",0,"37-9",40.39612,-125.1259683,500,500
"MFU","52193","348","d1","1","Scomber japonicus",5,"37-9",40.39612,-125.1259683,500,500
"MFU","52193","348","d1","1","Sebastes entomelas",0,"37-9",40.39612,-125.1259683,500,500
"MFU","52193","348","d1","1","Stenobrachius leucopsarus",0,"37-9",40.39612,-125.1259683,500,500
"MFU","52193","348","d1","1","Stenobrachius leucopsarus",0,"37-9",40.39612,-125.1259683,500,500
"MFU","52193","348","d1","1","Tactostoma macropus",0,"37-9",40.39612,-125.1259683,500,500
"MFU","52193","348","d1","1","Tarletonbeania crenularis",0,"37-9",40.39612,-125.1259683,500,500
"MFU","52193","348","d1","1","Tarletonbeania crenularis",0,"37-9",40.39612,-125.1259683,500,500
"MFU","52193","348","d1","1","Thaleichthys pacificus",0,"37-9",40.39612,-125.1259683,500,500
"MFU","52193","348","d1","1","Trachurus symmetricus",0,"37-9",40.39612,-125.1259683,500,500
"MFU","52193","348","d1","1","Trachurus symmetricus",0,"37-9",40.39612,-125.1259683,500,500
"MFU","52193","350","d1","1","Clupea pallasii",0,"37-9",40.39612,-125.1259683,300,300
"MFU","52193","350","d1","1","Engraulis mordax",0,"37-9",40.39612,-125.1259683,300,300
"MFU","52193","350","d1","1","Leuroglossus stilbius",0,"37-9",40.39612,-125.1259683,300,300
"MFU","52193","350","d1","1","Merluccius productus",1143,"37-9",40.39612,-125.1259683,300,300
"MFU","52193","350","d1","1","Merluccius productus",64459,"37-9",40.39612,-125.1259683,300,300
"MFU","52193","350","d1","1","Microstomus pacificus",0,"37-9",40.39612,-125.1259683,300,300
"MFU","52193","350","d1","1","Sardinops sagax",0,"37-9",40.39612,-125.1259683,300,300
"MFU","52193","350","d1","1","Scomber japonicus",0,"37-9",40.39612,-125.1259683,300,300
"MFU","52193","350","d1","1","Sebastes entomelas",0,"37-9",40.39612,-125.1259683,300,300
"MFU","52193","350","d1","1","Stenobrachius leucopsarus",0,"37-9",40.39612,-125.1259683,300,300
"MFU","52193","350","d1","1","Stenobrachius leucopsarus",681,"37-9",40.39612,-125.1259683,300,300
"MFU","52193","350","d1","1","Tactostoma macropus",0,"37-9",40.39612,-125.1259683,300,300
"MFU","52193","350","d1","1","Tarletonbeania crenularis",0,"37-9",40.39612,-125.1259683,300,300
"MFU","52193","350","d1","1","Tarletonbeania crenularis",15590,"37-9",40.39612,-125.1259683,300,300
"MFU","52193","350","d1","1","Thaleichthys pacificus",0,"37-9",40.39612,-125.1259683,300,300
"MFU","52193","350","d1","1","Trachurus symmetricus",0,"37-9",40.39612,-125.1259683,300,300
"MFU","52193","350","d1","1","Trachurus symmetricus",1431,"37-9",40.39612,-125.1259683,300,300
"MFU","52193","352","d1","1","Clupea pallasii",0,"37-9",40.39612,-125.1259683,150,150
"MFU","52193","352","d1","1","Engraulis mordax",0,"37-9",40.39612,-125.1259683,150,150
"MFU","52193","352","d1","1","Leuroglossus stilbius",0,"37-9",40.39612,-125.1259683,150,150
"MFU","52193","352","d1","1","Merluccius productus",33711,"37-9",40.39612,-125.1259683,150,150
"MFU","52193","352","d1","1","Merluccius productus",293773,"37-9",40.39612,-125.1259683,150,150
"MFU","52193","352","d1","1","Microstomus pacificus",0,"37-9",40.39612,-125.1259683,150,150
"MFU","52193","352","d1","1","Sardinops sagax",2296,"37-9",40.39612,-125.1259683,150,150
"MFU","52193","352","d1","1","Scomber japonicus",0,"37-9",40.39612,-125.1259683,150,150
"MFU","52193","352","d1","1","Sebastes entomelas",0,"37-9",40.39612,-125.1259683,150,150
"MFU","52193","352","d1","1","Stenobrachius leucopsarus",0,"37-9",40.39612,-125.1259683,150,150
"MFU","52193","352","d1","1","Stenobrachius leucopsarus",2803,"37-9",40.39612,-125.1259683,150,150
"MFU","52193","352","d1","1","Tactostoma macropus",0,"37-9",40.39612,-125.1259683,150,150
"MFU","52193","352","d1","1","Tarletonbeania crenularis",0,"37-9",40.39612,-125.1259683,150,150
"MFU","52193","352","d1","1","Tarletonbeania crenularis",1258,"37-9",40.39612,-125.1259683,150,150
"MFU","52193","352","d1","1","Thaleichthys pacificus",0,"37-9",40.39612,-125.1259683,150,150
"MFU","52193","352","d1","1","Trachurus symmetricus",0,"37-9",40.39612,-125.1259683,150,150
"MFU","52193","352","d1","1","Trachurus symmetricus",20790,"37-9",40.39612,-125.1259683,150,150
"MFU","52193","356","d10","1","Clupea pallasii",0,"37-9",40.39612,-125.1259683,50,50
"MFU","52193","356","d10","1","Engraulis mordax",0,"37-9",40.39612,-125.1259683,50,50
"MFU","52193","356","d10","1","Leuroglossus stilbius",0,"37-9",40.39612,-125.1259683,50,50
"MFU","52193","356","d10","1","Merluccius productus",27504,"37-9",40.39612,-125.1259683,50,50
"MFU","52193","356","d10","1","Merluccius productus",31843,"37-9",40.39612,-125.1259683,50,50
"MFU","52193","356","d10","1","Microstomus pacificus",0,"37-9",40.39612,-125.1259683,50,50
"MFU","52193","356","d10","1","Sardinops sagax",7094,"37-9",40.39612,-125.1259683,50,50
"MFU","52193","356","d10","1","Scomber japonicus",0,"37-9",40.39612,-125.1259683,50,50
"MFU","52193","356","d10","1","Sebastes entomelas",0,"37-9",40.39612,-125.1259683,50,50
"MFU","52193","356","d10","1","Stenobrachius leucopsarus",0,"37-9",40.39612,-125.1259683,50,50
"MFU","52193","356","d10","1","Stenobrachius leucopsarus",0,"37-9",40.39612,-125.1259683,50,50
"MFU","52193","356","d10","1","Tactostoma macropus",0,"37-9",40.39612,-125.1259683,50,50
"MFU","52193","356","d10","1","Tarletonbeania crenularis",0,"37-9",40.39612,-125.1259683,50,50
"MFU","52193","356","d10","1","Tarletonbeania crenularis",0,"37-9",40.39612,-125.1259683,50,50
"MFU","52193","356","d10","1","Thaleichthys pacificus",0,"37-9",40.39612,-125.1259683,50,50
"MFU","52193","356","d10","1","Trachurus symmetricus",0,"37-9",40.39612,-125.1259683,50,50
"MFU","52193","356","d10","1","Trachurus symmetricus",0,"37-9",40.39612,-125.1259683,50,50
"MFU","52193","357","d10","1","Clupea pallasii",0,"37-9",40.39612,-125.1259683,50,50
"MFU","52193","357","d10","1","Engraulis mordax",0,"37-9",40.39612,-125.1259683,50,50
"MFU","52193","357","d10","1","Leuroglossus stilbius",0,"37-9",40.39612,-125.1259683,50,50
"MFU","52193","357","d10","1","Merluccius productus",0,"37-9",40.39612,-125.1259683,50,50
"MFU","52193","357","d10","1","Merluccius productus",0,"37-9",40.39612,-125.1259683,50,50
"MFU","52193","357","d10","1","Microstomus pacificus",0,"37-9",40.39612,-125.1259683,50,50
"MFU","52193","357","d10","1","Sardinops sagax",50026,"37-9",40.39612,-125.1259683,50,50
"MFU","52193","357","d10","1","Scomber japonicus",0,"37-9",40.39612,-125.1259683,50,50
"MFU","52193","357","d10","1","Sebastes entomelas",0,"37-9",40.39612,-125.1259683,50,50
"MFU","52193","357","d10","1","Stenobrachius leucopsarus",0,"37-9",40.39612,-125.1259683,50,50
"MFU","52193","357","d10","1","Stenobrachius leucopsarus",0,"37-9",40.39612,-125.1259683,50,50
"MFU","52193","357","d10","1","Tactostoma macropus",0,"37-9",40.39612,-125.1259683,50,50
"MFU","52193","357","d10","1","Tarletonbeania crenularis",0,"37-9",40.39612,-125.1259683,50,50
"MFU","52193","357","d10","1","Tarletonbeania crenularis",0,"37-9",40.39612,-125.1259683,50,50
"MFU","52193","357","d10","1","Thaleichthys pacificus",0,"37-9",40.39612,-125.1259683,50,50
"MFU","52193","357","d10","1","Trachurus symmetricus",0,"37-9",40.39612,-125.1259683,50,50
"MFU","52193","357","d10","1","Trachurus symmetricus",32811,"37-9",40.39612,-125.1259683,50,50
"MFU","52193","358","d10","1","Clupea pallasii",0,"37-9",40.39612,-125.1259683,0,0
"MFU","52193","358","d10","1","Engraulis mordax",0,"37-9",40.39612,-125.1259683,0,0
"MFU","52193","358","d10","1","Leuroglossus stilbius",0,"37-9",40.39612,-125.1259683,0,0
"MFU","52193","358","d10","1","Merluccius productus",0,"37-9",40.39612,-125.1259683,0,0
"MFU","52193","358","d10","1","Merluccius productus",0,"37-9",40.39612,-125.1259683,0,0
"MFU","52193","358","d10","1","Microstomus pacificus",0,"37-9",40.39612,-125.1259683,0,0
"MFU","52193","358","d10","1","Sardinops sagax",373002,"37-9",40.39612,-125.1259683,0,0
"MFU","52193","358","d10","1","Scomber japonicus",15952,"37-9",40.39612,-125.1259683,0,0
"MFU","52193","358","d10","1","Sebastes entomelas",0,"37-9",40.39612,-125.1259683,0,0
"MFU","52193","358","d10","1","Stenobrachius leucopsarus",0,"37-9",40.39612,-125.1259683,0,0
"MFU","52193","358","d10","1","Stenobrachius leucopsarus",0,"37-9",40.39612,-125.1259683,0,0
"MFU","52193","358","d10","1","Tactostoma macropus",0,"37-9",40.39612,-125.1259683,0,0
"MFU","52193","358","d10","1","Tarletonbeania crenularis",0,"37-9",40.39612,-125.1259683,0,0
"MFU","52193","358","d10","1","Tarletonbeania crenularis",0,"37-9",40.39612,-125.1259683,0,0
"MFU","52193","358","d10","1","Thaleichthys pacificus",0,"37-9",40.39612,-125.1259683,0,0
"MFU","52193","358","d10","1","Trachurus symmetricus",0,"37-9",40.39612,-125.1259683,0,0
"MFU","52193","358","d10","1","Trachurus symmetricus",52592,"37-9",40.39612,-125.1259683,0,0
"MFU","52193","36","d1","1","Clupea pallasii",0,"25-4",38.39212,-123.6252383,150,150
"MFU","52193","36","d1","1","Engraulis mordax",7969,"25-4",38.39212,-123.6252383,150,150
"MFU","52193","36","d1","1","Leuroglossus stilbius",0,"25-4",38.39212,-123.6252383,150,150
"MFU","52193","36","d1","1","Merluccius productus",0,"25-4",38.39212,-123.6252383,150,150
"MFU","52193","36","d1","1","Merluccius productus",5603,"25-4",38.39212,-123.6252383,150,150
"MFU","52193","36","d1","1","Microstomus pacificus",0,"25-4",38.39212,-123.6252383,150,150
"MFU","52193","36","d1","1","Sardinops sagax",0,"25-4",38.39212,-123.6252383,150,150
"MFU","52193","36","d1","1","Scomber japonicus",0,"25-4",38.39212,-123.6252383,150,150
"MFU","52193","36","d1","1","Sebastes entomelas",0,"25-4",38.39212,-123.6252383,150,150
"MFU","52193","36","d1","1","Stenobrachius leucopsarus",0,"25-4",38.39212,-123.6252383,150,150
"MFU","52193","36","d1","1","Stenobrachius leucopsarus",4705,"25-4",38.39212,-123.6252383,150,150
"MFU","52193","36","d1","1","Tactostoma macropus",0,"25-4",38.39212,-123.6252383,150,150
"MFU","52193","36","d1","1","Tarletonbeania crenularis",0,"25-4",38.39212,-123.6252383,150,150
"MFU","52193","36","d1","1","Tarletonbeania crenularis",0,"25-4",38.39212,-123.6252383,150,150
"MFU","52193","36","d1","1","Thaleichthys pacificus",0,"25-4",38.39212,-123.6252383,150,150
"MFU","52193","36","d1","1","Trachurus symmetricus",0,"25-4",38.39212,-123.6252383,150,150
"MFU","52193","36","d1","1","Trachurus symmetricus",0,"25-4",38.39212,-123.6252383,150,150
"MFU","52193","360","d1","1","Clupea pallasii",0,"37-7",40.39824,-124.9122883,500,500
"MFU","52193","360","d1","1","Engraulis mordax",0,"37-7",40.39824,-124.9122883,500,500
"MFU","52193","360","d1","1","Leuroglossus stilbius",0,"37-7",40.39824,-124.9122883,500,500
"MFU","52193","360","d1","1","Merluccius productus",237,"37-7",40.39824,-124.9122883,500,500
"MFU","52193","360","d1","1","Merluccius productus",9536,"37-7",40.39824,-124.9122883,500,500
"MFU","52193","360","d1","1","Microstomus pacificus",0,"37-7",40.39824,-124.9122883,500,500
"MFU","52193","360","d1","1","Sardinops sagax",0,"37-7",40.39824,-124.9122883,500,500
"MFU","52193","360","d1","1","Scomber japonicus",0,"37-7",40.39824,-124.9122883,500,500
"MFU","52193","360","d1","1","Sebastes entomelas",0,"37-7",40.39824,-124.9122883,500,500
"MFU","52193","360","d1","1","Stenobrachius leucopsarus",0,"37-7",40.39824,-124.9122883,500,500
"MFU","52193","360","d1","1","Stenobrachius leucopsarus",0,"37-7",40.39824,-124.9122883,500,500
"MFU","52193","360","d1","1","Tactostoma macropus",0,"37-7",40.39824,-124.9122883,500,500
"MFU","52193","360","d1","1","Tarletonbeania crenularis",0,"37-7",40.39824,-124.9122883,500,500
"MFU","52193","360","d1","1","Tarletonbeania crenularis",0,"37-7",40.39824,-124.9122883,500,500
"MFU","52193","360","d1","1","Thaleichthys pacificus",0,"37-7",40.39824,-124.9122883,500,500
"MFU","52193","360","d1","1","Trachurus symmetricus",0,"37-7",40.39824,-124.9122883,500,500
"MFU","52193","360","d1","1","Trachurus symmetricus",0,"37-7",40.39824,-124.9122883,500,500
"MFU","52193","362","d1","1","Clupea pallasii",0,"37-7",40.39824,-124.9122883,300,300
"MFU","52193","362","d1","1","Engraulis mordax",0,"37-7",40.39824,-124.9122883,300,300
"MFU","52193","362","d1","1","Leuroglossus stilbius",0,"37-7",40.39824,-124.9122883,300,300
"MFU","52193","362","d1","1","Merluccius productus",0,"37-7",40.39824,-124.9122883,300,300
"MFU","52193","362","d1","1","Merluccius productus",15037,"37-7",40.39824,-124.9122883,300,300
"MFU","52193","362","d1","1","Microstomus pacificus",0,"37-7",40.39824,-124.9122883,300,300
"MFU","52193","362","d1","1","Sardinops sagax",0,"37-7",40.39824,-124.9122883,300,300
"MFU","52193","362","d1","1","Scomber japonicus",0,"37-7",40.39824,-124.9122883,300,300
"MFU","52193","362","d1","1","Sebastes entomelas",0,"37-7",40.39824,-124.9122883,300,300
"MFU","52193","362","d1","1","Stenobrachius leucopsarus",0,"37-7",40.39824,-124.9122883,300,300
"MFU","52193","362","d1","1","Stenobrachius leucopsarus",2441,"37-7",40.39824,-124.9122883,300,300
"MFU","52193","362","d1","1","Tactostoma macropus",0,"37-7",40.39824,-124.9122883,300,300
"MFU","52193","362","d1","1","Tarletonbeania crenularis",0,"37-7",40.39824,-124.9122883,300,300
"MFU","52193","362","d1","1","Tarletonbeania crenularis",622,"37-7",40.39824,-124.9122883,300,300
"MFU","52193","362","d1","1","Thaleichthys pacificus",0,"37-7",40.39824,-124.9122883,300,300
"MFU","52193","362","d1","1","Trachurus symmetricus",0,"37-7",40.39824,-124.9122883,300,300
"MFU","52193","362","d1","1","Trachurus symmetricus",0,"37-7",40.39824,-124.9122883,300,300
"MFU","52193","364","d1","1","Clupea pallasii",0,"37-7",40.39824,-124.9122883,150,150
"MFU","52193","364","d1","1","Engraulis mordax",0,"37-7",40.39824,-124.9122883,150,150
"MFU","52193","364","d1","1","Leuroglossus stilbius",0,"37-7",40.39824,-124.9122883,150,150
"MFU","52193","364","d1","1","Merluccius productus",42283,"37-7",40.39824,-124.9122883,150,150
"MFU","52193","364","d1","1","Merluccius productus",74389,"37-7",40.39824,-124.9122883,150,150
"MFU","52193","364","d1","1","Microstomus pacificus",0,"37-7",40.39824,-124.9122883,150,150
"MFU","52193","364","d1","1","Sardinops sagax",6369,"37-7",40.39824,-124.9122883,150,150
"MFU","52193","364","d1","1","Scomber japonicus",0,"37-7",40.39824,-124.9122883,150,150
"MFU","52193","364","d1","1","Sebastes entomelas",2216,"37-7",40.39824,-124.9122883,150,150
"MFU","52193","364","d1","1","Stenobrachius leucopsarus",0,"37-7",40.39824,-124.9122883,150,150
"MFU","52193","364","d1","1","Stenobrachius leucopsarus",18747,"37-7",40.39824,-124.9122883,150,150
"MFU","52193","364","d1","1","Tactostoma macropus",0,"37-7",40.39824,-124.9122883,150,150
"MFU","52193","364","d1","1","Tarletonbeania crenularis",0,"37-7",40.39824,-124.9122883,150,150
"MFU","52193","364","d1","1","Tarletonbeania crenularis",3974,"37-7",40.39824,-124.9122883,150,150
"MFU","52193","364","d1","1","Thaleichthys pacificus",0,"37-7",40.39824,-124.9122883,150,150
"MFU","52193","364","d1","1","Trachurus symmetricus",0,"37-7",40.39824,-124.9122883,150,150
"MFU","52193","364","d1","1","Trachurus symmetricus",13293,"37-7",40.39824,-124.9122883,150,150
"MFU","52193","368","d10","1","Clupea pallasii",0,"37-7",40.39824,-124.9122883,50,50
"MFU","52193","368","d10","1","Engraulis mordax",0,"37-7",40.39824,-124.9122883,50,50
"MFU","52193","368","d10","1","Leuroglossus stilbius",0,"37-7",40.39824,-124.9122883,50,50
"MFU","52193","368","d10","1","Merluccius productus",0,"37-7",40.39824,-124.9122883,50,50
"MFU","52193","368","d10","1","Merluccius productus",0,"37-7",40.39824,-124.9122883,50,50
"MFU","52193","368","d10","1","Microstomus pacificus",0,"37-7",40.39824,-124.9122883,50,50
"MFU","52193","368","d10","1","Sardinops sagax",0,"37-7",40.39824,-124.9122883,50,50
"MFU","52193","368","d10","1","Scomber japonicus",0,"37-7",40.39824,-124.9122883,50,50
"MFU","52193","368","d10","1","Sebastes entomelas",0,"37-7",40.39824,-124.9122883,50,50
"MFU","52193","368","d10","1","Stenobrachius leucopsarus",0,"37-7",40.39824,-124.9122883,50,50
"MFU","52193","368","d10","1","Stenobrachius leucopsarus",0,"37-7",40.39824,-124.9122883,50,50
"MFU","52193","368","d10","1","Tactostoma macropus",0,"37-7",40.39824,-124.9122883,50,50
"MFU","52193","368","d10","1","Tarletonbeania crenularis",0,"37-7",40.39824,-124.9122883,50,50
"MFU","52193","368","d10","1","Tarletonbeania crenularis",0,"37-7",40.39824,-124.9122883,50,50
"MFU","52193","368","d10","1","Thaleichthys pacificus",0,"37-7",40.39824,-124.9122883,50,50
"MFU","52193","368","d10","1","Trachurus symmetricus",0,"37-7",40.39824,-124.9122883,50,50
"MFU","52193","368","d10","1","Trachurus symmetricus",2898,"37-7",40.39824,-124.9122883,50,50
"MFU","52193","369","d10","1","Clupea pallasii",0,"37-7",40.39824,-124.9122883,50,50
"MFU","52193","369","d10","1","Engraulis mordax",0,"37-7",40.39824,-124.9122883,50,50
"MFU","52193","369","d10","1","Leuroglossus stilbius",0,"37-7",40.39824,-124.9122883,50,50
"MFU","52193","369","d10","1","Merluccius productus",0,"37-7",40.39824,-124.9122883,50,50
"MFU","52193","369","d10","1","Merluccius productus",27697,"37-7",40.39824,-124.9122883,50,50
"MFU","52193","369","d10","1","Microstomus pacificus",0,"37-7",40.39824,-124.9122883,50,50
"MFU","52193","369","d10","1","Sardinops sagax",0,"37-7",40.39824,-124.9122883,50,50
"MFU","52193","369","d10","1","Scomber japonicus",0,"37-7",40.39824,-124.9122883,50,50
"MFU","52193","369","d10","1","Sebastes entomelas",0,"37-7",40.39824,-124.9122883,50,50
"MFU","52193","369","d10","1","Stenobrachius leucopsarus",0,"37-7",40.39824,-124.9122883,50,50
"MFU","52193","369","d10","1","Stenobrachius leucopsarus",0,"37-7",40.39824,-124.9122883,50,50
"MFU","52193","369","d10","1","Tactostoma macropus",0,"37-7",40.39824,-124.9122883,50,50
"MFU","52193","369","d10","1","Tarletonbeania crenularis",0,"37-7",40.39824,-124.9122883,50,50
"MFU","52193","369","d10","1","Tarletonbeania crenularis",0,"37-7",40.39824,-124.9122883,50,50
"MFU","52193","369","d10","1","Thaleichthys pacificus",0,"37-7",40.39824,-124.9122883,50,50
"MFU","52193","369","d10","1","Trachurus symmetricus",0,"37-7",40.39824,-124.9122883,50,50
"MFU","52193","369","d10","1","Trachurus symmetricus",910,"37-7",40.39824,-124.9122883,50,50
"MFU","52193","372","d1","1","Clupea pallasii",0,"37-5",40.39516167,-124.6909867,500,500
"MFU","52193","372","d1","1","Engraulis mordax",0,"37-5",40.39516167,-124.6909867,500,500
"MFU","52193","372","d1","1","Leuroglossus stilbius",0,"37-5",40.39516167,-124.6909867,500,500
"MFU","52193","372","d1","1","Merluccius productus",3588,"37-5",40.39516167,-124.6909867,500,500
"MFU","52193","372","d1","1","Merluccius productus",5979,"37-5",40.39516167,-124.6909867,500,500
"MFU","52193","372","d1","1","Microstomus pacificus",0,"37-5",40.39516167,-124.6909867,500,500
"MFU","52193","372","d1","1","Sardinops sagax",0,"37-5",40.39516167,-124.6909867,500,500
"MFU","52193","372","d1","1","Scomber japonicus",0,"37-5",40.39516167,-124.6909867,500,500
"MFU","52193","372","d1","1","Sebastes entomelas",0,"37-5",40.39516167,-124.6909867,500,500
"MFU","52193","372","d1","1","Stenobrachius leucopsarus",601,"37-5",40.39516167,-124.6909867,500,500
"MFU","52193","372","d1","1","Stenobrachius leucopsarus",1104,"37-5",40.39516167,-124.6909867,500,500
"MFU","52193","372","d1","1","Tactostoma macropus",0,"37-5",40.39516167,-124.6909867,500,500
"MFU","52193","372","d1","1","Tarletonbeania crenularis",0,"37-5",40.39516167,-124.6909867,500,500
"MFU","52193","372","d1","1","Tarletonbeania crenularis",0,"37-5",40.39516167,-124.6909867,500,500
"MFU","52193","372","d1","1","Thaleichthys pacificus",0,"37-5",40.39516167,-124.6909867,500,500
"MFU","52193","372","d1","1","Trachurus symmetricus",0,"37-5",40.39516167,-124.6909867,500,500
"MFU","52193","372","d1","1","Trachurus symmetricus",0,"37-5",40.39516167,-124.6909867,500,500
"MFU","52193","374","d1","1","Clupea pallasii",0,"37-5",40.39516167,-124.6909867,300,300
"MFU","52193","374","d1","1","Engraulis mordax",0,"37-5",40.39516167,-124.6909867,300,300
"MFU","52193","374","d1","1","Leuroglossus stilbius",742,"37-5",40.39516167,-124.6909867,300,300
"MFU","52193","374","d1","1","Merluccius productus",381,"37-5",40.39516167,-124.6909867,300,300
"MFU","52193","374","d1","1","Merluccius productus",22063,"37-5",40.39516167,-124.6909867,300,300
"MFU","52193","374","d1","1","Microstomus pacificus",0,"37-5",40.39516167,-124.6909867,300,300
"MFU","52193","374","d1","1","Sardinops sagax",0,"37-5",40.39516167,-124.6909867,300,300
"MFU","52193","374","d1","1","Scomber japonicus",0,"37-5",40.39516167,-124.6909867,300,300
"MFU","52193","374","d1","1","Sebastes entomelas",0,"37-5",40.39516167,-124.6909867,300,300
"MFU","52193","374","d1","1","Stenobrachius leucopsarus",0,"37-5",40.39516167,-124.6909867,300,300
"MFU","52193","374","d1","1","Stenobrachius leucopsarus",1764,"37-5",40.39516167,-124.6909867,300,300
"MFU","52193","374","d1","1","Tactostoma macropus",573,"37-5",40.39516167,-124.6909867,300,300
"MFU","52193","374","d1","1","Tarletonbeania crenularis",0,"37-5",40.39516167,-124.6909867,300,300
"MFU","52193","374","d1","1","Tarletonbeania crenularis",0,"37-5",40.39516167,-124.6909867,300,300
"MFU","52193","374","d1","1","Thaleichthys pacificus",0,"37-5",40.39516167,-124.6909867,300,300
"MFU","52193","374","d1","1","Trachurus symmetricus",0,"37-5",40.39516167,-124.6909867,300,300
"MFU","52193","374","d1","1","Trachurus symmetricus",0,"37-5",40.39516167,-124.6909867,300,300
"MFU","52193","376","d1","1","Clupea pallasii",0,"37-5",40.39516167,-124.6909867,150,150
"MFU","52193","376","d1","1","Engraulis mordax",0,"37-5",40.39516167,-124.6909867,150,150
"MFU","52193","376","d1","1","Leuroglossus stilbius",0,"37-5",40.39516167,-124.6909867,150,150
"MFU","52193","376","d1","1","Merluccius productus",11309,"37-5",40.39516167,-124.6909867,150,150
"MFU","52193","376","d1","1","Merluccius productus",35958,"37-5",40.39516167,-124.6909867,150,150
"MFU","52193","376","d1","1","Microstomus pacificus",0,"37-5",40.39516167,-124.6909867,150,150
"MFU","52193","376","d1","1","Sardinops sagax",0,"37-5",40.39516167,-124.6909867,150,150
"MFU","52193","376","d1","1","Scomber japonicus",0,"37-5",40.39516167,-124.6909867,150,150
"MFU","52193","376","d1","1","Sebastes entomelas",0,"37-5",40.39516167,-124.6909867,150,150
"MFU","52193","376","d1","1","Stenobrachius leucopsarus",0,"37-5",40.39516167,-124.6909867,150,150
"MFU","52193","376","d1","1","Stenobrachius leucopsarus",0,"37-5",40.39516167,-124.6909867,150,150
"MFU","52193","376","d1","1","Tactostoma macropus",0,"37-5",40.39516167,-124.6909867,150,150
"MFU","52193","376","d1","1","Tarletonbeania crenularis",0,"37-5",40.39516167,-124.6909867,150,150
"MFU","52193","376","d1","1","Tarletonbeania crenularis",1327,"37-5",40.39516167,-124.6909867,150,150
"MFU","52193","376","d1","1","Thaleichthys pacificus",0,"37-5",40.39516167,-124.6909867,150,150
"MFU","52193","376","d1","1","Trachurus symmetricus",0,"37-5",40.39516167,-124.6909867,150,150
"MFU","52193","376","d1","1","Trachurus symmetricus",5296,"37-5",40.39516167,-124.6909867,150,150
"MFU","52193","380","d10","1","Clupea pallasii",0,"37-5",40.39516167,-124.6909867,50,50
"MFU","52193","380","d10","1","Engraulis mordax",0,"37-5",40.39516167,-124.6909867,50,50
"MFU","52193","380","d10","1","Leuroglossus stilbius",0,"37-5",40.39516167,-124.6909867,50,50
"MFU","52193","380","d10","1","Merluccius productus",58169,"37-5",40.39516167,-124.6909867,50,50
"MFU","52193","380","d10","1","Merluccius productus",63736,"37-5",40.39516167,-124.6909867,50,50
"MFU","52193","380","d10","1","Microstomus pacificus",0,"37-5",40.39516167,-124.6909867,50,50
"MFU","52193","380","d10","1","Sardinops sagax",0,"37-5",40.39516167,-124.6909867,50,50
"MFU","52193","380","d10","1","Scomber japonicus",12812,"37-5",40.39516167,-124.6909867,50,50
"MFU","52193","380","d10","1","Sebastes entomelas",0,"37-5",40.39516167,-124.6909867,50,50
"MFU","52193","380","d10","1","Stenobrachius leucopsarus",0,"37-5",40.39516167,-124.6909867,50,50
"MFU","52193","380","d10","1","Stenobrachius leucopsarus",0,"37-5",40.39516167,-124.6909867,50,50
"MFU","52193","380","d10","1","Tactostoma macropus",0,"37-5",40.39516167,-124.6909867,50,50
"MFU","52193","380","d10","1","Tarletonbeania crenularis",0,"37-5",40.39516167,-124.6909867,50,50
"MFU","52193","380","d10","1","Tarletonbeania crenularis",0,"37-5",40.39516167,-124.6909867,50,50
"MFU","52193","380","d10","1","Thaleichthys pacificus",0,"37-5",40.39516167,-124.6909867,50,50
"MFU","52193","380","d10","1","Trachurus symmetricus",0,"37-5",40.39516167,-124.6909867,50,50
"MFU","52193","380","d10","1","Trachurus symmetricus",0,"37-5",40.39516167,-124.6909867,50,50
"MFU","52193","382","d10","1","Clupea pallasii",0,"37-5",40.39516167,-124.6909867,0,0
"MFU","52193","382","d10","1","Engraulis mordax",0,"37-5",40.39516167,-124.6909867,0,0
"MFU","52193","382","d10","1","Leuroglossus stilbius",0,"37-5",40.39516167,-124.6909867,0,0
"MFU","52193","382","d10","1","Merluccius productus",0,"37-5",40.39516167,-124.6909867,0,0
"MFU","52193","382","d10","1","Merluccius productus",0,"37-5",40.39516167,-124.6909867,0,0
"MFU","52193","382","d10","1","Microstomus pacificus",0,"37-5",40.39516167,-124.6909867,0,0
"MFU","52193","382","d10","1","Sardinops sagax",0,"37-5",40.39516167,-124.6909867,0,0
"MFU","52193","382","d10","1","Scomber japonicus",0,"37-5",40.39516167,-124.6909867,0,0
"MFU","52193","382","d10","1","Sebastes entomelas",0,"37-5",40.39516167,-124.6909867,0,0
"MFU","52193","382","d10","1","Stenobrachius leucopsarus",0,"37-5",40.39516167,-124.6909867,0,0
"MFU","52193","382","d10","1","Stenobrachius leucopsarus",0,"37-5",40.39516167,-124.6909867,0,0
"MFU","52193","382","d10","1","Tactostoma macropus",0,"37-5",40.39516167,-124.6909867,0,0
"MFU","52193","382","d10","1","Tarletonbeania crenularis",0,"37-5",40.39516167,-124.6909867,0,0
"MFU","52193","382","d10","1","Tarletonbeania crenularis",0,"37-5",40.39516167,-124.6909867,0,0
"MFU","52193","382","d10","1","Thaleichthys pacificus",0,"37-5",40.39516167,-124.6909867,0,0
"MFU","52193","382","d10","1","Trachurus symmetricus",0,"37-5",40.39516167,-124.6909867,0,0
"MFU","52193","382","d10","1","Trachurus symmetricus",37498,"37-5",40.39516167,-124.6909867,0,0
"MFU","52193","392","d10","1","Clupea pallasii",0,"37-4",40.39651833,-124.5772267,50,50
"MFU","52193","392","d10","1","Engraulis mordax",0,"37-4",40.39651833,-124.5772267,50,50
"MFU","52193","392","d10","1","Leuroglossus stilbius",1379,"37-4",40.39651833,-124.5772267,50,50
"MFU","52193","392","d10","1","Merluccius productus",0,"37-4",40.39651833,-124.5772267,50,50
"MFU","52193","392","d10","1","Merluccius productus",1880,"37-4",40.39651833,-124.5772267,50,50
"MFU","52193","392","d10","1","Microstomus pacificus",0,"37-4",40.39651833,-124.5772267,50,50
"MFU","52193","392","d10","1","Sardinops sagax",0,"37-4",40.39651833,-124.5772267,50,50
"MFU","52193","392","d10","1","Scomber japonicus",0,"37-4",40.39651833,-124.5772267,50,50
"MFU","52193","392","d10","1","Sebastes entomelas",0,"37-4",40.39651833,-124.5772267,50,50
"MFU","52193","392","d10","1","Stenobrachius leucopsarus",0,"37-4",40.39651833,-124.5772267,50,50
"MFU","52193","392","d10","1","Stenobrachius leucopsarus",0,"37-4",40.39651833,-124.5772267,50,50
"MFU","52193","392","d10","1","Tactostoma macropus",0,"37-4",40.39651833,-124.5772267,50,50
"MFU","52193","392","d10","1","Tarletonbeania crenularis",0,"37-4",40.39651833,-124.5772267,50,50
"MFU","52193","392","d10","1","Tarletonbeania crenularis",0,"37-4",40.39651833,-124.5772267,50,50
"MFU","52193","392","d10","1","Thaleichthys pacificus",0,"37-4",40.39651833,-124.5772267,50,50
"MFU","52193","392","d10","1","Trachurus symmetricus",0,"37-4",40.39651833,-124.5772267,50,50
"MFU","52193","392","d10","1","Trachurus symmetricus",554,"37-4",40.39651833,-124.5772267,50,50
"MFU","52193","394","d20","1","Clupea pallasii",0,"37-4",40.39651833,-124.5772267,0,0
"MFU","52193","394","d20","1","Engraulis mordax",0,"37-4",40.39651833,-124.5772267,0,0
"MFU","52193","394","d20","1","Leuroglossus stilbius",0,"37-4",40.39651833,-124.5772267,0,0
"MFU","52193","394","d20","1","Merluccius productus",0,"37-4",40.39651833,-124.5772267,0,0
"MFU","52193","394","d20","1","Merluccius productus",2057,"37-4",40.39651833,-124.5772267,0,0
"MFU","52193","394","d20","1","Microstomus pacificus",0,"37-4",40.39651833,-124.5772267,0,0
"MFU","52193","394","d20","1","Sardinops sagax",0,"37-4",40.39651833,-124.5772267,0,0
"MFU","52193","394","d20","1","Scomber japonicus",1665,"37-4",40.39651833,-124.5772267,0,0
"MFU","52193","394","d20","1","Sebastes entomelas",0,"37-4",40.39651833,-124.5772267,0,0
"MFU","52193","394","d20","1","Stenobrachius leucopsarus",0,"37-4",40.39651833,-124.5772267,0,0
"MFU","52193","394","d20","1","Stenobrachius leucopsarus",0,"37-4",40.39651833,-124.5772267,0,0
"MFU","52193","394","d20","1","Tactostoma macropus",0,"37-4",40.39651833,-124.5772267,0,0
"MFU","52193","394","d20","1","Tarletonbeania crenularis",0,"37-4",40.39651833,-124.5772267,0,0
"MFU","52193","394","d20","1","Tarletonbeania crenularis",0,"37-4",40.39651833,-124.5772267,0,0
"MFU","52193","394","d20","1","Thaleichthys pacificus",0,"37-4",40.39651833,-124.5772267,0,0
"MFU","52193","394","d20","1","Trachurus symmetricus",0,"37-4",40.39651833,-124.5772267,0,0
"MFU","52193","394","d20","1","Trachurus symmetricus",6731,"37-4",40.39651833,-124.5772267,0,0
"MFU","52193","40","d10","1","Clupea pallasii",0,"25-4",38.39212,-123.6252383,50,50
"MFU","52193","40","d10","1","Engraulis mordax",53320,"25-4",38.39212,-123.6252383,50,50
"MFU","52193","40","d10","1","Leuroglossus stilbius",0,"25-4",38.39212,-123.6252383,50,50
"MFU","52193","40","d10","1","Merluccius productus",0,"25-4",38.39212,-123.6252383,50,50
"MFU","52193","40","d10","1","Merluccius productus",4241,"25-4",38.39212,-123.6252383,50,50
"MFU","52193","40","d10","1","Microstomus pacificus",0,"25-4",38.39212,-123.6252383,50,50
"MFU","52193","40","d10","1","Sardinops sagax",0,"25-4",38.39212,-123.6252383,50,50
"MFU","52193","40","d10","1","Scomber japonicus",0,"25-4",38.39212,-123.6252383,50,50
"MFU","52193","40","d10","1","Sebastes entomelas",0,"25-4",38.39212,-123.6252383,50,50
"MFU","52193","40","d10","1","Stenobrachius leucopsarus",0,"25-4",38.39212,-123.6252383,50,50
"MFU","52193","40","d10","1","Stenobrachius leucopsarus",4801,"25-4",38.39212,-123.6252383,50,50
"MFU","52193","40","d10","1","Tactostoma macropus",0,"25-4",38.39212,-123.6252383,50,50
"MFU","52193","40","d10","1","Tarletonbeania crenularis",0,"25-4",38.39212,-123.6252383,50,50
"MFU","52193","40","d10","1","Tarletonbeania crenularis",0,"25-4",38.39212,-123.6252383,50,50
"MFU","52193","40","d10","1","Thaleichthys pacificus",0,"25-4",38.39212,-123.6252383,50,50
"MFU","52193","40","d10","1","Trachurus symmetricus",0,"25-4",38.39212,-123.6252383,50,50
"MFU","52193","40","d10","1","Trachurus symmetricus",0,"25-4",38.39212,-123.6252383,50,50
"MFU","52193","400","d10","1","Clupea pallasii",0,"37-2",40.39806333,-124.5435133,50,50
"MFU","52193","400","d10","1","Engraulis mordax",0,"37-2",40.39806333,-124.5435133,50,50
"MFU","52193","400","d10","1","Leuroglossus stilbius",0,"37-2",40.39806333,-124.5435133,50,50
"MFU","52193","400","d10","1","Merluccius productus",2503,"37-2",40.39806333,-124.5435133,50,50
"MFU","52193","400","d10","1","Merluccius productus",14786,"37-2",40.39806333,-124.5435133,50,50
"MFU","52193","400","d10","1","Microstomus pacificus",0,"37-2",40.39806333,-124.5435133,50,50
"MFU","52193","400","d10","1","Sardinops sagax",0,"37-2",40.39806333,-124.5435133,50,50
"MFU","52193","400","d10","1","Scomber japonicus",0,"37-2",40.39806333,-124.5435133,50,50
"MFU","52193","400","d10","1","Sebastes entomelas",0,"37-2",40.39806333,-124.5435133,50,50
"MFU","52193","400","d10","1","Stenobrachius leucopsarus",0,"37-2",40.39806333,-124.5435133,50,50
"MFU","52193","400","d10","1","Stenobrachius leucopsarus",0,"37-2",40.39806333,-124.5435133,50,50
"MFU","52193","400","d10","1","Tactostoma macropus",0,"37-2",40.39806333,-124.5435133,50,50
"MFU","52193","400","d10","1","Tarletonbeania crenularis",0,"37-2",40.39806333,-124.5435133,50,50
"MFU","52193","400","d10","1","Tarletonbeania crenularis",0,"37-2",40.39806333,-124.5435133,50,50
"MFU","52193","400","d10","1","Thaleichthys pacificus",0,"37-2",40.39806333,-124.5435133,50,50
"MFU","52193","400","d10","1","Trachurus symmetricus",0,"37-2",40.39806333,-124.5435133,50,50
"MFU","52193","400","d10","1","Trachurus symmetricus",1820,"37-2",40.39806333,-124.5435133,50,50
"MFU","52193","402","d10","1","Clupea pallasii",0,"37-2",40.39806333,-124.5435133,0,0
"MFU","52193","402","d10","1","Engraulis mordax",0,"37-2",40.39806333,-124.5435133,0,0
"MFU","52193","402","d10","1","Leuroglossus stilbius",0,"37-2",40.39806333,-124.5435133,0,0
"MFU","52193","402","d10","1","Merluccius productus",0,"37-2",40.39806333,-124.5435133,0,0
"MFU","52193","402","d10","1","Merluccius productus",0,"37-2",40.39806333,-124.5435133,0,0
"MFU","52193","402","d10","1","Microstomus pacificus",0,"37-2",40.39806333,-124.5435133,0,0
"MFU","52193","402","d10","1","Sardinops sagax",0,"37-2",40.39806333,-124.5435133,0,0
"MFU","52193","402","d10","1","Scomber japonicus",0,"37-2",40.39806333,-124.5435133,0,0
"MFU","52193","402","d10","1","Sebastes entomelas",0,"37-2",40.39806333,-124.5435133,0,0
"MFU","52193","402","d10","1","Stenobrachius leucopsarus",0,"37-2",40.39806333,-124.5435133,0,0
"MFU","52193","402","d10","1","Stenobrachius leucopsarus",0,"37-2",40.39806333,-124.5435133,0,0
"MFU","52193","402","d10","1","Tactostoma macropus",0,"37-2",40.39806333,-124.5435133,0,0
"MFU","52193","402","d10","1","Tarletonbeania crenularis",0,"37-2",40.39806333,-124.5435133,0,0
"MFU","52193","402","d10","1","Tarletonbeania crenularis",0,"37-2",40.39806333,-124.5435133,0,0
"MFU","52193","402","d10","1","Thaleichthys pacificus",0,"37-2",40.39806333,-124.5435133,0,0
"MFU","52193","402","d10","1","Trachurus symmetricus",0,"37-2",40.39806333,-124.5435133,0,0
"MFU","52193","402","d10","1","Trachurus symmetricus",35375,"37-2",40.39806333,-124.5435133,0,0
"MFU","52193","403","d10","1","Clupea pallasii",0,"37-2",40.39806333,-124.5435133,0,0
"MFU","52193","403","d10","1","Engraulis mordax",0,"37-2",40.39806333,-124.5435133,0,0
"MFU","52193","403","d10","1","Leuroglossus stilbius",0,"37-2",40.39806333,-124.5435133,0,0
"MFU","52193","403","d10","1","Merluccius productus",0,"37-2",40.39806333,-124.5435133,0,0
"MFU","52193","403","d10","1","Merluccius productus",141338,"37-2",40.39806333,-124.5435133,0,0
"MFU","52193","403","d10","1","Microstomus pacificus",0,"37-2",40.39806333,-124.5435133,0,0
"MFU","52193","403","d10","1","Sardinops sagax",64942,"37-2",40.39806333,-124.5435133,0,0
"MFU","52193","403","d10","1","Scomber japonicus",8544,"37-2",40.39806333,-124.5435133,0,0
"MFU","52193","403","d10","1","Sebastes entomelas",0,"37-2",40.39806333,-124.5435133,0,0
"MFU","52193","403","d10","1","Stenobrachius leucopsarus",0,"37-2",40.39806333,-124.5435133,0,0
"MFU","52193","403","d10","1","Stenobrachius leucopsarus",0,"37-2",40.39806333,-124.5435133,0,0
"MFU","52193","403","d10","1","Tactostoma macropus",0,"37-2",40.39806333,-124.5435133,0,0
"MFU","52193","403","d10","1","Tarletonbeania crenularis",0,"37-2",40.39806333,-124.5435133,0,0
"MFU","52193","403","d10","1","Tarletonbeania crenularis",7870,"37-2",40.39806333,-124.5435133,0,0
"MFU","52193","403","d10","1","Thaleichthys pacificus",0,"37-2",40.39806333,-124.5435133,0,0
"MFU","52193","403","d10","1","Trachurus symmetricus",0,"37-2",40.39806333,-124.5435133,0,0
"MFU","52193","403","d10","1","Trachurus symmetricus",0,"37-2",40.39806333,-124.5435133,0,0
"MFU","52193","408","d1","1","Clupea pallasii",0,"37-1",40.3966,-124.447735,0,0
"MFU","52193","408","d1","1","Engraulis mordax",0,"37-1",40.3966,-124.447735,0,0
"MFU","52193","408","d1","1","Leuroglossus stilbius",0,"37-1",40.3966,-124.447735,0,0
"MFU","52193","408","d1","1","Merluccius productus",0,"37-1",40.3966,-124.447735,0,0
"MFU","52193","408","d1","1","Merluccius productus",0,"37-1",40.3966,-124.447735,0,0
"MFU","52193","408","d1","1","Microstomus pacificus",0,"37-1",40.3966,-124.447735,0,0
"MFU","52193","408","d1","1","Sardinops sagax",0,"37-1",40.3966,-124.447735,0,0
"MFU","52193","408","d1","1","Scomber japonicus",0,"37-1",40.3966,-124.447735,0,0
"MFU","52193","408","d1","1","Sebastes entomelas",0,"37-1",40.3966,-124.447735,0,0
"MFU","52193","408","d1","1","Stenobrachius leucopsarus",0,"37-1",40.3966,-124.447735,0,0
"MFU","52193","408","d1","1","Stenobrachius leucopsarus",0,"37-1",40.3966,-124.447735,0,0
"MFU","52193","408","d1","1","Tactostoma macropus",0,"37-1",40.3966,-124.447735,0,0
"MFU","52193","408","d1","1","Tarletonbeania crenularis",0,"37-1",40.3966,-124.447735,0,0
"MFU","52193","408","d1","1","Tarletonbeania crenularis",1,"37-1",40.3966,-124.447735,0,0
"MFU","52193","408","d1","1","Thaleichthys pacificus",0,"37-1",40.3966,-124.447735,0,0
"MFU","52193","408","d1","1","Trachurus symmetricus",0,"37-1",40.3966,-124.447735,0,0
"MFU","52193","408","d1","1","Trachurus symmetricus",0,"37-1",40.3966,-124.447735,0,0
"MFU","52193","408","d10","1","Clupea pallasii",0,"37-1",40.3966,-124.447735,0,0
"MFU","52193","408","d10","1","Engraulis mordax",0,"37-1",40.3966,-124.447735,0,0
"MFU","52193","408","d10","1","Leuroglossus stilbius",0,"37-1",40.3966,-124.447735,0,0
"MFU","52193","408","d10","1","Merluccius productus",0,"37-1",40.3966,-124.447735,0,0
"MFU","52193","408","d10","1","Merluccius productus",0,"37-1",40.3966,-124.447735,0,0
"MFU","52193","408","d10","1","Microstomus pacificus",0,"37-1",40.3966,-124.447735,0,0
"MFU","52193","408","d10","1","Sardinops sagax",0,"37-1",40.3966,-124.447735,0,0
"MFU","52193","408","d10","1","Scomber japonicus",0,"37-1",40.3966,-124.447735,0,0
"MFU","52193","408","d10","1","Sebastes entomelas",0,"37-1",40.3966,-124.447735,0,0
"MFU","52193","408","d10","1","Stenobrachius leucopsarus",0,"37-1",40.3966,-124.447735,0,0
"MFU","52193","408","d10","1","Stenobrachius leucopsarus",0,"37-1",40.3966,-124.447735,0,0
"MFU","52193","408","d10","1","Tactostoma macropus",0,"37-1",40.3966,-124.447735,0,0
"MFU","52193","408","d10","1","Tarletonbeania crenularis",0,"37-1",40.3966,-124.447735,0,0
"MFU","52193","408","d10","1","Tarletonbeania crenularis",0,"37-1",40.3966,-124.447735,0,0
"MFU","52193","408","d10","1","Thaleichthys pacificus",0,"37-1",40.3966,-124.447735,0,0
"MFU","52193","408","d10","1","Trachurus symmetricus",0,"37-1",40.3966,-124.447735,0,0
"MFU","52193","408","d10","1","Trachurus symmetricus",0,"37-1",40.3966,-124.447735,0,0
"MFU","52193","418","d10","1","Clupea pallasii",0,"38-1",40.56358833,-124.452305,0,0
"MFU","52193","418","d10","1","Engraulis mordax",0,"38-1",40.56358833,-124.452305,0,0
"MFU","52193","418","d10","1","Leuroglossus stilbius",0,"38-1",40.56358833,-124.452305,0,0
"MFU","52193","418","d10","1","Merluccius productus",0,"38-1",40.56358833,-124.452305,0,0
"MFU","52193","418","d10","1","Merluccius productus",1488,"38-1",40.56358833,-124.452305,0,0
"MFU","52193","418","d10","1","Microstomus pacificus",0,"38-1",40.56358833,-124.452305,0,0
"MFU","52193","418","d10","1","Sardinops sagax",0,"38-1",40.56358833,-124.452305,0,0
"MFU","52193","418","d10","1","Scomber japonicus",0,"38-1",40.56358833,-124.452305,0,0
"MFU","52193","418","d10","1","Sebastes entomelas",0,"38-1",40.56358833,-124.452305,0,0
"MFU","52193","418","d10","1","Stenobrachius leucopsarus",0,"38-1",40.56358833,-124.452305,0,0
"MFU","52193","418","d10","1","Stenobrachius leucopsarus",0,"38-1",40.56358833,-124.452305,0,0
"MFU","52193","418","d10","1","Tactostoma macropus",0,"38-1",40.56358833,-124.452305,0,0
"MFU","52193","418","d10","1","Tarletonbeania crenularis",0,"38-1",40.56358833,-124.452305,0,0
"MFU","52193","418","d10","1","Tarletonbeania crenularis",0,"38-1",40.56358833,-124.452305,0,0
"MFU","52193","418","d10","1","Thaleichthys pacificus",0,"38-1",40.56358833,-124.452305,0,0
"MFU","52193","418","d10","1","Trachurus symmetricus",0,"38-1",40.56358833,-124.452305,0,0
"MFU","52193","418","d10","1","Trachurus symmetricus",14823,"38-1",40.56358833,-124.452305,0,0
"MFU","52193","419","d1","1","Clupea pallasii",0,"38-2",40.5655825,-124.7830292,500,500
"MFU","52193","419","d1","1","Engraulis mordax",0,"38-2",40.5655825,-124.7830292,500,500
"MFU","52193","419","d1","1","Leuroglossus stilbius",0,"38-2",40.5655825,-124.7830292,500,500
"MFU","52193","419","d1","1","Merluccius productus",9116,"38-2",40.5655825,-124.7830292,500,500
"MFU","52193","419","d1","1","Merluccius productus",318103,"38-2",40.5655825,-124.7830292,500,500
"MFU","52193","419","d1","1","Microstomus pacificus",0,"38-2",40.5655825,-124.7830292,500,500
"MFU","52193","419","d1","1","Sardinops sagax",1683,"38-2",40.5655825,-124.7830292,500,500
"MFU","52193","419","d1","1","Scomber japonicus",0,"38-2",40.5655825,-124.7830292,500,500
"MFU","52193","419","d1","1","Sebastes entomelas",0,"38-2",40.5655825,-124.7830292,500,500
"MFU","52193","419","d1","1","Stenobrachius leucopsarus",0,"38-2",40.5655825,-124.7830292,500,500
"MFU","52193","419","d1","1","Stenobrachius leucopsarus",5999,"38-2",40.5655825,-124.7830292,500,500
"MFU","52193","419","d1","1","Tactostoma macropus",0,"38-2",40.5655825,-124.7830292,500,500
"MFU","52193","419","d1","1","Tarletonbeania crenularis",0,"38-2",40.5655825,-124.7830292,500,500
"MFU","52193","419","d1","1","Tarletonbeania crenularis",0,"38-2",40.5655825,-124.7830292,500,500
"MFU","52193","419","d1","1","Thaleichthys pacificus",0,"38-2",40.5655825,-124.7830292,500,500
"MFU","52193","419","d1","1","Trachurus symmetricus",0,"38-2",40.5655825,-124.7830292,500,500
"MFU","52193","419","d1","1","Trachurus symmetricus",2014,"38-2",40.5655825,-124.7830292,500,500
"MFU","52193","42","d1","1","Clupea pallasii",0,"25-4",38.39212,-123.6252383,0,0
"MFU","52193","42","d1","1","Engraulis mordax",45429,"25-4",38.39212,-123.6252383,0,0
"MFU","52193","42","d1","1","Leuroglossus stilbius",0,"25-4",38.39212,-123.6252383,0,0
"MFU","52193","42","d1","1","Merluccius productus",0,"25-4",38.39212,-123.6252383,0,0
"MFU","52193","42","d1","1","Merluccius productus",0,"25-4",38.39212,-123.6252383,0,0
"MFU","52193","42","d1","1","Microstomus pacificus",0,"25-4",38.39212,-123.6252383,0,0
"MFU","52193","42","d1","1","Sardinops sagax",0,"25-4",38.39212,-123.6252383,0,0
"MFU","52193","42","d1","1","Scomber japonicus",0,"25-4",38.39212,-123.6252383,0,0
"MFU","52193","42","d1","1","Sebastes entomelas",0,"25-4",38.39212,-123.6252383,0,0
"MFU","52193","42","d1","1","Stenobrachius leucopsarus",0,"25-4",38.39212,-123.6252383,0,0
"MFU","52193","42","d1","1","Stenobrachius leucopsarus",0,"25-4",38.39212,-123.6252383,0,0
"MFU","52193","42","d1","1","Tactostoma macropus",0,"25-4",38.39212,-123.6252383,0,0
"MFU","52193","42","d1","1","Tarletonbeania crenularis",0,"25-4",38.39212,-123.6252383,0,0
"MFU","52193","42","d1","1","Tarletonbeania crenularis",0,"25-4",38.39212,-123.6252383,0,0
"MFU","52193","42","d1","1","Thaleichthys pacificus",0,"25-4",38.39212,-123.6252383,0,0
"MFU","52193","42","d1","1","Trachurus symmetricus",0,"25-4",38.39212,-123.6252383,0,0
"MFU","52193","42","d1","1","Trachurus symmetricus",0,"25-4",38.39212,-123.6252383,0,0
"MFU","52193","421","d1","1","Clupea pallasii",0,"38-2",40.5655825,-124.7830292,300,300
"MFU","52193","421","d1","1","Engraulis mordax",0,"38-2",40.5655825,-124.7830292,300,300
"MFU","52193","421","d1","1","Leuroglossus stilbius",0,"38-2",40.5655825,-124.7830292,300,300
"MFU","52193","421","d1","1","Merluccius productus",3393,"38-2",40.5655825,-124.7830292,300,300
"MFU","52193","421","d1","1","Merluccius productus",40742,"38-2",40.5655825,-124.7830292,300,300
"MFU","52193","421","d1","1","Microstomus pacificus",0,"38-2",40.5655825,-124.7830292,300,300
"MFU","52193","421","d1","1","Sardinops sagax",0,"38-2",40.5655825,-124.7830292,300,300
"MFU","52193","421","d1","1","Scomber japonicus",0,"38-2",40.5655825,-124.7830292,300,300
"MFU","52193","421","d1","1","Sebastes entomelas",0,"38-2",40.5655825,-124.7830292,300,300
"MFU","52193","421","d1","1","Stenobrachius leucopsarus",0,"38-2",40.5655825,-124.7830292,300,300
"MFU","52193","421","d1","1","Stenobrachius leucopsarus",4112,"38-2",40.5655825,-124.7830292,300,300
"MFU","52193","421","d1","1","Tactostoma macropus",0,"38-2",40.5655825,-124.7830292,300,300
"MFU","52193","421","d1","1","Tarletonbeania crenularis",0,"38-2",40.5655825,-124.7830292,300,300
"MFU","52193","421","d1","1","Tarletonbeania crenularis",1037,"38-2",40.5655825,-124.7830292,300,300
"MFU","52193","421","d1","1","Thaleichthys pacificus",0,"38-2",40.5655825,-124.7830292,300,300
"MFU","52193","421","d1","1","Trachurus symmetricus",0,"38-2",40.5655825,-124.7830292,300,300
"MFU","52193","421","d1","1","Trachurus symmetricus",1227,"38-2",40.5655825,-124.7830292,300,300
"MFU","52193","423","d1","1","Clupea pallasii",0,"38-2",40.5655825,-124.7830292,150,150
"MFU","52193","423","d1","1","Engraulis mordax",0,"38-2",40.5655825,-124.7830292,150,150
"MFU","52193","423","d1","1","Leuroglossus stilbius",0,"38-2",40.5655825,-124.7830292,150,150
"MFU","52193","423","d1","1","Merluccius productus",227,"38-2",40.5655825,-124.7830292,150,150
"MFU","52193","423","d1","1","Merluccius productus",1909,"38-2",40.5655825,-124.7830292,150,150
"MFU","52193","423","d1","1","Microstomus pacificus",0,"38-2",40.5655825,-124.7830292,150,150
"MFU","52193","423","d1","1","Sardinops sagax",124,"38-2",40.5655825,-124.7830292,150,150
"MFU","52193","423","d1","1","Scomber japonicus",0,"38-2",40.5655825,-124.7830292,150,150
"MFU","52193","423","d1","1","Sebastes entomelas",0,"38-2",40.5655825,-124.7830292,150,150
"MFU","52193","423","d1","1","Stenobrachius leucopsarus",0,"38-2",40.5655825,-124.7830292,150,150
"MFU","52193","423","d1","1","Stenobrachius leucopsarus",1607,"38-2",40.5655825,-124.7830292,150,150
"MFU","52193","423","d1","1","Tactostoma macropus",0,"38-2",40.5655825,-124.7830292,150,150
"MFU","52193","423","d1","1","Tarletonbeania crenularis",0,"38-2",40.5655825,-124.7830292,150,150
"MFU","52193","423","d1","1","Tarletonbeania crenularis",0,"38-2",40.5655825,-124.7830292,150,150
"MFU","52193","423","d1","1","Thaleichthys pacificus",0,"38-2",40.5655825,-124.7830292,150,150
"MFU","52193","423","d1","1","Trachurus symmetricus",0,"38-2",40.5655825,-124.7830292,150,150
"MFU","52193","423","d1","1","Trachurus symmetricus",6051,"38-2",40.5655825,-124.7830292,150,150
"MFU","52193","427","d10","1","Clupea pallasii",0,"38-2",40.5655825,-124.7830292,50,50
"MFU","52193","427","d10","1","Engraulis mordax",0,"38-2",40.5655825,-124.7830292,50,50
"MFU","52193","427","d10","1","Leuroglossus stilbius",0,"38-2",40.5655825,-124.7830292,50,50
"MFU","52193","427","d10","1","Merluccius productus",9213,"38-2",40.5655825,-124.7830292,50,50
"MFU","52193","427","d10","1","Merluccius productus",150973,"38-2",40.5655825,-124.7830292,50,50
"MFU","52193","427","d10","1","Microstomus pacificus",0,"38-2",40.5655825,-124.7830292,50,50
"MFU","52193","427","d10","1","Sardinops sagax",9869,"38-2",40.5655825,-124.7830292,50,50
"MFU","52193","427","d10","1","Scomber japonicus",0,"38-2",40.5655825,-124.7830292,50,50
"MFU","52193","427","d10","1","Sebastes entomelas",0,"38-2",40.5655825,-124.7830292,50,50
"MFU","52193","427","d10","1","Stenobrachius leucopsarus",0,"38-2",40.5655825,-124.7830292,50,50
"MFU","52193","427","d10","1","Stenobrachius leucopsarus",22,"38-2",40.5655825,-124.7830292,50,50
"MFU","52193","427","d10","1","Tactostoma macropus",0,"38-2",40.5655825,-124.7830292,50,50
"MFU","52193","427","d10","1","Tarletonbeania crenularis",0,"38-2",40.5655825,-124.7830292,50,50
"MFU","52193","427","d10","1","Tarletonbeania crenularis",0,"38-2",40.5655825,-124.7830292,50,50
"MFU","52193","427","d10","1","Thaleichthys pacificus",0,"38-2",40.5655825,-124.7830292,50,50
"MFU","52193","427","d10","1","Trachurus symmetricus",0,"38-2",40.5655825,-124.7830292,50,50
"MFU","52193","427","d10","1","Trachurus symmetricus",0,"38-2",40.5655825,-124.7830292,50,50
"MFU","52193","429","d10","1","Clupea pallasii",0,"38-2",40.5655825,-124.7830292,0,0
"MFU","52193","429","d10","1","Engraulis mordax",0,"38-2",40.5655825,-124.7830292,0,0
"MFU","52193","429","d10","1","Leuroglossus stilbius",0,"38-2",40.5655825,-124.7830292,0,0
"MFU","52193","429","d10","1","Merluccius productus",0,"38-2",40.5655825,-124.7830292,0,0
"MFU","52193","429","d10","1","Merluccius productus",0,"38-2",40.5655825,-124.7830292,0,0
"MFU","52193","429","d10","1","Microstomus pacificus",0,"38-2",40.5655825,-124.7830292,0,0
"MFU","52193","429","d10","1","Sardinops sagax",950,"38-2",40.5655825,-124.7830292,0,0
"MFU","52193","429","d10","1","Scomber japonicus",0,"38-2",40.5655825,-124.7830292,0,0
"MFU","52193","429","d10","1","Sebastes entomelas",0,"38-2",40.5655825,-124.7830292,0,0
"MFU","52193","429","d10","1","Stenobrachius leucopsarus",0,"38-2",40.5655825,-124.7830292,0,0
"MFU","52193","429","d10","1","Stenobrachius leucopsarus",0,"38-2",40.5655825,-124.7830292,0,0
"MFU","52193","429","d10","1","Tactostoma macropus",0,"38-2",40.5655825,-124.7830292,0,0
"MFU","52193","429","d10","1","Tarletonbeania crenularis",0,"38-2",40.5655825,-124.7830292,0,0
"MFU","52193","429","d10","1","Tarletonbeania crenularis",0,"38-2",40.5655825,-124.7830292,0,0
"MFU","52193","429","d10","1","Thaleichthys pacificus",0,"38-2",40.5655825,-124.7830292,0,0
"MFU","52193","429","d10","1","Trachurus symmetricus",0,"38-2",40.5655825,-124.7830292,0,0
"MFU","52193","429","d10","1","Trachurus symmetricus",3377,"38-2",40.5655825,-124.7830292,0,0
"MFU","52193","431","d1","1","Clupea pallasii",0,"38-3",40.561005,-125.1123733,500,500
"MFU","52193","431","d1","1","Engraulis mordax",0,"38-3",40.561005,-125.1123733,500,500
"MFU","52193","431","d1","1","Leuroglossus stilbius",0,"38-3",40.561005,-125.1123733,500,500
"MFU","52193","431","d1","1","Merluccius productus",1754,"38-3",40.561005,-125.1123733,500,500
"MFU","52193","431","d1","1","Merluccius productus",3808,"38-3",40.561005,-125.1123733,500,500
"MFU","52193","431","d1","1","Microstomus pacificus",0,"38-3",40.561005,-125.1123733,500,500
"MFU","52193","431","d1","1","Sardinops sagax",0,"38-3",40.561005,-125.1123733,500,500
"MFU","52193","431","d1","1","Scomber japonicus",707,"38-3",40.561005,-125.1123733,500,500
"MFU","52193","431","d1","1","Sebastes entomelas",0,"38-3",40.561005,-125.1123733,500,500
"MFU","52193","431","d1","1","Stenobrachius leucopsarus",0,"38-3",40.561005,-125.1123733,500,500
"MFU","52193","431","d1","1","Stenobrachius leucopsarus",412,"38-3",40.561005,-125.1123733,500,500
"MFU","52193","431","d1","1","Tactostoma macropus",0,"38-3",40.561005,-125.1123733,500,500
"MFU","52193","431","d1","1","Tarletonbeania crenularis",0,"38-3",40.561005,-125.1123733,500,500
"MFU","52193","431","d1","1","Tarletonbeania crenularis",0,"38-3",40.561005,-125.1123733,500,500
"MFU","52193","431","d1","1","Thaleichthys pacificus",0,"38-3",40.561005,-125.1123733,500,500
"MFU","52193","431","d1","1","Trachurus symmetricus",0,"38-3",40.561005,-125.1123733,500,500
"MFU","52193","431","d1","1","Trachurus symmetricus",684,"38-3",40.561005,-125.1123733,500,500
"MFU","52193","433","d1","1","Clupea pallasii",0,"38-3",40.561005,-125.1123733,300,300
"MFU","52193","433","d1","1","Engraulis mordax",0,"38-3",40.561005,-125.1123733,300,300
"MFU","52193","433","d1","1","Leuroglossus stilbius",0,"38-3",40.561005,-125.1123733,300,300
"MFU","52193","433","d1","1","Merluccius productus",0,"38-3",40.561005,-125.1123733,300,300
"MFU","52193","433","d1","1","Merluccius productus",31367,"38-3",40.561005,-125.1123733,300,300
"MFU","52193","433","d1","1","Microstomus pacificus",0,"38-3",40.561005,-125.1123733,300,300
"MFU","52193","433","d1","1","Sardinops sagax",0,"38-3",40.561005,-125.1123733,300,300
"MFU","52193","433","d1","1","Scomber japonicus",0,"38-3",40.561005,-125.1123733,300,300
"MFU","52193","433","d1","1","Sebastes entomelas",0,"38-3",40.561005,-125.1123733,300,300
"MFU","52193","433","d1","1","Stenobrachius leucopsarus",0,"38-3",40.561005,-125.1123733,300,300
"MFU","52193","433","d1","1","Stenobrachius leucopsarus",3038,"38-3",40.561005,-125.1123733,300,300
"MFU","52193","433","d1","1","Tactostoma macropus",0,"38-3",40.561005,-125.1123733,300,300
"MFU","52193","433","d1","1","Tarletonbeania crenularis",0,"38-3",40.561005,-125.1123733,300,300
"MFU","52193","433","d1","1","Tarletonbeania crenularis",0,"38-3",40.561005,-125.1123733,300,300
"MFU","52193","433","d1","1","Thaleichthys pacificus",0,"38-3",40.561005,-125.1123733,300,300
"MFU","52193","433","d1","1","Trachurus symmetricus",0,"38-3",40.561005,-125.1123733,300,300
"MFU","52193","433","d1","1","Trachurus symmetricus",0,"38-3",40.561005,-125.1123733,300,300
"MFU","52193","435","d1","1","Clupea pallasii",0,"38-3",40.561005,-125.1123733,150,150
"MFU","52193","435","d1","1","Engraulis mordax",0,"38-3",40.561005,-125.1123733,150,150
"MFU","52193","435","d1","1","Leuroglossus stilbius",0,"38-3",40.561005,-125.1123733,150,150
"MFU","52193","435","d1","1","Merluccius productus",5708,"38-3",40.561005,-125.1123733,150,150
"MFU","52193","435","d1","1","Merluccius productus",76324,"38-3",40.561005,-125.1123733,150,150
"MFU","52193","435","d1","1","Microstomus pacificus",0,"38-3",40.561005,-125.1123733,150,150
"MFU","52193","435","d1","1","Sardinops sagax",6570,"38-3",40.561005,-125.1123733,150,150
"MFU","52193","435","d1","1","Scomber japonicus",19635,"38-3",40.561005,-125.1123733,150,150
"MFU","52193","435","d1","1","Sebastes entomelas",0,"38-3",40.561005,-125.1123733,150,150
"MFU","52193","435","d1","1","Stenobrachius leucopsarus",0,"38-3",40.561005,-125.1123733,150,150
"MFU","52193","435","d1","1","Stenobrachius leucopsarus",8500,"38-3",40.561005,-125.1123733,150,150
"MFU","52193","435","d1","1","Tactostoma macropus",0,"38-3",40.561005,-125.1123733,150,150
"MFU","52193","435","d1","1","Tarletonbeania crenularis",0,"38-3",40.561005,-125.1123733,150,150
"MFU","52193","435","d1","1","Tarletonbeania crenularis",0,"38-3",40.561005,-125.1123733,150,150
"MFU","52193","435","d1","1","Thaleichthys pacificus",0,"38-3",40.561005,-125.1123733,150,150
"MFU","52193","435","d1","1","Trachurus symmetricus",0,"38-3",40.561005,-125.1123733,150,150
"MFU","52193","435","d1","1","Trachurus symmetricus",30915,"38-3",40.561005,-125.1123733,150,150
"MFU","52193","439","d1","1","Clupea pallasii",0,"38-3",40.561005,-125.1123733,50,50
"MFU","52193","439","d1","1","Engraulis mordax",0,"38-3",40.561005,-125.1123733,50,50
"MFU","52193","439","d1","1","Leuroglossus stilbius",0,"38-3",40.561005,-125.1123733,50,50
"MFU","52193","439","d1","1","Merluccius productus",0,"38-3",40.561005,-125.1123733,50,50
"MFU","52193","439","d1","1","Merluccius productus",19737,"38-3",40.561005,-125.1123733,50,50
"MFU","52193","439","d1","1","Microstomus pacificus",0,"38-3",40.561005,-125.1123733,50,50
"MFU","52193","439","d1","1","Sardinops sagax",9050,"38-3",40.561005,-125.1123733,50,50
"MFU","52193","439","d1","1","Scomber japonicus",0,"38-3",40.561005,-125.1123733,50,50
"MFU","52193","439","d1","1","Sebastes entomelas",0,"38-3",40.561005,-125.1123733,50,50
"MFU","52193","439","d1","1","Stenobrachius leucopsarus",0,"38-3",40.561005,-125.1123733,50,50
"MFU","52193","439","d1","1","Stenobrachius leucopsarus",2830,"38-3",40.561005,-125.1123733,50,50
"MFU","52193","439","d1","1","Tactostoma macropus",0,"38-3",40.561005,-125.1123733,50,50
"MFU","52193","439","d1","1","Tarletonbeania crenularis",0,"38-3",40.561005,-125.1123733,50,50
"MFU","52193","439","d1","1","Tarletonbeania crenularis",2468,"38-3",40.561005,-125.1123733,50,50
"MFU","52193","439","d1","1","Thaleichthys pacificus",0,"38-3",40.561005,-125.1123733,50,50
"MFU","52193","439","d1","1","Trachurus symmetricus",0,"38-3",40.561005,-125.1123733,50,50
"MFU","52193","439","d1","1","Trachurus symmetricus",0,"38-3",40.561005,-125.1123733,50,50
"MFU","52193","441","d5","1","Clupea pallasii",0,"38-3",40.561005,-125.1123733,0,0
"MFU","52193","441","d5","1","Engraulis mordax",0,"38-3",40.561005,-125.1123733,0,0
"MFU","52193","441","d5","1","Leuroglossus stilbius",0,"38-3",40.561005,-125.1123733,0,0
"MFU","52193","441","d5","1","Merluccius productus",0,"38-3",40.561005,-125.1123733,0,0
"MFU","52193","441","d5","1","Merluccius productus",0,"38-3",40.561005,-125.1123733,0,0
"MFU","52193","441","d5","1","Microstomus pacificus",0,"38-3",40.561005,-125.1123733,0,0
"MFU","52193","441","d5","1","Sardinops sagax",35521,"38-3",40.561005,-125.1123733,0,0
"MFU","52193","441","d5","1","Scomber japonicus",0,"38-3",40.561005,-125.1123733,0,0
"MFU","52193","441","d5","1","Sebastes entomelas",0,"38-3",40.561005,-125.1123733,0,0
"MFU","52193","441","d5","1","Stenobrachius leucopsarus",0,"38-3",40.561005,-125.1123733,0,0
"MFU","52193","441","d5","1","Stenobrachius leucopsarus",0,"38-3",40.561005,-125.1123733,0,0
"MFU","52193","441","d5","1","Tactostoma macropus",0,"38-3",40.561005,-125.1123733,0,0
"MFU","52193","441","d5","1","Tarletonbeania crenularis",0,"38-3",40.561005,-125.1123733,0,0
"MFU","52193","441","d5","1","Tarletonbeania crenularis",0,"38-3",40.561005,-125.1123733,0,0
"MFU","52193","441","d5","1","Thaleichthys pacificus",0,"38-3",40.561005,-125.1123733,0,0
"MFU","52193","441","d5","1","Trachurus symmetricus",0,"38-3",40.561005,-125.1123733,0,0
"MFU","52193","441","d5","1","Trachurus symmetricus",2688,"38-3",40.561005,-125.1123733,0,0
"MFU","52193","443","d1","1","Clupea pallasii",0,"38-4",40.56516333,-125.3394233,500,500
"MFU","52193","443","d1","1","Engraulis mordax",0,"38-4",40.56516333,-125.3394233,500,500
"MFU","52193","443","d1","1","Leuroglossus stilbius",0,"38-4",40.56516333,-125.3394233,500,500
"MFU","52193","443","d1","1","Merluccius productus",0,"38-4",40.56516333,-125.3394233,500,500
"MFU","52193","443","d1","1","Merluccius productus",37,"38-4",40.56516333,-125.3394233,500,500
"MFU","52193","443","d1","1","Microstomus pacificus",0,"38-4",40.56516333,-125.3394233,500,500
"MFU","52193","443","d1","1","Sardinops sagax",11184,"38-4",40.56516333,-125.3394233,500,500
"MFU","52193","443","d1","1","Scomber japonicus",0,"38-4",40.56516333,-125.3394233,500,500
"MFU","52193","443","d1","1","Sebastes entomelas",0,"38-4",40.56516333,-125.3394233,500,500
"MFU","52193","443","d1","1","Stenobrachius leucopsarus",0,"38-4",40.56516333,-125.3394233,500,500
"MFU","52193","443","d1","1","Stenobrachius leucopsarus",0,"38-4",40.56516333,-125.3394233,500,500
"MFU","52193","443","d1","1","Tactostoma macropus",0,"38-4",40.56516333,-125.3394233,500,500
"MFU","52193","443","d1","1","Tarletonbeania crenularis",0,"38-4",40.56516333,-125.3394233,500,500
"MFU","52193","443","d1","1","Tarletonbeania crenularis",0,"38-4",40.56516333,-125.3394233,500,500
"MFU","52193","443","d1","1","Thaleichthys pacificus",0,"38-4",40.56516333,-125.3394233,500,500
"MFU","52193","443","d1","1","Trachurus symmetricus",0,"38-4",40.56516333,-125.3394233,500,500
"MFU","52193","443","d1","1","Trachurus symmetricus",0,"38-4",40.56516333,-125.3394233,500,500
"MFU","52193","445","d1","1","Clupea pallasii",0,"38-4",40.56516333,-125.3394233,300,300
"MFU","52193","445","d1","1","Engraulis mordax",0,"38-4",40.56516333,-125.3394233,300,300
"MFU","52193","445","d1","1","Leuroglossus stilbius",0,"38-4",40.56516333,-125.3394233,300,300
"MFU","52193","445","d1","1","Merluccius productus",8954,"38-4",40.56516333,-125.3394233,300,300
"MFU","52193","445","d1","1","Merluccius productus",94884,"38-4",40.56516333,-125.3394233,300,300
"MFU","52193","445","d1","1","Microstomus pacificus",0,"38-4",40.56516333,-125.3394233,300,300
"MFU","52193","445","d1","1","Sardinops sagax",0,"38-4",40.56516333,-125.3394233,300,300
"MFU","52193","445","d1","1","Scomber japonicus",8714,"38-4",40.56516333,-125.3394233,300,300
"MFU","52193","445","d1","1","Sebastes entomelas",0,"38-4",40.56516333,-125.3394233,300,300
"MFU","52193","445","d1","1","Stenobrachius leucopsarus",0,"38-4",40.56516333,-125.3394233,300,300
"MFU","52193","445","d1","1","Stenobrachius leucopsarus",12358,"38-4",40.56516333,-125.3394233,300,300
"MFU","52193","445","d1","1","Tactostoma macropus",0,"38-4",40.56516333,-125.3394233,300,300
"MFU","52193","445","d1","1","Tarletonbeania crenularis",0,"38-4",40.56516333,-125.3394233,300,300
"MFU","52193","445","d1","1","Tarletonbeania crenularis",0,"38-4",40.56516333,-125.3394233,300,300
"MFU","52193","445","d1","1","Thaleichthys pacificus",0,"38-4",40.56516333,-125.3394233,300,300
"MFU","52193","445","d1","1","Trachurus symmetricus",0,"38-4",40.56516333,-125.3394233,300,300
"MFU","52193","445","d1","1","Trachurus symmetricus",0,"38-4",40.56516333,-125.3394233,300,300
"MFU","52193","447","d10","1","Clupea pallasii",0,"38-4",40.56516333,-125.3394233,150,150
"MFU","52193","447","d10","1","Engraulis mordax",0,"38-4",40.56516333,-125.3394233,150,150
"MFU","52193","447","d10","1","Leuroglossus stilbius",0,"38-4",40.56516333,-125.3394233,150,150
"MFU","52193","447","d10","1","Merluccius productus",0,"38-4",40.56516333,-125.3394233,150,150
"MFU","52193","447","d10","1","Merluccius productus",32020,"38-4",40.56516333,-125.3394233,150,150
"MFU","52193","447","d10","1","Microstomus pacificus",0,"38-4",40.56516333,-125.3394233,150,150
"MFU","52193","447","d10","1","Sardinops sagax",0,"38-4",40.56516333,-125.3394233,150,150
"MFU","52193","447","d10","1","Scomber japonicus",0,"38-4",40.56516333,-125.3394233,150,150
"MFU","52193","447","d10","1","Sebastes entomelas",0,"38-4",40.56516333,-125.3394233,150,150
"MFU","52193","447","d10","1","Stenobrachius leucopsarus",0,"38-4",40.56516333,-125.3394233,150,150
"MFU","52193","447","d10","1","Stenobrachius leucopsarus",0,"38-4",40.56516333,-125.3394233,150,150
"MFU","52193","447","d10","1","Tactostoma macropus",0,"38-4",40.56516333,-125.3394233,150,150
"MFU","52193","447","d10","1","Tarletonbeania crenularis",0,"38-4",40.56516333,-125.3394233,150,150
"MFU","52193","447","d10","1","Tarletonbeania crenularis",0,"38-4",40.56516333,-125.3394233,150,150
"MFU","52193","447","d10","1","Thaleichthys pacificus",0,"38-4",40.56516333,-125.3394233,150,150
"MFU","52193","447","d10","1","Trachurus symmetricus",0,"38-4",40.56516333,-125.3394233,150,150
"MFU","52193","447","d10","1","Trachurus symmetricus",0,"38-4",40.56516333,-125.3394233,150,150
"MFU","52193","451","d1","1","Clupea pallasii",0,"38-4",40.56516333,-125.3394233,50,50
"MFU","52193","451","d1","1","Engraulis mordax",0,"38-4",40.56516333,-125.3394233,50,50
"MFU","52193","451","d1","1","Leuroglossus stilbius",0,"38-4",40.56516333,-125.3394233,50,50
"MFU","52193","451","d1","1","Merluccius productus",0,"38-4",40.56516333,-125.3394233,50,50
"MFU","52193","451","d1","1","Merluccius productus",13578,"38-4",40.56516333,-125.3394233,50,50
"MFU","52193","451","d1","1","Microstomus pacificus",0,"38-4",40.56516333,-125.3394233,50,50
"MFU","52193","451","d1","1","Sardinops sagax",46864,"38-4",40.56516333,-125.3394233,50,50
"MFU","52193","451","d1","1","Scomber japonicus",0,"38-4",40.56516333,-125.3394233,50,50
"MFU","52193","451","d1","1","Sebastes entomelas",0,"38-4",40.56516333,-125.3394233,50,50
"MFU","52193","451","d1","1","Stenobrachius leucopsarus",0,"38-4",40.56516333,-125.3394233,50,50
"MFU","52193","451","d1","1","Stenobrachius leucopsarus",31443,"38-4",40.56516333,-125.3394233,50,50
"MFU","52193","451","d1","1","Tactostoma macropus",0,"38-4",40.56516333,-125.3394233,50,50
"MFU","52193","451","d1","1","Tarletonbeania crenularis",0,"38-4",40.56516333,-125.3394233,50,50
"MFU","52193","451","d1","1","Tarletonbeania crenularis",26533,"38-4",40.56516333,-125.3394233,50,50
"MFU","52193","451","d1","1","Thaleichthys pacificus",0,"38-4",40.56516333,-125.3394233,50,50
"MFU","52193","451","d1","1","Trachurus symmetricus",0,"38-4",40.56516333,-125.3394233,50,50
"MFU","52193","451","d1","1","Trachurus symmetricus",0,"38-4",40.56516333,-125.3394233,50,50
"MFU","52193","453","d10","1","Clupea pallasii",0,"38-4",40.56516333,-125.3394233,0,0
"MFU","52193","453","d10","1","Engraulis mordax",0,"38-4",40.56516333,-125.3394233,0,0
"MFU","52193","453","d10","1","Leuroglossus stilbius",0,"38-4",40.56516333,-125.3394233,0,0
"MFU","52193","453","d10","1","Merluccius productus",0,"38-4",40.56516333,-125.3394233,0,0
"MFU","52193","453","d10","1","Merluccius productus",0,"38-4",40.56516333,-125.3394233,0,0
"MFU","52193","453","d10","1","Microstomus pacificus",0,"38-4",40.56516333,-125.3394233,0,0
"MFU","52193","453","d10","1","Sardinops sagax",88953,"38-4",40.56516333,-125.3394233,0,0
"MFU","52193","453","d10","1","Scomber japonicus",903,"38-4",40.56516333,-125.3394233,0,0
"MFU","52193","453","d10","1","Sebastes entomelas",0,"38-4",40.56516333,-125.3394233,0,0
"MFU","52193","453","d10","1","Stenobrachius leucopsarus",0,"38-4",40.56516333,-125.3394233,0,0
"MFU","52193","453","d10","1","Stenobrachius leucopsarus",0,"38-4",40.56516333,-125.3394233,0,0
"MFU","52193","453","d10","1","Tactostoma macropus",0,"38-4",40.56516333,-125.3394233,0,0
"MFU","52193","453","d10","1","Tarletonbeania crenularis",0,"38-4",40.56516333,-125.3394233,0,0
"MFU","52193","453","d10","1","Tarletonbeania crenularis",0,"38-4",40.56516333,-125.3394233,0,0
"MFU","52193","453","d10","1","Thaleichthys pacificus",0,"38-4",40.56516333,-125.3394233,0,0
"MFU","52193","453","d10","1","Trachurus symmetricus",0,"38-4",40.56516333,-125.3394233,0,0
"MFU","52193","453","d10","1","Trachurus symmetricus",1495,"38-4",40.56516333,-125.3394233,0,0
"MFU","52193","460","d10","1","Clupea pallasii",532,"39-1",40.72985,-124.3734867,0,0
"MFU","52193","460","d10","1","Engraulis mordax",0,"39-1",40.72985,-124.3734867,0,0
"MFU","52193","460","d10","1","Leuroglossus stilbius",0,"39-1",40.72985,-124.3734867,0,0
"MFU","52193","460","d10","1","Merluccius productus",1956,"39-1",40.72985,-124.3734867,0,0
"MFU","52193","460","d10","1","Merluccius productus",3749,"39-1",40.72985,-124.3734867,0,0
"MFU","52193","460","d10","1","Microstomus pacificus",0,"39-1",40.72985,-124.3734867,0,0
"MFU","52193","460","d10","1","Sardinops sagax",2353,"39-1",40.72985,-124.3734867,0,0
"MFU","52193","460","d10","1","Scomber japonicus",0,"39-1",40.72985,-124.3734867,0,0
"MFU","52193","460","d10","1","Sebastes entomelas",0,"39-1",40.72985,-124.3734867,0,0
"MFU","52193","460","d10","1","Stenobrachius leucopsarus",0,"39-1",40.72985,-124.3734867,0,0
"MFU","52193","460","d10","1","Stenobrachius leucopsarus",292,"39-1",40.72985,-124.3734867,0,0
"MFU","52193","460","d10","1","Tactostoma macropus",0,"39-1",40.72985,-124.3734867,0,0
"MFU","52193","460","d10","1","Tarletonbeania crenularis",0,"39-1",40.72985,-124.3734867,0,0
"MFU","52193","460","d10","1","Tarletonbeania crenularis",0,"39-1",40.72985,-124.3734867,0,0
"MFU","52193","460","d10","1","Thaleichthys pacificus",0,"39-1",40.72985,-124.3734867,0,0
"MFU","52193","460","d10","1","Trachurus symmetricus",0,"39-1",40.72985,-124.3734867,0,0
"MFU","52193","460","d10","1","Trachurus symmetricus",0,"39-1",40.72985,-124.3734867,0,0
"MFU","52193","461","d10","1","Clupea pallasii",0,"39-1",40.72985,-124.3734867,0,0
"MFU","52193","461","d10","1","Engraulis mordax",0,"39-1",40.72985,-124.3734867,0,0
"MFU","52193","461","d10","1","Leuroglossus stilbius",0,"39-1",40.72985,-124.3734867,0,0
"MFU","52193","461","d10","1","Merluccius productus",0,"39-1",40.72985,-124.3734867,0,0
"MFU","52193","461","d10","1","Merluccius productus",0,"39-1",40.72985,-124.3734867,0,0
"MFU","52193","461","d10","1","Microstomus pacificus",0,"39-1",40.72985,-124.3734867,0,0
"MFU","52193","461","d10","1","Sardinops sagax",667782,"39-1",40.72985,-124.3734867,0,0
"MFU","52193","461","d10","1","Scomber japonicus",20664,"39-1",40.72985,-124.3734867,0,0
"MFU","52193","461","d10","1","Sebastes entomelas",0,"39-1",40.72985,-124.3734867,0,0
"MFU","52193","461","d10","1","Stenobrachius leucopsarus",0,"39-1",40.72985,-124.3734867,0,0
"MFU","52193","461","d10","1","Stenobrachius leucopsarus",0,"39-1",40.72985,-124.3734867,0,0
"MFU","52193","461","d10","1","Tactostoma macropus",5864,"39-1",40.72985,-124.3734867,0,0
"MFU","52193","461","d10","1","Tarletonbeania crenularis",0,"39-1",40.72985,-124.3734867,0,0
"MFU","52193","461","d10","1","Tarletonbeania crenularis",13498,"39-1",40.72985,-124.3734867,0,0
"MFU","52193","461","d10","1","Thaleichthys pacificus",0,"39-1",40.72985,-124.3734867,0,0
"MFU","52193","461","d10","1","Trachurus symmetricus",0,"39-1",40.72985,-124.3734867,0,0
"MFU","52193","461","d10","1","Trachurus symmetricus",25735,"39-1",40.72985,-124.3734867,0,0
"MFU","52193","469","d10","1","Clupea pallasii",0,"39-2",40.73203833,-124.4885933,50,50
"MFU","52193","469","d10","1","Engraulis mordax",0,"39-2",40.73203833,-124.4885933,50,50
"MFU","52193","469","d10","1","Leuroglossus stilbius",0,"39-2",40.73203833,-124.4885933,50,50
"MFU","52193","469","d10","1","Merluccius productus",0,"39-2",40.73203833,-124.4885933,50,50
"MFU","52193","469","d10","1","Merluccius productus",0,"39-2",40.73203833,-124.4885933,50,50
"MFU","52193","469","d10","1","Microstomus pacificus",0,"39-2",40.73203833,-124.4885933,50,50
"MFU","52193","469","d10","1","Sardinops sagax",0,"39-2",40.73203833,-124.4885933,50,50
"MFU","52193","469","d10","1","Scomber japonicus",0,"39-2",40.73203833,-124.4885933,50,50
"MFU","52193","469","d10","1","Sebastes entomelas",0,"39-2",40.73203833,-124.4885933,50,50
"MFU","52193","469","d10","1","Stenobrachius leucopsarus",0,"39-2",40.73203833,-124.4885933,50,50
"MFU","52193","469","d10","1","Stenobrachius leucopsarus",0,"39-2",40.73203833,-124.4885933,50,50
"MFU","52193","469","d10","1","Tactostoma macropus",0,"39-2",40.73203833,-124.4885933,50,50
"MFU","52193","469","d10","1","Tarletonbeania crenularis",0,"39-2",40.73203833,-124.4885933,50,50
"MFU","52193","469","d10","1","Tarletonbeania crenularis",0,"39-2",40.73203833,-124.4885933,50,50
"MFU","52193","469","d10","1","Thaleichthys pacificus",0,"39-2",40.73203833,-124.4885933,50,50
"MFU","52193","469","d10","1","Trachurus symmetricus",0,"39-2",40.73203833,-124.4885933,50,50
"MFU","52193","469","d10","1","Trachurus symmetricus",930,"39-2",40.73203833,-124.4885933,50,50
"MFU","52193","470","d5","1","Clupea pallasii",0,"39-2",40.73203833,-124.4885933,0,0
"MFU","52193","470","d5","1","Engraulis mordax",0,"39-2",40.73203833,-124.4885933,0,0
"MFU","52193","470","d5","1","Leuroglossus stilbius",0,"39-2",40.73203833,-124.4885933,0,0
"MFU","52193","470","d5","1","Merluccius productus",0,"39-2",40.73203833,-124.4885933,0,0
"MFU","52193","470","d5","1","Merluccius productus",0,"39-2",40.73203833,-124.4885933,0,0
"MFU","52193","470","d5","1","Microstomus pacificus",0,"39-2",40.73203833,-124.4885933,0,0
"MFU","52193","470","d5","1","Sardinops sagax",0,"39-2",40.73203833,-124.4885933,0,0
"MFU","52193","470","d5","1","Scomber japonicus",0,"39-2",40.73203833,-124.4885933,0,0
"MFU","52193","470","d5","1","Sebastes entomelas",0,"39-2",40.73203833,-124.4885933,0,0
"MFU","52193","470","d5","1","Stenobrachius leucopsarus",0,"39-2",40.73203833,-124.4885933,0,0
"MFU","52193","470","d5","1","Stenobrachius leucopsarus",0,"39-2",40.73203833,-124.4885933,0,0
"MFU","52193","470","d5","1","Tactostoma macropus",0,"39-2",40.73203833,-124.4885933,0,0
"MFU","52193","470","d5","1","Tarletonbeania crenularis",0,"39-2",40.73203833,-124.4885933,0,0
"MFU","52193","470","d5","1","Tarletonbeania crenularis",0,"39-2",40.73203833,-124.4885933,0,0
"MFU","52193","470","d5","1","Thaleichthys pacificus",0,"39-2",40.73203833,-124.4885933,0,0
"MFU","52193","470","d5","1","Trachurus symmetricus",0,"39-2",40.73203833,-124.4885933,0,0
"MFU","52193","470","d5","1","Trachurus symmetricus",32421,"39-2",40.73203833,-124.4885933,0,0
"MFU","52193","48","d10","1","Clupea pallasii",0,"25-2",38.39422833,-123.4501533,50,50
"MFU","52193","48","d10","1","Engraulis mordax",61964,"25-2",38.39422833,-123.4501533,50,50
"MFU","52193","48","d10","1","Leuroglossus stilbius",0,"25-2",38.39422833,-123.4501533,50,50
"MFU","52193","48","d10","1","Merluccius productus",8044,"25-2",38.39422833,-123.4501533,50,50
"MFU","52193","48","d10","1","Merluccius productus",15319,"25-2",38.39422833,-123.4501533,50,50
"MFU","52193","48","d10","1","Microstomus pacificus",0,"25-2",38.39422833,-123.4501533,50,50
"MFU","52193","48","d10","1","Sardinops sagax",0,"25-2",38.39422833,-123.4501533,50,50
"MFU","52193","48","d10","1","Scomber japonicus",0,"25-2",38.39422833,-123.4501533,50,50
"MFU","52193","48","d10","1","Sebastes entomelas",0,"25-2",38.39422833,-123.4501533,50,50
"MFU","52193","48","d10","1","Stenobrachius leucopsarus",0,"25-2",38.39422833,-123.4501533,50,50
"MFU","52193","48","d10","1","Stenobrachius leucopsarus",0,"25-2",38.39422833,-123.4501533,50,50
"MFU","52193","48","d10","1","Tactostoma macropus",0,"25-2",38.39422833,-123.4501533,50,50
"MFU","52193","48","d10","1","Tarletonbeania crenularis",0,"25-2",38.39422833,-123.4501533,50,50
"MFU","52193","48","d10","1","Tarletonbeania crenularis",0,"25-2",38.39422833,-123.4501533,50,50
"MFU","52193","48","d10","1","Thaleichthys pacificus",0,"25-2",38.39422833,-123.4501533,50,50
"MFU","52193","48","d10","1","Trachurus symmetricus",0,"25-2",38.39422833,-123.4501533,50,50
"MFU","52193","48","d10","1","Trachurus symmetricus",0,"25-2",38.39422833,-123.4501533,50,50
"MFU","52193","486","d20","1","Clupea pallasii",0,"39-5",40.73091833,-124.6617817,50,50
"MFU","52193","486","d20","1","Engraulis mordax",0,"39-5",40.73091833,-124.6617817,50,50
"MFU","52193","486","d20","1","Leuroglossus stilbius",0,"39-5",40.73091833,-124.6617817,50,50
"MFU","52193","486","d20","1","Merluccius productus",9895,"39-5",40.73091833,-124.6617817,50,50
"MFU","52193","486","d20","1","Merluccius productus",23569,"39-5",40.73091833,-124.6617817,50,50
"MFU","52193","486","d20","1","Microstomus pacificus",0,"39-5",40.73091833,-124.6617817,50,50
"MFU","52193","486","d20","1","Sardinops sagax",0,"39-5",40.73091833,-124.6617817,50,50
"MFU","52193","486","d20","1","Scomber japonicus",0,"39-5",40.73091833,-124.6617817,50,50
"MFU","52193","486","d20","1","Sebastes entomelas",0,"39-5",40.73091833,-124.6617817,50,50
"MFU","52193","486","d20","1","Stenobrachius leucopsarus",0,"39-5",40.73091833,-124.6617817,50,50
"MFU","52193","486","d20","1","Stenobrachius leucopsarus",0,"39-5",40.73091833,-124.6617817,50,50
"MFU","52193","486","d20","1","Tactostoma macropus",0,"39-5",40.73091833,-124.6617817,50,50
"MFU","52193","486","d20","1","Tarletonbeania crenularis",0,"39-5",40.73091833,-124.6617817,50,50
"MFU","52193","486","d20","1","Tarletonbeania crenularis",0,"39-5",40.73091833,-124.6617817,50,50
"MFU","52193","486","d20","1","Thaleichthys pacificus",0,"39-5",40.73091833,-124.6617817,50,50
"MFU","52193","486","d20","1","Trachurus symmetricus",0,"39-5",40.73091833,-124.6617817,50,50
"MFU","52193","486","d20","1","Trachurus symmetricus",0,"39-5",40.73091833,-124.6617817,50,50
"MFU","52193","488","d10","1","Clupea pallasii",0,"39-5",40.73091833,-124.6617817,0,0
"MFU","52193","488","d10","1","Engraulis mordax",0,"39-5",40.73091833,-124.6617817,0,0
"MFU","52193","488","d10","1","Leuroglossus stilbius",0,"39-5",40.73091833,-124.6617817,0,0
"MFU","52193","488","d10","1","Merluccius productus",0,"39-5",40.73091833,-124.6617817,0,0
"MFU","52193","488","d10","1","Merluccius productus",1813,"39-5",40.73091833,-124.6617817,0,0
"MFU","52193","488","d10","1","Microstomus pacificus",0,"39-5",40.73091833,-124.6617817,0,0
"MFU","52193","488","d10","1","Sardinops sagax",0,"39-5",40.73091833,-124.6617817,0,0
"MFU","52193","488","d10","1","Scomber japonicus",0,"39-5",40.73091833,-124.6617817,0,0
"MFU","52193","488","d10","1","Sebastes entomelas",0,"39-5",40.73091833,-124.6617817,0,0
"MFU","52193","488","d10","1","Stenobrachius leucopsarus",0,"39-5",40.73091833,-124.6617817,0,0
"MFU","52193","488","d10","1","Stenobrachius leucopsarus",0,"39-5",40.73091833,-124.6617817,0,0
"MFU","52193","488","d10","1","Tactostoma macropus",0,"39-5",40.73091833,-124.6617817,0,0
"MFU","52193","488","d10","1","Tarletonbeania crenularis",0,"39-5",40.73091833,-124.6617817,0,0
"MFU","52193","488","d10","1","Tarletonbeania crenularis",0,"39-5",40.73091833,-124.6617817,0,0
"MFU","52193","488","d10","1","Thaleichthys pacificus",0,"39-5",40.73091833,-124.6617817,0,0
"MFU","52193","488","d10","1","Trachurus symmetricus",0,"39-5",40.73091833,-124.6617817,0,0
"MFU","52193","488","d10","1","Trachurus symmetricus",562,"39-5",40.73091833,-124.6617817,0,0
"MFU","52193","498","d10","1","Clupea pallasii",0,"39-7",40.73095167,-124.8794483,50,50
"MFU","52193","498","d10","1","Engraulis mordax",0,"39-7",40.73095167,-124.8794483,50,50
"MFU","52193","498","d10","1","Leuroglossus stilbius",0,"39-7",40.73095167,-124.8794483,50,50
"MFU","52193","498","d10","1","Merluccius productus",36307,"39-7",40.73095167,-124.8794483,50,50
"MFU","52193","498","d10","1","Merluccius productus",102485,"39-7",40.73095167,-124.8794483,50,50
"MFU","52193","498","d10","1","Microstomus pacificus",0,"39-7",40.73095167,-124.8794483,50,50
"MFU","52193","498","d10","1","Sardinops sagax",0,"39-7",40.73095167,-124.8794483,50,50
"MFU","52193","498","d10","1","Scomber japonicus",0,"39-7",40.73095167,-124.8794483,50,50
"MFU","52193","498","d10","1","Sebastes entomelas",0,"39-7",40.73095167,-124.8794483,50,50
"MFU","52193","498","d10","1","Stenobrachius leucopsarus",0,"39-7",40.73095167,-124.8794483,50,50
"MFU","52193","498","d10","1","Stenobrachius leucopsarus",0,"39-7",40.73095167,-124.8794483,50,50
"MFU","52193","498","d10","1","Tactostoma macropus",0,"39-7",40.73095167,-124.8794483,50,50
"MFU","52193","498","d10","1","Tarletonbeania crenularis",0,"39-7",40.73095167,-124.8794483,50,50
"MFU","52193","498","d10","1","Tarletonbeania crenularis",0,"39-7",40.73095167,-124.8794483,50,50
"MFU","52193","498","d10","1","Thaleichthys pacificus",0,"39-7",40.73095167,-124.8794483,50,50
"MFU","52193","498","d10","1","Trachurus symmetricus",0,"39-7",40.73095167,-124.8794483,50,50
"MFU","52193","498","d10","1","Trachurus symmetricus",0,"39-7",40.73095167,-124.8794483,50,50
"MFU","52193","50","d10","1","Clupea pallasii",0,"25-2",38.39422833,-123.4501533,0,0
"MFU","52193","50","d10","1","Engraulis mordax",87010,"25-2",38.39422833,-123.4501533,0,0
"MFU","52193","50","d10","1","Leuroglossus stilbius",0,"25-2",38.39422833,-123.4501533,0,0
"MFU","52193","50","d10","1","Merluccius productus",0,"25-2",38.39422833,-123.4501533,0,0
"MFU","52193","50","d10","1","Merluccius productus",0,"25-2",38.39422833,-123.4501533,0,0
"MFU","52193","50","d10","1","Microstomus pacificus",0,"25-2",38.39422833,-123.4501533,0,0
"MFU","52193","50","d10","1","Sardinops sagax",0,"25-2",38.39422833,-123.4501533,0,0
"MFU","52193","50","d10","1","Scomber japonicus",0,"25-2",38.39422833,-123.4501533,0,0
"MFU","52193","50","d10","1","Sebastes entomelas",0,"25-2",38.39422833,-123.4501533,0,0
"MFU","52193","50","d10","1","Stenobrachius leucopsarus",0,"25-2",38.39422833,-123.4501533,0,0
"MFU","52193","50","d10","1","Stenobrachius leucopsarus",0,"25-2",38.39422833,-123.4501533,0,0
"MFU","52193","50","d10","1","Tactostoma macropus",0,"25-2",38.39422833,-123.4501533,0,0
"MFU","52193","50","d10","1","Tarletonbeania crenularis",0,"25-2",38.39422833,-123.4501533,0,0
"MFU","52193","50","d10","1","Tarletonbeania crenularis",0,"25-2",38.39422833,-123.4501533,0,0
"MFU","52193","50","d10","1","Thaleichthys pacificus",0,"25-2",38.39422833,-123.4501533,0,0
"MFU","52193","50","d10","1","Trachurus symmetricus",0,"25-2",38.39422833,-123.4501533,0,0
"MFU","52193","50","d10","1","Trachurus symmetricus",93878,"25-2",38.39422833,-123.4501533,0,0
"MFU","52193","500","d10","1","Clupea pallasii",0,"39-7",40.73095167,-124.8794483,0,0
"MFU","52193","500","d10","1","Engraulis mordax",0,"39-7",40.73095167,-124.8794483,0,0
"MFU","52193","500","d10","1","Leuroglossus stilbius",0,"39-7",40.73095167,-124.8794483,0,0
"MFU","52193","500","d10","1","Merluccius productus",0,"39-7",40.73095167,-124.8794483,0,0
"MFU","52193","500","d10","1","Merluccius productus",0,"39-7",40.73095167,-124.8794483,0,0
"MFU","52193","500","d10","1","Microstomus pacificus",0,"39-7",40.73095167,-124.8794483,0,0
"MFU","52193","500","d10","1","Sardinops sagax",7855,"39-7",40.73095167,-124.8794483,0,0
"MFU","52193","500","d10","1","Scomber japonicus",8434,"39-7",40.73095167,-124.8794483,0,0
"MFU","52193","500","d10","1","Sebastes entomelas",0,"39-7",40.73095167,-124.8794483,0,0
"MFU","52193","500","d10","1","Stenobrachius leucopsarus",0,"39-7",40.73095167,-124.8794483,0,0
"MFU","52193","500","d10","1","Stenobrachius leucopsarus",0,"39-7",40.73095167,-124.8794483,0,0
"MFU","52193","500","d10","1","Tactostoma macropus",0,"39-7",40.73095167,-124.8794483,0,0
"MFU","52193","500","d10","1","Tarletonbeania crenularis",0,"39-7",40.73095167,-124.8794483,0,0
"MFU","52193","500","d10","1","Tarletonbeania crenularis",0,"39-7",40.73095167,-124.8794483,0,0
"MFU","52193","500","d10","1","Thaleichthys pacificus",0,"39-7",40.73095167,-124.8794483,0,0
"MFU","52193","500","d10","1","Trachurus symmetricus",0,"39-7",40.73095167,-124.8794483,0,0
"MFU","52193","500","d10","1","Trachurus symmetricus",56800,"39-7",40.73095167,-124.8794483,0,0
"MFU","52193","502","d1","1","Clupea pallasii",0,"39-9",40.72901667,-125.1001667,500,500
"MFU","52193","502","d1","1","Engraulis mordax",0,"39-9",40.72901667,-125.1001667,500,500
"MFU","52193","502","d1","1","Leuroglossus stilbius",0,"39-9",40.72901667,-125.1001667,500,500
"MFU","52193","502","d1","1","Merluccius productus",5596,"39-9",40.72901667,-125.1001667,500,500
"MFU","52193","502","d1","1","Merluccius productus",5836,"39-9",40.72901667,-125.1001667,500,500
"MFU","52193","502","d1","1","Microstomus pacificus",0,"39-9",40.72901667,-125.1001667,500,500
"MFU","52193","502","d1","1","Sardinops sagax",0,"39-9",40.72901667,-125.1001667,500,500
"MFU","52193","502","d1","1","Scomber japonicus",0,"39-9",40.72901667,-125.1001667,500,500
"MFU","52193","502","d1","1","Sebastes entomelas",0,"39-9",40.72901667,-125.1001667,500,500
"MFU","52193","502","d1","1","Stenobrachius leucopsarus",0,"39-9",40.72901667,-125.1001667,500,500
"MFU","52193","502","d1","1","Stenobrachius leucopsarus",4669,"39-9",40.72901667,-125.1001667,500,500
"MFU","52193","502","d1","1","Tactostoma macropus",0,"39-9",40.72901667,-125.1001667,500,500
"MFU","52193","502","d1","1","Tarletonbeania crenularis",0,"39-9",40.72901667,-125.1001667,500,500
"MFU","52193","502","d1","1","Tarletonbeania crenularis",0,"39-9",40.72901667,-125.1001667,500,500
"MFU","52193","502","d1","1","Thaleichthys pacificus",0,"39-9",40.72901667,-125.1001667,500,500
"MFU","52193","502","d1","1","Trachurus symmetricus",0,"39-9",40.72901667,-125.1001667,500,500
"MFU","52193","502","d1","1","Trachurus symmetricus",0,"39-9",40.72901667,-125.1001667,500,500
"MFU","52193","504","d1","1","Clupea pallasii",0,"39-9",40.72901667,-125.1001667,300,300
"MFU","52193","504","d1","1","Engraulis mordax",0,"39-9",40.72901667,-125.1001667,300,300
"MFU","52193","504","d1","1","Leuroglossus stilbius",2671,"39-9",40.72901667,-125.1001667,300,300
"MFU","52193","504","d1","1","Merluccius productus",29666,"39-9",40.72901667,-125.1001667,300,300
"MFU","52193","504","d1","1","Merluccius productus",99373,"39-9",40.72901667,-125.1001667,300,300
"MFU","52193","504","d1","1","Microstomus pacificus",0,"39-9",40.72901667,-125.1001667,300,300
"MFU","52193","504","d1","1","Sardinops sagax",0,"39-9",40.72901667,-125.1001667,300,300
"MFU","52193","504","d1","1","Scomber japonicus",0,"39-9",40.72901667,-125.1001667,300,300
"MFU","52193","504","d1","1","Sebastes entomelas",0,"39-9",40.72901667,-125.1001667,300,300
"MFU","52193","504","d1","1","Stenobrachius leucopsarus",0,"39-9",40.72901667,-125.1001667,300,300
"MFU","52193","504","d1","1","Stenobrachius leucopsarus",4885,"39-9",40.72901667,-125.1001667,300,300
"MFU","52193","504","d1","1","Tactostoma macropus",0,"39-9",40.72901667,-125.1001667,300,300
"MFU","52193","504","d1","1","Tarletonbeania crenularis",0,"39-9",40.72901667,-125.1001667,300,300
"MFU","52193","504","d1","1","Tarletonbeania crenularis",2474,"39-9",40.72901667,-125.1001667,300,300
"MFU","52193","504","d1","1","Thaleichthys pacificus",0,"39-9",40.72901667,-125.1001667,300,300
"MFU","52193","504","d1","1","Trachurus symmetricus",0,"39-9",40.72901667,-125.1001667,300,300
"MFU","52193","504","d1","1","Trachurus symmetricus",5509,"39-9",40.72901667,-125.1001667,300,300
"MFU","52193","506","d1","1","Clupea pallasii",0,"39-9",40.72901667,-125.1001667,150,150
"MFU","52193","506","d1","1","Engraulis mordax",0,"39-9",40.72901667,-125.1001667,150,150
"MFU","52193","506","d1","1","Leuroglossus stilbius",0,"39-9",40.72901667,-125.1001667,150,150
"MFU","52193","506","d1","1","Merluccius productus",9,"39-9",40.72901667,-125.1001667,150,150
"MFU","52193","506","d1","1","Merluccius productus",0,"39-9",40.72901667,-125.1001667,150,150
"MFU","52193","506","d1","1","Microstomus pacificus",0,"39-9",40.72901667,-125.1001667,150,150
"MFU","52193","506","d1","1","Sardinops sagax",0,"39-9",40.72901667,-125.1001667,150,150
"MFU","52193","506","d1","1","Scomber japonicus",0,"39-9",40.72901667,-125.1001667,150,150
"MFU","52193","506","d1","1","Sebastes entomelas",0,"39-9",40.72901667,-125.1001667,150,150
"MFU","52193","506","d1","1","Stenobrachius leucopsarus",0,"39-9",40.72901667,-125.1001667,150,150
"MFU","52193","506","d1","1","Stenobrachius leucopsarus",1690,"39-9",40.72901667,-125.1001667,150,150
"MFU","52193","506","d1","1","Tactostoma macropus",0,"39-9",40.72901667,-125.1001667,150,150
"MFU","52193","506","d1","1","Tarletonbeania crenularis",0,"39-9",40.72901667,-125.1001667,150,150
"MFU","52193","506","d1","1","Tarletonbeania crenularis",0,"39-9",40.72901667,-125.1001667,150,150
"MFU","52193","506","d1","1","Thaleichthys pacificus",0,"39-9",40.72901667,-125.1001667,150,150
"MFU","52193","506","d1","1","Trachurus symmetricus",0,"39-9",40.72901667,-125.1001667,150,150
"MFU","52193","506","d1","1","Trachurus symmetricus",5,"39-9",40.72901667,-125.1001667,150,150
"MFU","52193","506","d10","1","Clupea pallasii",0,"39-9",40.72901667,-125.1001667,150,150
"MFU","52193","506","d10","1","Engraulis mordax",0,"39-9",40.72901667,-125.1001667,150,150
"MFU","52193","506","d10","1","Leuroglossus stilbius",0,"39-9",40.72901667,-125.1001667,150,150
"MFU","52193","506","d10","1","Merluccius productus",0,"39-9",40.72901667,-125.1001667,150,150
"MFU","52193","506","d10","1","Merluccius productus",537,"39-9",40.72901667,-125.1001667,150,150
"MFU","52193","506","d10","1","Microstomus pacificus",0,"39-9",40.72901667,-125.1001667,150,150
"MFU","52193","506","d10","1","Sardinops sagax",0,"39-9",40.72901667,-125.1001667,150,150
"MFU","52193","506","d10","1","Scomber japonicus",0,"39-9",40.72901667,-125.1001667,150,150
"MFU","52193","506","d10","1","Sebastes entomelas",0,"39-9",40.72901667,-125.1001667,150,150
"MFU","52193","506","d10","1","Stenobrachius leucopsarus",0,"39-9",40.72901667,-125.1001667,150,150
"MFU","52193","506","d10","1","Stenobrachius leucopsarus",1190,"39-9",40.72901667,-125.1001667,150,150
"MFU","52193","506","d10","1","Tactostoma macropus",0,"39-9",40.72901667,-125.1001667,150,150
"MFU","52193","506","d10","1","Tarletonbeania crenularis",0,"39-9",40.72901667,-125.1001667,150,150
"MFU","52193","506","d10","1","Tarletonbeania crenularis",0,"39-9",40.72901667,-125.1001667,150,150
"MFU","52193","506","d10","1","Thaleichthys pacificus",0,"39-9",40.72901667,-125.1001667,150,150
"MFU","52193","506","d10","1","Trachurus symmetricus",0,"39-9",40.72901667,-125.1001667,150,150
"MFU","52193","506","d10","1","Trachurus symmetricus",0,"39-9",40.72901667,-125.1001667,150,150
"MFU","52193","510","d10","1","Clupea pallasii",0,"39-9",40.72901667,-125.1001667,50,50
"MFU","52193","510","d10","1","Engraulis mordax",0,"39-9",40.72901667,-125.1001667,50,50
"MFU","52193","510","d10","1","Leuroglossus stilbius",0,"39-9",40.72901667,-125.1001667,50,50
"MFU","52193","510","d10","1","Merluccius productus",0,"39-9",40.72901667,-125.1001667,50,50
"MFU","52193","510","d10","1","Merluccius productus",0,"39-9",40.72901667,-125.1001667,50,50
"MFU","52193","510","d10","1","Microstomus pacificus",0,"39-9",40.72901667,-125.1001667,50,50
"MFU","52193","510","d10","1","Sardinops sagax",0,"39-9",40.72901667,-125.1001667,50,50
"MFU","52193","510","d10","1","Scomber japonicus",0,"39-9",40.72901667,-125.1001667,50,50
"MFU","52193","510","d10","1","Sebastes entomelas",0,"39-9",40.72901667,-125.1001667,50,50
"MFU","52193","510","d10","1","Stenobrachius leucopsarus",0,"39-9",40.72901667,-125.1001667,50,50
"MFU","52193","510","d10","1","Stenobrachius leucopsarus",0,"39-9",40.72901667,-125.1001667,50,50
"MFU","52193","510","d10","1","Tactostoma macropus",0,"39-9",40.72901667,-125.1001667,50,50
"MFU","52193","510","d10","1","Tarletonbeania crenularis",0,"39-9",40.72901667,-125.1001667,50,50
"MFU","52193","510","d10","1","Tarletonbeania crenularis",0,"39-9",40.72901667,-125.1001667,50,50
"MFU","52193","510","d10","1","Thaleichthys pacificus",0,"39-9",40.72901667,-125.1001667,50,50
"MFU","52193","510","d10","1","Trachurus symmetricus",0,"39-9",40.72901667,-125.1001667,50,50
"MFU","52193","510","d10","1","Trachurus symmetricus",0,"39-9",40.72901667,-125.1001667,50,50
"MFU","52193","513","d5","1","Clupea pallasii",0,"39-9",40.72901667,-125.1001667,0,0
"MFU","52193","513","d5","1","Engraulis mordax",0,"39-9",40.72901667,-125.1001667,0,0
"MFU","52193","513","d5","1","Leuroglossus stilbius",0,"39-9",40.72901667,-125.1001667,0,0
"MFU","52193","513","d5","1","Merluccius productus",0,"39-9",40.72901667,-125.1001667,0,0
"MFU","52193","513","d5","1","Merluccius productus",4284,"39-9",40.72901667,-125.1001667,0,0
"MFU","52193","513","d5","1","Microstomus pacificus",0,"39-9",40.72901667,-125.1001667,0,0
"MFU","52193","513","d5","1","Sardinops sagax",45266,"39-9",40.72901667,-125.1001667,0,0
"MFU","52193","513","d5","1","Scomber japonicus",7392,"39-9",40.72901667,-125.1001667,0,0
"MFU","52193","513","d5","1","Sebastes entomelas",0,"39-9",40.72901667,-125.1001667,0,0
"MFU","52193","513","d5","1","Stenobrachius leucopsarus",0,"39-9",40.72901667,-125.1001667,0,0
"MFU","52193","513","d5","1","Stenobrachius leucopsarus",0,"39-9",40.72901667,-125.1001667,0,0
"MFU","52193","513","d5","1","Tactostoma macropus",0,"39-9",40.72901667,-125.1001667,0,0
"MFU","52193","513","d5","1","Tarletonbeania crenularis",0,"39-9",40.72901667,-125.1001667,0,0
"MFU","52193","513","d5","1","Tarletonbeania crenularis",3268,"39-9",40.72901667,-125.1001667,0,0
"MFU","52193","513","d5","1","Thaleichthys pacificus",0,"39-9",40.72901667,-125.1001667,0,0
"MFU","52193","513","d5","1","Trachurus symmetricus",0,"39-9",40.72901667,-125.1001667,0,0
"MFU","52193","513","d5","1","Trachurus symmetricus",12095,"39-9",40.72901667,-125.1001667,0,0
"MFU","52193","515","d1","1","Clupea pallasii",0,"42-4",41.23130333,-124.9554167,500,500
"MFU","52193","515","d1","1","Engraulis mordax",0,"42-4",41.23130333,-124.9554167,500,500
"MFU","52193","515","d1","1","Leuroglossus stilbius",0,"42-4",41.23130333,-124.9554167,500,500
"MFU","52193","515","d1","1","Merluccius productus",0,"42-4",41.23130333,-124.9554167,500,500
"MFU","52193","515","d1","1","Merluccius productus",11052,"42-4",41.23130333,-124.9554167,500,500
"MFU","52193","515","d1","1","Microstomus pacificus",0,"42-4",41.23130333,-124.9554167,500,500
"MFU","52193","515","d1","1","Sardinops sagax",0,"42-4",41.23130333,-124.9554167,500,500
"MFU","52193","515","d1","1","Scomber japonicus",0,"42-4",41.23130333,-124.9554167,500,500
"MFU","52193","515","d1","1","Sebastes entomelas",0,"42-4",41.23130333,-124.9554167,500,500
"MFU","52193","515","d1","1","Stenobrachius leucopsarus",0,"42-4",41.23130333,-124.9554167,500,500
"MFU","52193","515","d1","1","Stenobrachius leucopsarus",18971,"42-4",41.23130333,-124.9554167,500,500
"MFU","52193","515","d1","1","Tactostoma macropus",0,"42-4",41.23130333,-124.9554167,500,500
"MFU","52193","515","d1","1","Tarletonbeania crenularis",0,"42-4",41.23130333,-124.9554167,500,500
"MFU","52193","515","d1","1","Tarletonbeania crenularis",0,"42-4",41.23130333,-124.9554167,500,500
"MFU","52193","515","d1","1","Thaleichthys pacificus",0,"42-4",41.23130333,-124.9554167,500,500
"MFU","52193","515","d1","1","Trachurus symmetricus",0,"42-4",41.23130333,-124.9554167,500,500
"MFU","52193","515","d1","1","Trachurus symmetricus",0,"42-4",41.23130333,-124.9554167,500,500
"MFU","52193","517","d1","1","Clupea pallasii",0,"42-4",41.23130333,-124.9554167,300,300
"MFU","52193","517","d1","1","Engraulis mordax",0,"42-4",41.23130333,-124.9554167,300,300
"MFU","52193","517","d1","1","Leuroglossus stilbius",0,"42-4",41.23130333,-124.9554167,300,300
"MFU","52193","517","d1","1","Merluccius productus",700,"42-4",41.23130333,-124.9554167,300,300
"MFU","52193","517","d1","1","Merluccius productus",1070,"42-4",41.23130333,-124.9554167,300,300
"MFU","52193","517","d1","1","Microstomus pacificus",0,"42-4",41.23130333,-124.9554167,300,300
"MFU","52193","517","d1","1","Sardinops sagax",0,"42-4",41.23130333,-124.9554167,300,300
"MFU","52193","517","d1","1","Scomber japonicus",592,"42-4",41.23130333,-124.9554167,300,300
"MFU","52193","517","d1","1","Sebastes entomelas",0,"42-4",41.23130333,-124.9554167,300,300
"MFU","52193","517","d1","1","Stenobrachius leucopsarus",0,"42-4",41.23130333,-124.9554167,300,300
"MFU","52193","517","d1","1","Stenobrachius leucopsarus",2965,"42-4",41.23130333,-124.9554167,300,300
"MFU","52193","517","d1","1","Tactostoma macropus",0,"42-4",41.23130333,-124.9554167,300,300
"MFU","52193","517","d1","1","Tarletonbeania crenularis",0,"42-4",41.23130333,-124.9554167,300,300
"MFU","52193","517","d1","1","Tarletonbeania crenularis",9264,"42-4",41.23130333,-124.9554167,300,300
"MFU","52193","517","d1","1","Thaleichthys pacificus",0,"42-4",41.23130333,-124.9554167,300,300
"MFU","52193","517","d1","1","Trachurus symmetricus",0,"42-4",41.23130333,-124.9554167,300,300
"MFU","52193","517","d1","1","Trachurus symmetricus",39,"42-4",41.23130333,-124.9554167,300,300
"MFU","52193","519","d1","1","Clupea pallasii",0,"42-4",41.23130333,-124.9554167,150,150
"MFU","52193","519","d1","1","Engraulis mordax",0,"42-4",41.23130333,-124.9554167,150,150
"MFU","52193","519","d1","1","Leuroglossus stilbius",0,"42-4",41.23130333,-124.9554167,150,150
"MFU","52193","519","d1","1","Merluccius productus",0,"42-4",41.23130333,-124.9554167,150,150
"MFU","52193","519","d1","1","Merluccius productus",6983,"42-4",41.23130333,-124.9554167,150,150
"MFU","52193","519","d1","1","Microstomus pacificus",0,"42-4",41.23130333,-124.9554167,150,150
"MFU","52193","519","d1","1","Sardinops sagax",0,"42-4",41.23130333,-124.9554167,150,150
"MFU","52193","519","d1","1","Scomber japonicus",0,"42-4",41.23130333,-124.9554167,150,150
"MFU","52193","519","d1","1","Sebastes entomelas",0,"42-4",41.23130333,-124.9554167,150,150
"MFU","52193","519","d1","1","Stenobrachius leucopsarus",0,"42-4",41.23130333,-124.9554167,150,150
"MFU","52193","519","d1","1","Stenobrachius leucopsarus",0,"42-4",41.23130333,-124.9554167,150,150
"MFU","52193","519","d1","1","Tactostoma macropus",0,"42-4",41.23130333,-124.9554167,150,150
"MFU","52193","519","d1","1","Tarletonbeania crenularis",0,"42-4",41.23130333,-124.9554167,150,150
"MFU","52193","519","d1","1","Tarletonbeania crenularis",0,"42-4",41.23130333,-124.9554167,150,150
"MFU","52193","519","d1","1","Thaleichthys pacificus",0,"42-4",41.23130333,-124.9554167,150,150
"MFU","52193","519","d1","1","Trachurus symmetricus",0,"42-4",41.23130333,-124.9554167,150,150
"MFU","52193","519","d1","1","Trachurus symmetricus",995,"42-4",41.23130333,-124.9554167,150,150
"MFU","52193","523","d1","1","Clupea pallasii",0,"42-4",41.23130333,-124.9554167,50,50
"MFU","52193","523","d1","1","Engraulis mordax",0,"42-4",41.23130333,-124.9554167,50,50
"MFU","52193","523","d1","1","Leuroglossus stilbius",0,"42-4",41.23130333,-124.9554167,50,50
"MFU","52193","523","d1","1","Merluccius productus",0,"42-4",41.23130333,-124.9554167,50,50
"MFU","52193","523","d1","1","Merluccius productus",94033,"42-4",41.23130333,-124.9554167,50,50
"MFU","52193","523","d1","1","Microstomus pacificus",0,"42-4",41.23130333,-124.9554167,50,50
"MFU","52193","523","d1","1","Sardinops sagax",2474,"42-4",41.23130333,-124.9554167,50,50
"MFU","52193","523","d1","1","Scomber japonicus",2327,"42-4",41.23130333,-124.9554167,50,50
"MFU","52193","523","d1","1","Sebastes entomelas",0,"42-4",41.23130333,-124.9554167,50,50
"MFU","52193","523","d1","1","Stenobrachius leucopsarus",0,"42-4",41.23130333,-124.9554167,50,50
"MFU","52193","523","d1","1","Stenobrachius leucopsarus",2988,"42-4",41.23130333,-124.9554167,50,50
"MFU","52193","523","d1","1","Tactostoma macropus",0,"42-4",41.23130333,-124.9554167,50,50
"MFU","52193","523","d1","1","Tarletonbeania crenularis",0,"42-4",41.23130333,-124.9554167,50,50
"MFU","52193","523","d1","1","Tarletonbeania crenularis",5370,"42-4",41.23130333,-124.9554167,50,50
"MFU","52193","523","d1","1","Thaleichthys pacificus",0,"42-4",41.23130333,-124.9554167,50,50
"MFU","52193","523","d1","1","Trachurus symmetricus",0,"42-4",41.23130333,-124.9554167,50,50
"MFU","52193","523","d1","1","Trachurus symmetricus",1196,"42-4",41.23130333,-124.9554167,50,50
"MFU","52193","525","d5","1","Clupea pallasii",0,"42-4",41.23130333,-124.9554167,0,0
"MFU","52193","525","d5","1","Engraulis mordax",0,"42-4",41.23130333,-124.9554167,0,0
"MFU","52193","525","d5","1","Leuroglossus stilbius",0,"42-4",41.23130333,-124.9554167,0,0
"MFU","52193","525","d5","1","Merluccius productus",0,"42-4",41.23130333,-124.9554167,0,0
"MFU","52193","525","d5","1","Merluccius productus",5369,"42-4",41.23130333,-124.9554167,0,0
"MFU","52193","525","d5","1","Microstomus pacificus",0,"42-4",41.23130333,-124.9554167,0,0
"MFU","52193","525","d5","1","Sardinops sagax",96015,"42-4",41.23130333,-124.9554167,0,0
"MFU","52193","525","d5","1","Scomber japonicus",11445,"42-4",41.23130333,-124.9554167,0,0
"MFU","52193","525","d5","1","Sebastes entomelas",0,"42-4",41.23130333,-124.9554167,0,0
"MFU","52193","525","d5","1","Stenobrachius leucopsarus",0,"42-4",41.23130333,-124.9554167,0,0
"MFU","52193","525","d5","1","Stenobrachius leucopsarus",0,"42-4",41.23130333,-124.9554167,0,0
"MFU","52193","525","d5","1","Tactostoma macropus",0,"42-4",41.23130333,-124.9554167,0,0
"MFU","52193","525","d5","1","Tarletonbeania crenularis",0,"42-4",41.23130333,-124.9554167,0,0
"MFU","52193","525","d5","1","Tarletonbeania crenularis",0,"42-4",41.23130333,-124.9554167,0,0
"MFU","52193","525","d5","1","Thaleichthys pacificus",0,"42-4",41.23130333,-124.9554167,0,0
"MFU","52193","525","d5","1","Trachurus symmetricus",0,"42-4",41.23130333,-124.9554167,0,0
"MFU","52193","525","d5","1","Trachurus symmetricus",24756,"42-4",41.23130333,-124.9554167,0,0
"MFU","52193","527","d1","1","Clupea pallasii",0,"42-3",41.22989333,-124.8432383,500,500
"MFU","52193","527","d1","1","Engraulis mordax",0,"42-3",41.22989333,-124.8432383,500,500
"MFU","52193","527","d1","1","Leuroglossus stilbius",0,"42-3",41.22989333,-124.8432383,500,500
"MFU","52193","527","d1","1","Merluccius productus",3126,"42-3",41.22989333,-124.8432383,500,500
"MFU","52193","527","d1","1","Merluccius productus",20403,"42-3",41.22989333,-124.8432383,500,500
"MFU","52193","527","d1","1","Microstomus pacificus",0,"42-3",41.22989333,-124.8432383,500,500
"MFU","52193","527","d1","1","Sardinops sagax",0,"42-3",41.22989333,-124.8432383,500,500
"MFU","52193","527","d1","1","Scomber japonicus",0,"42-3",41.22989333,-124.8432383,500,500
"MFU","52193","527","d1","1","Sebastes entomelas",0,"42-3",41.22989333,-124.8432383,500,500
"MFU","52193","527","d1","1","Stenobrachius leucopsarus",0,"42-3",41.22989333,-124.8432383,500,500
"MFU","52193","527","d1","1","Stenobrachius leucopsarus",9361,"42-3",41.22989333,-124.8432383,500,500
"MFU","52193","527","d1","1","Tactostoma macropus",0,"42-3",41.22989333,-124.8432383,500,500
"MFU","52193","527","d1","1","Tarletonbeania crenularis",0,"42-3",41.22989333,-124.8432383,500,500
"MFU","52193","527","d1","1","Tarletonbeania crenularis",0,"42-3",41.22989333,-124.8432383,500,500
"MFU","52193","527","d1","1","Thaleichthys pacificus",0,"42-3",41.22989333,-124.8432383,500,500
"MFU","52193","527","d1","1","Trachurus symmetricus",0,"42-3",41.22989333,-124.8432383,500,500
"MFU","52193","527","d1","1","Trachurus symmetricus",0,"42-3",41.22989333,-124.8432383,500,500
"MFU","52193","529","d1","1","Clupea pallasii",0,"42-3",41.22989333,-124.8432383,300,300
"MFU","52193","529","d1","1","Engraulis mordax",0,"42-3",41.22989333,-124.8432383,300,300
"MFU","52193","529","d1","1","Leuroglossus stilbius",0,"42-3",41.22989333,-124.8432383,300,300
"MFU","52193","529","d1","1","Merluccius productus",367,"42-3",41.22989333,-124.8432383,300,300
"MFU","52193","529","d1","1","Merluccius productus",4897,"42-3",41.22989333,-124.8432383,300,300
"MFU","52193","529","d1","1","Microstomus pacificus",0,"42-3",41.22989333,-124.8432383,300,300
"MFU","52193","529","d1","1","Sardinops sagax",0,"42-3",41.22989333,-124.8432383,300,300
"MFU","52193","529","d1","1","Scomber japonicus",0,"42-3",41.22989333,-124.8432383,300,300
"MFU","52193","529","d1","1","Sebastes entomelas",0,"42-3",41.22989333,-124.8432383,300,300
"MFU","52193","529","d1","1","Stenobrachius leucopsarus",0,"42-3",41.22989333,-124.8432383,300,300
"MFU","52193","529","d1","1","Stenobrachius leucopsarus",0,"42-3",41.22989333,-124.8432383,300,300
"MFU","52193","529","d1","1","Tactostoma macropus",0,"42-3",41.22989333,-124.8432383,300,300
"MFU","52193","529","d1","1","Tarletonbeania crenularis",0,"42-3",41.22989333,-124.8432383,300,300
"MFU","52193","529","d1","1","Tarletonbeania crenularis",5624,"42-3",41.22989333,-124.8432383,300,300
"MFU","52193","529","d1","1","Thaleichthys pacificus",0,"42-3",41.22989333,-124.8432383,300,300
"MFU","52193","529","d1","1","Trachurus symmetricus",0,"42-3",41.22989333,-124.8432383,300,300
"MFU","52193","529","d1","1","Trachurus symmetricus",0,"42-3",41.22989333,-124.8432383,300,300
"MFU","52193","531","d1","1","Clupea pallasii",0,"42-3",41.22989333,-124.8432383,150,150
"MFU","52193","531","d1","1","Engraulis mordax",0,"42-3",41.22989333,-124.8432383,150,150
"MFU","52193","531","d1","1","Leuroglossus stilbius",0,"42-3",41.22989333,-124.8432383,150,150
"MFU","52193","531","d1","1","Merluccius productus",0,"42-3",41.22989333,-124.8432383,150,150
"MFU","52193","531","d1","1","Merluccius productus",17603,"42-3",41.22989333,-124.8432383,150,150
"MFU","52193","531","d1","1","Microstomus pacificus",0,"42-3",41.22989333,-124.8432383,150,150
"MFU","52193","531","d1","1","Sardinops sagax",15140,"42-3",41.22989333,-124.8432383,150,150
"MFU","52193","531","d1","1","Scomber japonicus",0,"42-3",41.22989333,-124.8432383,150,150
"MFU","52193","531","d1","1","Sebastes entomelas",0,"42-3",41.22989333,-124.8432383,150,150
"MFU","52193","531","d1","1","Stenobrachius leucopsarus",0,"42-3",41.22989333,-124.8432383,150,150
"MFU","52193","531","d1","1","Stenobrachius leucopsarus",31348,"42-3",41.22989333,-124.8432383,150,150
"MFU","52193","531","d1","1","Tactostoma macropus",0,"42-3",41.22989333,-124.8432383,150,150
"MFU","52193","531","d1","1","Tarletonbeania crenularis",0,"42-3",41.22989333,-124.8432383,150,150
"MFU","52193","531","d1","1","Tarletonbeania crenularis",18645,"42-3",41.22989333,-124.8432383,150,150
"MFU","52193","531","d1","1","Thaleichthys pacificus",0,"42-3",41.22989333,-124.8432383,150,150
"MFU","52193","531","d1","1","Trachurus symmetricus",0,"42-3",41.22989333,-124.8432383,150,150
"MFU","52193","531","d1","1","Trachurus symmetricus",0,"42-3",41.22989333,-124.8432383,150,150
"MFU","52193","537","d10","1","Clupea pallasii",0,"42-3",41.22989333,-124.8432383,0,0
"MFU","52193","537","d10","1","Engraulis mordax",0,"42-3",41.22989333,-124.8432383,0,0
"MFU","52193","537","d10","1","Leuroglossus stilbius",0,"42-3",41.22989333,-124.8432383,0,0
"MFU","52193","537","d10","1","Merluccius productus",176,"42-3",41.22989333,-124.8432383,0,0
"MFU","52193","537","d10","1","Merluccius productus",167,"42-3",41.22989333,-124.8432383,0,0
"MFU","52193","537","d10","1","Microstomus pacificus",0,"42-3",41.22989333,-124.8432383,0,0
"MFU","52193","537","d10","1","Sardinops sagax",189542,"42-3",41.22989333,-124.8432383,0,0
"MFU","52193","537","d10","1","Scomber japonicus",248,"42-3",41.22989333,-124.8432383,0,0
"MFU","52193","537","d10","1","Sebastes entomelas",0,"42-3",41.22989333,-124.8432383,0,0
"MFU","52193","537","d10","1","Stenobrachius leucopsarus",0,"42-3",41.22989333,-124.8432383,0,0
"MFU","52193","537","d10","1","Stenobrachius leucopsarus",0,"42-3",41.22989333,-124.8432383,0,0
"MFU","52193","537","d10","1","Tactostoma macropus",178,"42-3",41.22989333,-124.8432383,0,0
"MFU","52193","537","d10","1","Tarletonbeania crenularis",0,"42-3",41.22989333,-124.8432383,0,0
"MFU","52193","537","d10","1","Tarletonbeania crenularis",137,"42-3",41.22989333,-124.8432383,0,0
"MFU","52193","537","d10","1","Thaleichthys pacificus",0,"42-3",41.22989333,-124.8432383,0,0
"MFU","52193","537","d10","1","Trachurus symmetricus",0,"42-3",41.22989333,-124.8432383,0,0
"MFU","52193","537","d10","1","Trachurus symmetricus",148,"42-3",41.22989333,-124.8432383,0,0
"MFU","52193","539","d1","1","Clupea pallasii",0,"42-2",41.23201167,-124.5093483,500,500
"MFU","52193","539","d1","1","Engraulis mordax",0,"42-2",41.23201167,-124.5093483,500,500
"MFU","52193","539","d1","1","Leuroglossus stilbius",0,"42-2",41.23201167,-124.5093483,500,500
"MFU","52193","539","d1","1","Merluccius productus",0,"42-2",41.23201167,-124.5093483,500,500
"MFU","52193","539","d1","1","Merluccius productus",2,"42-2",41.23201167,-124.5093483,500,500
"MFU","52193","539","d1","1","Microstomus pacificus",0,"42-2",41.23201167,-124.5093483,500,500
"MFU","52193","539","d1","1","Sardinops sagax",0,"42-2",41.23201167,-124.5093483,500,500
"MFU","52193","539","d1","1","Scomber japonicus",0,"42-2",41.23201167,-124.5093483,500,500
"MFU","52193","539","d1","1","Sebastes entomelas",0,"42-2",41.23201167,-124.5093483,500,500
"MFU","52193","539","d1","1","Stenobrachius leucopsarus",0,"42-2",41.23201167,-124.5093483,500,500
"MFU","52193","539","d1","1","Stenobrachius leucopsarus",0,"42-2",41.23201167,-124.5093483,500,500
"MFU","52193","539","d1","1","Tactostoma macropus",23911,"42-2",41.23201167,-124.5093483,500,500
"MFU","52193","539","d1","1","Tarletonbeania crenularis",0,"42-2",41.23201167,-124.5093483,500,500
"MFU","52193","539","d1","1","Tarletonbeania crenularis",0,"42-2",41.23201167,-124.5093483,500,500
"MFU","52193","539","d1","1","Thaleichthys pacificus",0,"42-2",41.23201167,-124.5093483,500,500
"MFU","52193","539","d1","1","Trachurus symmetricus",0,"42-2",41.23201167,-124.5093483,500,500
"MFU","52193","539","d1","1","Trachurus symmetricus",0,"42-2",41.23201167,-124.5093483,500,500
"MFU","52193","541","d1","1","Clupea pallasii",0,"42-2",41.23201167,-124.5093483,300,300
"MFU","52193","541","d1","1","Engraulis mordax",0,"42-2",41.23201167,-124.5093483,300,300
"MFU","52193","541","d1","1","Leuroglossus stilbius",0,"42-2",41.23201167,-124.5093483,300,300
"MFU","52193","541","d1","1","Merluccius productus",1476,"42-2",41.23201167,-124.5093483,300,300
"MFU","52193","541","d1","1","Merluccius productus",8388,"42-2",41.23201167,-124.5093483,300,300
"MFU","52193","541","d1","1","Microstomus pacificus",0,"42-2",41.23201167,-124.5093483,300,300
"MFU","52193","541","d1","1","Sardinops sagax",4858,"42-2",41.23201167,-124.5093483,300,300
"MFU","52193","541","d1","1","Scomber japonicus",2850,"42-2",41.23201167,-124.5093483,300,300
"MFU","52193","541","d1","1","Sebastes entomelas",0,"42-2",41.23201167,-124.5093483,300,300
"MFU","52193","541","d1","1","Stenobrachius leucopsarus",0,"42-2",41.23201167,-124.5093483,300,300
"MFU","52193","541","d1","1","Stenobrachius leucopsarus",0,"42-2",41.23201167,-124.5093483,300,300
"MFU","52193","541","d1","1","Tactostoma macropus",0,"42-2",41.23201167,-124.5093483,300,300
"MFU","52193","541","d1","1","Tarletonbeania crenularis",0,"42-2",41.23201167,-124.5093483,300,300
"MFU","52193","541","d1","1","Tarletonbeania crenularis",8218,"42-2",41.23201167,-124.5093483,300,300
"MFU","52193","541","d1","1","Thaleichthys pacificus",0,"42-2",41.23201167,-124.5093483,300,300
"MFU","52193","541","d1","1","Trachurus symmetricus",0,"42-2",41.23201167,-124.5093483,300,300
"MFU","52193","541","d1","1","Trachurus symmetricus",0,"42-2",41.23201167,-124.5093483,300,300
"MFU","52193","543","d1","1","Clupea pallasii",0,"42-2",41.23201167,-124.5093483,150,150
"MFU","52193","543","d1","1","Engraulis mordax",0,"42-2",41.23201167,-124.5093483,150,150
"MFU","52193","543","d1","1","Leuroglossus stilbius",0,"42-2",41.23201167,-124.5093483,150,150
"MFU","52193","543","d1","1","Merluccius productus",0,"42-2",41.23201167,-124.5093483,150,150
"MFU","52193","543","d1","1","Merluccius productus",0,"42-2",41.23201167,-124.5093483,150,150
"MFU","52193","543","d1","1","Microstomus pacificus",0,"42-2",41.23201167,-124.5093483,150,150
"MFU","52193","543","d1","1","Sardinops sagax",3650,"42-2",41.23201167,-124.5093483,150,150
"MFU","52193","543","d1","1","Scomber japonicus",0,"42-2",41.23201167,-124.5093483,150,150
"MFU","52193","543","d1","1","Sebastes entomelas",0,"42-2",41.23201167,-124.5093483,150,150
"MFU","52193","543","d1","1","Stenobrachius leucopsarus",0,"42-2",41.23201167,-124.5093483,150,150
"MFU","52193","543","d1","1","Stenobrachius leucopsarus",14384,"42-2",41.23201167,-124.5093483,150,150
"MFU","52193","543","d1","1","Tactostoma macropus",0,"42-2",41.23201167,-124.5093483,150,150
"MFU","52193","543","d1","1","Tarletonbeania crenularis",0,"42-2",41.23201167,-124.5093483,150,150
"MFU","52193","543","d1","1","Tarletonbeania crenularis",12821,"42-2",41.23201167,-124.5093483,150,150
"MFU","52193","543","d1","1","Thaleichthys pacificus",0,"42-2",41.23201167,-124.5093483,150,150
"MFU","52193","543","d1","1","Trachurus symmetricus",0,"42-2",41.23201167,-124.5093483,150,150
"MFU","52193","543","d1","1","Trachurus symmetricus",0,"42-2",41.23201167,-124.5093483,150,150
"MFU","52193","547","d10","1","Clupea pallasii",0,"42-2",41.23201167,-124.5093483,50,50
"MFU","52193","547","d10","1","Engraulis mordax",0,"42-2",41.23201167,-124.5093483,50,50
"MFU","52193","547","d10","1","Leuroglossus stilbius",0,"42-2",41.23201167,-124.5093483,50,50
"MFU","52193","547","d10","1","Merluccius productus",0,"42-2",41.23201167,-124.5093483,50,50
"MFU","52193","547","d10","1","Merluccius productus",0,"42-2",41.23201167,-124.5093483,50,50
"MFU","52193","547","d10","1","Microstomus pacificus",0,"42-2",41.23201167,-124.5093483,50,50
"MFU","52193","547","d10","1","Sardinops sagax",0,"42-2",41.23201167,-124.5093483,50,50
"MFU","52193","547","d10","1","Scomber japonicus",0,"42-2",41.23201167,-124.5093483,50,50
"MFU","52193","547","d10","1","Sebastes entomelas",0,"42-2",41.23201167,-124.5093483,50,50
"MFU","52193","547","d10","1","Stenobrachius leucopsarus",0,"42-2",41.23201167,-124.5093483,50,50
"MFU","52193","547","d10","1","Stenobrachius leucopsarus",0,"42-2",41.23201167,-124.5093483,50,50
"MFU","52193","547","d10","1","Tactostoma macropus",0,"42-2",41.23201167,-124.5093483,50,50
"MFU","52193","547","d10","1","Tarletonbeania crenularis",0,"42-2",41.23201167,-124.5093483,50,50
"MFU","52193","547","d10","1","Tarletonbeania crenularis",0,"42-2",41.23201167,-124.5093483,50,50
"MFU","52193","547","d10","1","Thaleichthys pacificus",0,"42-2",41.23201167,-124.5093483,50,50
"MFU","52193","547","d10","1","Trachurus symmetricus",0,"42-2",41.23201167,-124.5093483,50,50
"MFU","52193","547","d10","1","Trachurus symmetricus",0,"42-2",41.23201167,-124.5093483,50,50
"MFU","52193","549","d10","1","Clupea pallasii",0,"42-2",41.23201167,-124.5093483,0,0
"MFU","52193","549","d10","1","Engraulis mordax",0,"42-2",41.23201167,-124.5093483,0,0
"MFU","52193","549","d10","1","Leuroglossus stilbius",0,"42-2",41.23201167,-124.5093483,0,0
"MFU","52193","549","d10","1","Merluccius productus",0,"42-2",41.23201167,-124.5093483,0,0
"MFU","52193","549","d10","1","Merluccius productus",0,"42-2",41.23201167,-124.5093483,0,0
"MFU","52193","549","d10","1","Microstomus pacificus",0,"42-2",41.23201167,-124.5093483,0,0
"MFU","52193","549","d10","1","Sardinops sagax",151988,"42-2",41.23201167,-124.5093483,0,0
"MFU","52193","549","d10","1","Scomber japonicus",166,"42-2",41.23201167,-124.5093483,0,0
"MFU","52193","549","d10","1","Sebastes entomelas",0,"42-2",41.23201167,-124.5093483,0,0
"MFU","52193","549","d10","1","Stenobrachius leucopsarus",0,"42-2",41.23201167,-124.5093483,0,0
"MFU","52193","549","d10","1","Stenobrachius leucopsarus",0,"42-2",41.23201167,-124.5093483,0,0
"MFU","52193","549","d10","1","Tactostoma macropus",0,"42-2",41.23201167,-124.5093483,0,0
"MFU","52193","549","d10","1","Tarletonbeania crenularis",0,"42-2",41.23201167,-124.5093483,0,0
"MFU","52193","549","d10","1","Tarletonbeania crenularis",0,"42-2",41.23201167,-124.5093483,0,0
"MFU","52193","549","d10","1","Thaleichthys pacificus",0,"42-2",41.23201167,-124.5093483,0,0
"MFU","52193","549","d10","1","Trachurus symmetricus",0,"42-2",41.23201167,-124.5093483,0,0
"MFU","52193","549","d10","1","Trachurus symmetricus",413,"42-2",41.23201167,-124.5093483,0,0
"MFU","52193","555","d20","1","Clupea pallasii",0,"42-1",41.23093583,-124.1784033,0,0
"MFU","52193","555","d20","1","Engraulis mordax",0,"42-1",41.23093583,-124.1784033,0,0
"MFU","52193","555","d20","1","Leuroglossus stilbius",0,"42-1",41.23093583,-124.1784033,0,0
"MFU","52193","555","d20","1","Merluccius productus",0,"42-1",41.23093583,-124.1784033,0,0
"MFU","52193","555","d20","1","Merluccius productus",0,"42-1",41.23093583,-124.1784033,0,0
"MFU","52193","555","d20","1","Microstomus pacificus",0,"42-1",41.23093583,-124.1784033,0,0
"MFU","52193","555","d20","1","Sardinops sagax",53474,"42-1",41.23093583,-124.1784033,0,0
"MFU","52193","555","d20","1","Scomber japonicus",0,"42-1",41.23093583,-124.1784033,0,0
"MFU","52193","555","d20","1","Sebastes entomelas",0,"42-1",41.23093583,-124.1784033,0,0
"MFU","52193","555","d20","1","Stenobrachius leucopsarus",0,"42-1",41.23093583,-124.1784033,0,0
"MFU","52193","555","d20","1","Stenobrachius leucopsarus",0,"42-1",41.23093583,-124.1784033,0,0
"MFU","52193","555","d20","1","Tactostoma macropus",0,"42-1",41.23093583,-124.1784033,0,0
"MFU","52193","555","d20","1","Tarletonbeania crenularis",0,"42-1",41.23093583,-124.1784033,0,0
"MFU","52193","555","d20","1","Tarletonbeania crenularis",0,"42-1",41.23093583,-124.1784033,0,0
"MFU","52193","555","d20","1","Thaleichthys pacificus",0,"42-1",41.23093583,-124.1784033,0,0
"MFU","52193","555","d20","1","Trachurus symmetricus",0,"42-1",41.23093583,-124.1784033,0,0
"MFU","52193","555","d20","1","Trachurus symmetricus",0,"42-1",41.23093583,-124.1784033,0,0
"MFU","52193","558","d1","1","Clupea pallasii",0,"43-8",41.393765,-124.9871533,500,500
"MFU","52193","558","d1","1","Engraulis mordax",0,"43-8",41.393765,-124.9871533,500,500
"MFU","52193","558","d1","1","Leuroglossus stilbius",0,"43-8",41.393765,-124.9871533,500,500
"MFU","52193","558","d1","1","Merluccius productus",0,"43-8",41.393765,-124.9871533,500,500
"MFU","52193","558","d1","1","Merluccius productus",106046,"43-8",41.393765,-124.9871533,500,500
"MFU","52193","558","d1","1","Microstomus pacificus",0,"43-8",41.393765,-124.9871533,500,500
"MFU","52193","558","d1","1","Sardinops sagax",0,"43-8",41.393765,-124.9871533,500,500
"MFU","52193","558","d1","1","Scomber japonicus",0,"43-8",41.393765,-124.9871533,500,500
"MFU","52193","558","d1","1","Sebastes entomelas",0,"43-8",41.393765,-124.9871533,500,500
"MFU","52193","558","d1","1","Stenobrachius leucopsarus",0,"43-8",41.393765,-124.9871533,500,500
"MFU","52193","558","d1","1","Stenobrachius leucopsarus",0,"43-8",41.393765,-124.9871533,500,500
"MFU","52193","558","d1","1","Tactostoma macropus",0,"43-8",41.393765,-124.9871533,500,500
"MFU","52193","558","d1","1","Tarletonbeania crenularis",0,"43-8",41.393765,-124.9871533,500,500
"MFU","52193","558","d1","1","Tarletonbeania crenularis",0,"43-8",41.393765,-124.9871533,500,500
"MFU","52193","558","d1","1","Thaleichthys pacificus",0,"43-8",41.393765,-124.9871533,500,500
"MFU","52193","558","d1","1","Trachurus symmetricus",0,"43-8",41.393765,-124.9871533,500,500
"MFU","52193","558","d1","1","Trachurus symmetricus",0,"43-8",41.393765,-124.9871533,500,500
"MFU","52193","56","d10","1","Clupea pallasii",0,"25-1",38.39622167,-123.1414683,0,0
"MFU","52193","56","d10","1","Engraulis mordax",0,"25-1",38.39622167,-123.1414683,0,0
"MFU","52193","56","d10","1","Leuroglossus stilbius",0,"25-1",38.39622167,-123.1414683,0,0
"MFU","52193","56","d10","1","Merluccius productus",0,"25-1",38.39622167,-123.1414683,0,0
"MFU","52193","56","d10","1","Merluccius productus",0,"25-1",38.39622167,-123.1414683,0,0
"MFU","52193","56","d10","1","Microstomus pacificus",0,"25-1",38.39622167,-123.1414683,0,0
"MFU","52193","56","d10","1","Sardinops sagax",0,"25-1",38.39622167,-123.1414683,0,0
"MFU","52193","56","d10","1","Scomber japonicus",0,"25-1",38.39622167,-123.1414683,0,0
"MFU","52193","56","d10","1","Sebastes entomelas",0,"25-1",38.39622167,-123.1414683,0,0
"MFU","52193","56","d10","1","Stenobrachius leucopsarus",0,"25-1",38.39622167,-123.1414683,0,0
"MFU","52193","56","d10","1","Stenobrachius leucopsarus",0,"25-1",38.39622167,-123.1414683,0,0
"MFU","52193","56","d10","1","Tactostoma macropus",0,"25-1",38.39622167,-123.1414683,0,0
"MFU","52193","56","d10","1","Tarletonbeania crenularis",0,"25-1",38.39622167,-123.1414683,0,0
"MFU","52193","56","d10","1","Tarletonbeania crenularis",0,"25-1",38.39622167,-123.1414683,0,0
"MFU","52193","56","d10","1","Thaleichthys pacificus",0,"25-1",38.39622167,-123.1414683,0,0
"MFU","52193","56","d10","1","Trachurus symmetricus",0,"25-1",38.39622167,-123.1414683,0,0
"MFU","52193","56","d10","1","Trachurus symmetricus",0,"25-1",38.39622167,-123.1414683,0,0
"MFU","52193","560","d1","1","Clupea pallasii",0,"43-8",41.393765,-124.9871533,300,300
"MFU","52193","560","d1","1","Engraulis mordax",0,"43-8",41.393765,-124.9871533,300,300
"MFU","52193","560","d1","1","Leuroglossus stilbius",0,"43-8",41.393765,-124.9871533,300,300
"MFU","52193","560","d1","1","Merluccius productus",0,"43-8",41.393765,-124.9871533,300,300
"MFU","52193","560","d1","1","Merluccius productus",5955,"43-8",41.393765,-124.9871533,300,300
"MFU","52193","560","d1","1","Microstomus pacificus",0,"43-8",41.393765,-124.9871533,300,300
"MFU","52193","560","d1","1","Sardinops sagax",0,"43-8",41.393765,-124.9871533,300,300
"MFU","52193","560","d1","1","Scomber japonicus",0,"43-8",41.393765,-124.9871533,300,300
"MFU","52193","560","d1","1","Sebastes entomelas",0,"43-8",41.393765,-124.9871533,300,300
"MFU","52193","560","d1","1","Stenobrachius leucopsarus",0,"43-8",41.393765,-124.9871533,300,300
"MFU","52193","560","d1","1","Stenobrachius leucopsarus",1237,"43-8",41.393765,-124.9871533,300,300
"MFU","52193","560","d1","1","Tactostoma macropus",0,"43-8",41.393765,-124.9871533,300,300
"MFU","52193","560","d1","1","Tarletonbeania crenularis",0,"43-8",41.393765,-124.9871533,300,300
"MFU","52193","560","d1","1","Tarletonbeania crenularis",13303,"43-8",41.393765,-124.9871533,300,300
"MFU","52193","560","d1","1","Thaleichthys pacificus",0,"43-8",41.393765,-124.9871533,300,300
"MFU","52193","560","d1","1","Trachurus symmetricus",0,"43-8",41.393765,-124.9871533,300,300
"MFU","52193","560","d1","1","Trachurus symmetricus",0,"43-8",41.393765,-124.9871533,300,300
"MFU","52193","562","d1","1","Clupea pallasii",0,"43-8",41.393765,-124.9871533,150,150
"MFU","52193","562","d1","1","Engraulis mordax",0,"43-8",41.393765,-124.9871533,150,150
"MFU","52193","562","d1","1","Leuroglossus stilbius",0,"43-8",41.393765,-124.9871533,150,150
"MFU","52193","562","d1","1","Merluccius productus",0,"43-8",41.393765,-124.9871533,150,150
"MFU","52193","562","d1","1","Merluccius productus",1757,"43-8",41.393765,-124.9871533,150,150
"MFU","52193","562","d1","1","Microstomus pacificus",0,"43-8",41.393765,-124.9871533,150,150
"MFU","52193","562","d1","1","Sardinops sagax",0,"43-8",41.393765,-124.9871533,150,150
"MFU","52193","562","d1","1","Scomber japonicus",0,"43-8",41.393765,-124.9871533,150,150
"MFU","52193","562","d1","1","Sebastes entomelas",0,"43-8",41.393765,-124.9871533,150,150
"MFU","52193","562","d1","1","Stenobrachius leucopsarus",0,"43-8",41.393765,-124.9871533,150,150
"MFU","52193","562","d1","1","Stenobrachius leucopsarus",2989,"43-8",41.393765,-124.9871533,150,150
"MFU","52193","562","d1","1","Tactostoma macropus",0,"43-8",41.393765,-124.9871533,150,150
"MFU","52193","562","d1","1","Tarletonbeania crenularis",0,"43-8",41.393765,-124.9871533,150,150
"MFU","52193","562","d1","1","Tarletonbeania crenularis",7201,"43-8",41.393765,-124.9871533,150,150
"MFU","52193","562","d1","1","Thaleichthys pacificus",0,"43-8",41.393765,-124.9871533,150,150
"MFU","52193","562","d1","1","Trachurus symmetricus",0,"43-8",41.393765,-124.9871533,150,150
"MFU","52193","562","d1","1","Trachurus symmetricus",0,"43-8",41.393765,-124.9871533,150,150
"MFU","52193","566","d1","1","Clupea pallasii",0,"43-8",41.393765,-124.9871533,50,50
"MFU","52193","566","d1","1","Engraulis mordax",0,"43-8",41.393765,-124.9871533,50,50
"MFU","52193","566","d1","1","Leuroglossus stilbius",0,"43-8",41.393765,-124.9871533,50,50
"MFU","52193","566","d1","1","Merluccius productus",16413,"43-8",41.393765,-124.9871533,50,50
"MFU","52193","566","d1","1","Merluccius productus",43205,"43-8",41.393765,-124.9871533,50,50
"MFU","52193","566","d1","1","Microstomus pacificus",0,"43-8",41.393765,-124.9871533,50,50
"MFU","52193","566","d1","1","Sardinops sagax",19642,"43-8",41.393765,-124.9871533,50,50
"MFU","52193","566","d1","1","Scomber japonicus",0,"43-8",41.393765,-124.9871533,50,50
"MFU","52193","566","d1","1","Sebastes entomelas",0,"43-8",41.393765,-124.9871533,50,50
"MFU","52193","566","d1","1","Stenobrachius leucopsarus",0,"43-8",41.393765,-124.9871533,50,50
"MFU","52193","566","d1","1","Stenobrachius leucopsarus",4682,"43-8",41.393765,-124.9871533,50,50
"MFU","52193","566","d1","1","Tactostoma macropus",0,"43-8",41.393765,-124.9871533,50,50
"MFU","52193","566","d1","1","Tarletonbeania crenularis",0,"43-8",41.393765,-124.9871533,50,50
"MFU","52193","566","d1","1","Tarletonbeania crenularis",9831,"43-8",41.393765,-124.9871533,50,50
"MFU","52193","566","d1","1","Thaleichthys pacificus",0,"43-8",41.393765,-124.9871533,50,50
"MFU","52193","566","d1","1","Trachurus symmetricus",0,"43-8",41.393765,-124.9871533,50,50
"MFU","52193","566","d1","1","Trachurus symmetricus",6274,"43-8",41.393765,-124.9871533,50,50
"MFU","52193","568","d5","1","Clupea pallasii",0,"43-8",41.393765,-124.9871533,0,0
"MFU","52193","568","d5","1","Engraulis mordax",0,"43-8",41.393765,-124.9871533,0,0
"MFU","52193","568","d5","1","Leuroglossus stilbius",0,"43-8",41.393765,-124.9871533,0,0
"MFU","52193","568","d5","1","Merluccius productus",48,"43-8",41.393765,-124.9871533,0,0
"MFU","52193","568","d5","1","Merluccius productus",776,"43-8",41.393765,-124.9871533,0,0
"MFU","52193","568","d5","1","Microstomus pacificus",0,"43-8",41.393765,-124.9871533,0,0
"MFU","52193","568","d5","1","Sardinops sagax",166228,"43-8",41.393765,-124.9871533,0,0
"MFU","52193","568","d5","1","Scomber japonicus",24456,"43-8",41.393765,-124.9871533,0,0
"MFU","52193","568","d5","1","Sebastes entomelas",0,"43-8",41.393765,-124.9871533,0,0
"MFU","52193","568","d5","1","Stenobrachius leucopsarus",0,"43-8",41.393765,-124.9871533,0,0
"MFU","52193","568","d5","1","Stenobrachius leucopsarus",656,"43-8",41.393765,-124.9871533,0,0
"MFU","52193","568","d5","1","Tactostoma macropus",0,"43-8",41.393765,-124.9871533,0,0
"MFU","52193","568","d5","1","Tarletonbeania crenularis",0,"43-8",41.393765,-124.9871533,0,0
"MFU","52193","568","d5","1","Tarletonbeania crenularis",415,"43-8",41.393765,-124.9871533,0,0
"MFU","52193","568","d5","1","Thaleichthys pacificus",0,"43-8",41.393765,-124.9871533,0,0
"MFU","52193","568","d5","1","Trachurus symmetricus",0,"43-8",41.393765,-124.9871533,0,0
"MFU","52193","568","d5","1","Trachurus symmetricus",3014,"43-8",41.393765,-124.9871533,0,0
"MFU","52193","570","d1","1","Clupea pallasii",0,"43-6",41.39631333,-124.7418667,500,500
"MFU","52193","570","d1","1","Engraulis mordax",0,"43-6",41.39631333,-124.7418667,500,500
"MFU","52193","570","d1","1","Leuroglossus stilbius",0,"43-6",41.39631333,-124.7418667,500,500
"MFU","52193","570","d1","1","Merluccius productus",0,"43-6",41.39631333,-124.7418667,500,500
"MFU","52193","570","d1","1","Merluccius productus",110738,"43-6",41.39631333,-124.7418667,500,500
"MFU","52193","570","d1","1","Microstomus pacificus",0,"43-6",41.39631333,-124.7418667,500,500
"MFU","52193","570","d1","1","Sardinops sagax",45418,"43-6",41.39631333,-124.7418667,500,500
"MFU","52193","570","d1","1","Scomber japonicus",0,"43-6",41.39631333,-124.7418667,500,500
"MFU","52193","570","d1","1","Sebastes entomelas",0,"43-6",41.39631333,-124.7418667,500,500
"MFU","52193","570","d1","1","Stenobrachius leucopsarus",0,"43-6",41.39631333,-124.7418667,500,500
"MFU","52193","570","d1","1","Stenobrachius leucopsarus",52167,"43-6",41.39631333,-124.7418667,500,500
"MFU","52193","570","d1","1","Tactostoma macropus",0,"43-6",41.39631333,-124.7418667,500,500
"MFU","52193","570","d1","1","Tarletonbeania crenularis",0,"43-6",41.39631333,-124.7418667,500,500
"MFU","52193","570","d1","1","Tarletonbeania crenularis",0,"43-6",41.39631333,-124.7418667,500,500
"MFU","52193","570","d1","1","Thaleichthys pacificus",0,"43-6",41.39631333,-124.7418667,500,500
"MFU","52193","570","d1","1","Trachurus symmetricus",0,"43-6",41.39631333,-124.7418667,500,500
"MFU","52193","570","d1","1","Trachurus symmetricus",0,"43-6",41.39631333,-124.7418667,500,500
"MFU","52193","572","d1","1","Clupea pallasii",0,"43-6",41.39631333,-124.7418667,300,300
"MFU","52193","572","d1","1","Engraulis mordax",0,"43-6",41.39631333,-124.7418667,300,300
"MFU","52193","572","d1","1","Leuroglossus stilbius",0,"43-6",41.39631333,-124.7418667,300,300
"MFU","52193","572","d1","1","Merluccius productus",936,"43-6",41.39631333,-124.7418667,300,300
"MFU","52193","572","d1","1","Merluccius productus",868,"43-6",41.39631333,-124.7418667,300,300
"MFU","52193","572","d1","1","Microstomus pacificus",0,"43-6",41.39631333,-124.7418667,300,300
"MFU","52193","572","d1","1","Sardinops sagax",0,"43-6",41.39631333,-124.7418667,300,300
"MFU","52193","572","d1","1","Scomber japonicus",0,"43-6",41.39631333,-124.7418667,300,300
"MFU","52193","572","d1","1","Sebastes entomelas",0,"43-6",41.39631333,-124.7418667,300,300
"MFU","52193","572","d1","1","Stenobrachius leucopsarus",0,"43-6",41.39631333,-124.7418667,300,300
"MFU","52193","572","d1","1","Stenobrachius leucopsarus",0,"43-6",41.39631333,-124.7418667,300,300
"MFU","52193","572","d1","1","Tactostoma macropus",0,"43-6",41.39631333,-124.7418667,300,300
"MFU","52193","572","d1","1","Tarletonbeania crenularis",0,"43-6",41.39631333,-124.7418667,300,300
"MFU","52193","572","d1","1","Tarletonbeania crenularis",4724,"43-6",41.39631333,-124.7418667,300,300
"MFU","52193","572","d1","1","Thaleichthys pacificus",0,"43-6",41.39631333,-124.7418667,300,300
"MFU","52193","572","d1","1","Trachurus symmetricus",0,"43-6",41.39631333,-124.7418667,300,300
"MFU","52193","572","d1","1","Trachurus symmetricus",0,"43-6",41.39631333,-124.7418667,300,300
"MFU","52193","574","d1","1","Clupea pallasii",0,"43-6",41.39631333,-124.7418667,150,150
"MFU","52193","574","d1","1","Engraulis mordax",0,"43-6",41.39631333,-124.7418667,150,150
"MFU","52193","574","d1","1","Leuroglossus stilbius",0,"43-6",41.39631333,-124.7418667,150,150
"MFU","52193","574","d1","1","Merluccius productus",7128,"43-6",41.39631333,-124.7418667,150,150
"MFU","52193","574","d1","1","Merluccius productus",12275,"43-6",41.39631333,-124.7418667,150,150
"MFU","52193","574","d1","1","Microstomus pacificus",0,"43-6",41.39631333,-124.7418667,150,150
"MFU","52193","574","d1","1","Sardinops sagax",11560,"43-6",41.39631333,-124.7418667,150,150
"MFU","52193","574","d1","1","Scomber japonicus",0,"43-6",41.39631333,-124.7418667,150,150
"MFU","52193","574","d1","1","Sebastes entomelas",0,"43-6",41.39631333,-124.7418667,150,150
"MFU","52193","574","d1","1","Stenobrachius leucopsarus",0,"43-6",41.39631333,-124.7418667,150,150
"MFU","52193","574","d1","1","Stenobrachius leucopsarus",4888,"43-6",41.39631333,-124.7418667,150,150
"MFU","52193","574","d1","1","Tactostoma macropus",0,"43-6",41.39631333,-124.7418667,150,150
"MFU","52193","574","d1","1","Tarletonbeania crenularis",0,"43-6",41.39631333,-124.7418667,150,150
"MFU","52193","574","d1","1","Tarletonbeania crenularis",12681,"43-6",41.39631333,-124.7418667,150,150
"MFU","52193","574","d1","1","Thaleichthys pacificus",0,"43-6",41.39631333,-124.7418667,150,150
"MFU","52193","574","d1","1","Trachurus symmetricus",0,"43-6",41.39631333,-124.7418667,150,150
"MFU","52193","574","d1","1","Trachurus symmetricus",0,"43-6",41.39631333,-124.7418667,150,150
"MFU","52193","578","d1","1","Clupea pallasii",1455,"43-6",41.39631333,-124.7418667,50,50
"MFU","52193","578","d1","1","Engraulis mordax",0,"43-6",41.39631333,-124.7418667,50,50
"MFU","52193","578","d1","1","Leuroglossus stilbius",0,"43-6",41.39631333,-124.7418667,50,50
"MFU","52193","578","d1","1","Merluccius productus",0,"43-6",41.39631333,-124.7418667,50,50
"MFU","52193","578","d1","1","Merluccius productus",5302,"43-6",41.39631333,-124.7418667,50,50
"MFU","52193","578","d1","1","Microstomus pacificus",0,"43-6",41.39631333,-124.7418667,50,50
"MFU","52193","578","d1","1","Sardinops sagax",5124,"43-6",41.39631333,-124.7418667,50,50
"MFU","52193","578","d1","1","Scomber japonicus",0,"43-6",41.39631333,-124.7418667,50,50
"MFU","52193","578","d1","1","Sebastes entomelas",0,"43-6",41.39631333,-124.7418667,50,50
"MFU","52193","578","d1","1","Stenobrachius leucopsarus",0,"43-6",41.39631333,-124.7418667,50,50
"MFU","52193","578","d1","1","Stenobrachius leucopsarus",0,"43-6",41.39631333,-124.7418667,50,50
"MFU","52193","578","d1","1","Tactostoma macropus",0,"43-6",41.39631333,-124.7418667,50,50
"MFU","52193","578","d1","1","Tarletonbeania crenularis",0,"43-6",41.39631333,-124.7418667,50,50
"MFU","52193","578","d1","1","Tarletonbeania crenularis",0,"43-6",41.39631333,-124.7418667,50,50
"MFU","52193","578","d1","1","Thaleichthys pacificus",0,"43-6",41.39631333,-124.7418667,50,50
"MFU","52193","578","d1","1","Trachurus symmetricus",0,"43-6",41.39631333,-124.7418667,50,50
"MFU","52193","578","d1","1","Trachurus symmetricus",41,"43-6",41.39631333,-124.7418667,50,50
"MFU","52193","580","d5","1","Clupea pallasii",0,"43-6",41.39631333,-124.7418667,0,0
"MFU","52193","580","d5","1","Engraulis mordax",0,"43-6",41.39631333,-124.7418667,0,0
"MFU","52193","580","d5","1","Leuroglossus stilbius",0,"43-6",41.39631333,-124.7418667,0,0
"MFU","52193","580","d5","1","Merluccius productus",0,"43-6",41.39631333,-124.7418667,0,0
"MFU","52193","580","d5","1","Merluccius productus",0,"43-6",41.39631333,-124.7418667,0,0
"MFU","52193","580","d5","1","Microstomus pacificus",0,"43-6",41.39631333,-124.7418667,0,0
"MFU","52193","580","d5","1","Sardinops sagax",20306,"43-6",41.39631333,-124.7418667,0,0
"MFU","52193","580","d5","1","Scomber japonicus",118,"43-6",41.39631333,-124.7418667,0,0
"MFU","52193","580","d5","1","Sebastes entomelas",0,"43-6",41.39631333,-124.7418667,0,0
"MFU","52193","580","d5","1","Stenobrachius leucopsarus",0,"43-6",41.39631333,-124.7418667,0,0
"MFU","52193","580","d5","1","Stenobrachius leucopsarus",0,"43-6",41.39631333,-124.7418667,0,0
"MFU","52193","580","d5","1","Tactostoma macropus",0,"43-6",41.39631333,-124.7418667,0,0
"MFU","52193","580","d5","1","Tarletonbeania crenularis",0,"43-6",41.39631333,-124.7418667,0,0
"MFU","52193","580","d5","1","Tarletonbeania crenularis",0,"43-6",41.39631333,-124.7418667,0,0
"MFU","52193","580","d5","1","Thaleichthys pacificus",0,"43-6",41.39631333,-124.7418667,0,0
"MFU","52193","580","d5","1","Trachurus symmetricus",0,"43-6",41.39631333,-124.7418667,0,0
"MFU","52193","580","d5","1","Trachurus symmetricus",155,"43-6",41.39631333,-124.7418667,0,0
"MFU","52193","590","d1","1","Clupea pallasii",0,"43-5",41.39870667,-124.6264717,50,50
"MFU","52193","590","d1","1","Engraulis mordax",73,"43-5",41.39870667,-124.6264717,50,50
"MFU","52193","590","d1","1","Leuroglossus stilbius",0,"43-5",41.39870667,-124.6264717,50,50
"MFU","52193","590","d1","1","Merluccius productus",6628,"43-5",41.39870667,-124.6264717,50,50
"MFU","52193","590","d1","1","Merluccius productus",0,"43-5",41.39870667,-124.6264717,50,50
"MFU","52193","590","d1","1","Microstomus pacificus",0,"43-5",41.39870667,-124.6264717,50,50
"MFU","52193","590","d1","1","Sardinops sagax",754,"43-5",41.39870667,-124.6264717,50,50
"MFU","52193","590","d1","1","Scomber japonicus",66,"43-5",41.39870667,-124.6264717,50,50
"MFU","52193","590","d1","1","Sebastes entomelas",0,"43-5",41.39870667,-124.6264717,50,50
"MFU","52193","590","d1","1","Stenobrachius leucopsarus",0,"43-5",41.39870667,-124.6264717,50,50
"MFU","52193","590","d1","1","Stenobrachius leucopsarus",0,"43-5",41.39870667,-124.6264717,50,50
"MFU","52193","590","d1","1","Tactostoma macropus",0,"43-5",41.39870667,-124.6264717,50,50
"MFU","52193","590","d1","1","Tarletonbeania crenularis",0,"43-5",41.39870667,-124.6264717,50,50
"MFU","52193","590","d1","1","Tarletonbeania crenularis",20,"43-5",41.39870667,-124.6264717,50,50
"MFU","52193","590","d1","1","Thaleichthys pacificus",0,"43-5",41.39870667,-124.6264717,50,50
"MFU","52193","590","d1","1","Trachurus symmetricus",0,"43-5",41.39870667,-124.6264717,50,50
"MFU","52193","590","d1","1","Trachurus symmetricus",11759,"43-5",41.39870667,-124.6264717,50,50
"MFU","52193","592","d10","1","Clupea pallasii",5549,"43-5",41.39870667,-124.6264717,0,0
"MFU","52193","592","d10","1","Engraulis mordax",0,"43-5",41.39870667,-124.6264717,0,0
"MFU","52193","592","d10","1","Leuroglossus stilbius",0,"43-5",41.39870667,-124.6264717,0,0
"MFU","52193","592","d10","1","Merluccius productus",5475,"43-5",41.39870667,-124.6264717,0,0
"MFU","52193","592","d10","1","Merluccius productus",138726,"43-5",41.39870667,-124.6264717,0,0
"MFU","52193","592","d10","1","Microstomus pacificus",0,"43-5",41.39870667,-124.6264717,0,0
"MFU","52193","592","d10","1","Sardinops sagax",0,"43-5",41.39870667,-124.6264717,0,0
"MFU","52193","592","d10","1","Scomber japonicus",0,"43-5",41.39870667,-124.6264717,0,0
"MFU","52193","592","d10","1","Sebastes entomelas",0,"43-5",41.39870667,-124.6264717,0,0
"MFU","52193","592","d10","1","Stenobrachius leucopsarus",0,"43-5",41.39870667,-124.6264717,0,0
"MFU","52193","592","d10","1","Stenobrachius leucopsarus",0,"43-5",41.39870667,-124.6264717,0,0
"MFU","52193","592","d10","1","Tactostoma macropus",0,"43-5",41.39870667,-124.6264717,0,0
"MFU","52193","592","d10","1","Tarletonbeania crenularis",0,"43-5",41.39870667,-124.6264717,0,0
"MFU","52193","592","d10","1","Tarletonbeania crenularis",0,"43-5",41.39870667,-124.6264717,0,0
"MFU","52193","592","d10","1","Thaleichthys pacificus",0,"43-5",41.39870667,-124.6264717,0,0
"MFU","52193","592","d10","1","Trachurus symmetricus",0,"43-5",41.39870667,-124.6264717,0,0
"MFU","52193","592","d10","1","Trachurus symmetricus",6385,"43-5",41.39870667,-124.6264717,0,0
"MFU","52193","6","d5","1","Clupea pallasii",0,"22-2",37.89499,-123.171755,0,0
"MFU","52193","6","d5","1","Engraulis mordax",235649,"22-2",37.89499,-123.171755,0,0
"MFU","52193","6","d5","1","Leuroglossus stilbius",0,"22-2",37.89499,-123.171755,0,0
"MFU","52193","6","d5","1","Merluccius productus",0,"22-2",37.89499,-123.171755,0,0
"MFU","52193","6","d5","1","Merluccius productus",0,"22-2",37.89499,-123.171755,0,0
"MFU","52193","6","d5","1","Microstomus pacificus",0,"22-2",37.89499,-123.171755,0,0
"MFU","52193","6","d5","1","Sardinops sagax",0,"22-2",37.89499,-123.171755,0,0
"MFU","52193","6","d5","1","Scomber japonicus",0,"22-2",37.89499,-123.171755,0,0
"MFU","52193","6","d5","1","Sebastes entomelas",0,"22-2",37.89499,-123.171755,0,0
"MFU","52193","6","d5","1","Stenobrachius leucopsarus",0,"22-2",37.89499,-123.171755,0,0
"MFU","52193","6","d5","1","Stenobrachius leucopsarus",0,"22-2",37.89499,-123.171755,0,0
"MFU","52193","6","d5","1","Tactostoma macropus",0,"22-2",37.89499,-123.171755,0,0
"MFU","52193","6","d5","1","Tarletonbeania crenularis",0,"22-2",37.89499,-123.171755,0,0
"MFU","52193","6","d5","1","Tarletonbeania crenularis",0,"22-2",37.89499,-123.171755,0,0
"MFU","52193","6","d5","1","Thaleichthys pacificus",0,"22-2",37.89499,-123.171755,0,0
"MFU","52193","6","d5","1","Trachurus symmetricus",0,"22-2",37.89499,-123.171755,0,0
"MFU","52193","6","d5","1","Trachurus symmetricus",0,"22-2",37.89499,-123.171755,0,0
"MFU","52193","602","d10","1","Clupea pallasii",0,"43-4",41.39164333,-124.5129967,50,50
"MFU","52193","602","d10","1","Engraulis mordax",0,"43-4",41.39164333,-124.5129967,50,50
"MFU","52193","602","d10","1","Leuroglossus stilbius",0,"43-4",41.39164333,-124.5129967,50,50
"MFU","52193","602","d10","1","Merluccius productus",0,"43-4",41.39164333,-124.5129967,50,50
"MFU","52193","602","d10","1","Merluccius productus",0,"43-4",41.39164333,-124.5129967,50,50
"MFU","52193","602","d10","1","Microstomus pacificus",0,"43-4",41.39164333,-124.5129967,50,50
"MFU","52193","602","d10","1","Sardinops sagax",24416,"43-4",41.39164333,-124.5129967,50,50
"MFU","52193","602","d10","1","Scomber japonicus",0,"43-4",41.39164333,-124.5129967,50,50
"MFU","52193","602","d10","1","Sebastes entomelas",0,"43-4",41.39164333,-124.5129967,50,50
"MFU","52193","602","d10","1","Stenobrachius leucopsarus",0,"43-4",41.39164333,-124.5129967,50,50
"MFU","52193","602","d10","1","Stenobrachius leucopsarus",0,"43-4",41.39164333,-124.5129967,50,50
"MFU","52193","602","d10","1","Tactostoma macropus",0,"43-4",41.39164333,-124.5129967,50,50
"MFU","52193","602","d10","1","Tarletonbeania crenularis",0,"43-4",41.39164333,-124.5129967,50,50
"MFU","52193","602","d10","1","Tarletonbeania crenularis",54318,"43-4",41.39164333,-124.5129967,50,50
"MFU","52193","602","d10","1","Thaleichthys pacificus",0,"43-4",41.39164333,-124.5129967,50,50
"MFU","52193","602","d10","1","Trachurus symmetricus",0,"43-4",41.39164333,-124.5129967,50,50
"MFU","52193","602","d10","1","Trachurus symmetricus",0,"43-4",41.39164333,-124.5129967,50,50
"MFU","52193","604","d10","1","Clupea pallasii",0,"43-4",41.39164333,-124.5129967,0,0
"MFU","52193","604","d10","1","Engraulis mordax",0,"43-4",41.39164333,-124.5129967,0,0
"MFU","52193","604","d10","1","Leuroglossus stilbius",0,"43-4",41.39164333,-124.5129967,0,0
"MFU","52193","604","d10","1","Merluccius productus",0,"43-4",41.39164333,-124.5129967,0,0
"MFU","52193","604","d10","1","Merluccius productus",1999,"43-4",41.39164333,-124.5129967,0,0
"MFU","52193","604","d10","1","Microstomus pacificus",0,"43-4",41.39164333,-124.5129967,0,0
"MFU","52193","604","d10","1","Sardinops sagax",46829,"43-4",41.39164333,-124.5129967,0,0
"MFU","52193","604","d10","1","Scomber japonicus",2370,"43-4",41.39164333,-124.5129967,0,0
"MFU","52193","604","d10","1","Sebastes entomelas",0,"43-4",41.39164333,-124.5129967,0,0
"MFU","52193","604","d10","1","Stenobrachius leucopsarus",0,"43-4",41.39164333,-124.5129967,0,0
"MFU","52193","604","d10","1","Stenobrachius leucopsarus",0,"43-4",41.39164333,-124.5129967,0,0
"MFU","52193","604","d10","1","Tactostoma macropus",0,"43-4",41.39164333,-124.5129967,0,0
"MFU","52193","604","d10","1","Tarletonbeania crenularis",0,"43-4",41.39164333,-124.5129967,0,0
"MFU","52193","604","d10","1","Tarletonbeania crenularis",879,"43-4",41.39164333,-124.5129967,0,0
"MFU","52193","604","d10","1","Thaleichthys pacificus",0,"43-4",41.39164333,-124.5129967,0,0
"MFU","52193","604","d10","1","Trachurus symmetricus",0,"43-4",41.39164333,-124.5129967,0,0
"MFU","52193","604","d10","1","Trachurus symmetricus",11031,"43-4",41.39164333,-124.5129967,0,0
"MFU","52193","610","d1","1","Clupea pallasii",0,"43-2",41.39645833,-124.4356367,50,50
"MFU","52193","610","d1","1","Engraulis mordax",0,"43-2",41.39645833,-124.4356367,50,50
"MFU","52193","610","d1","1","Leuroglossus stilbius",0,"43-2",41.39645833,-124.4356367,50,50
"MFU","52193","610","d1","1","Merluccius productus",0,"43-2",41.39645833,-124.4356367,50,50
"MFU","52193","610","d1","1","Merluccius productus",27,"43-2",41.39645833,-124.4356367,50,50
"MFU","52193","610","d1","1","Microstomus pacificus",0,"43-2",41.39645833,-124.4356367,50,50
"MFU","52193","610","d1","1","Sardinops sagax",101360,"43-2",41.39645833,-124.4356367,50,50
"MFU","52193","610","d1","1","Scomber japonicus",0,"43-2",41.39645833,-124.4356367,50,50
"MFU","52193","610","d1","1","Sebastes entomelas",0,"43-2",41.39645833,-124.4356367,50,50
"MFU","52193","610","d1","1","Stenobrachius leucopsarus",0,"43-2",41.39645833,-124.4356367,50,50
"MFU","52193","610","d1","1","Stenobrachius leucopsarus",4880,"43-2",41.39645833,-124.4356367,50,50
"MFU","52193","610","d1","1","Tactostoma macropus",0,"43-2",41.39645833,-124.4356367,50,50
"MFU","52193","610","d1","1","Tarletonbeania crenularis",0,"43-2",41.39645833,-124.4356367,50,50
"MFU","52193","610","d1","1","Tarletonbeania crenularis",0,"43-2",41.39645833,-124.4356367,50,50
"MFU","52193","610","d1","1","Thaleichthys pacificus",0,"43-2",41.39645833,-124.4356367,50,50
"MFU","52193","610","d1","1","Trachurus symmetricus",0,"43-2",41.39645833,-124.4356367,50,50
"MFU","52193","610","d1","1","Trachurus symmetricus",0,"43-2",41.39645833,-124.4356367,50,50
"MFU","52193","612","d5","1","Clupea pallasii",0,"43-2",41.39645833,-124.4356367,0,0
"MFU","52193","612","d5","1","Engraulis mordax",0,"43-2",41.39645833,-124.4356367,0,0
"MFU","52193","612","d5","1","Leuroglossus stilbius",0,"43-2",41.39645833,-124.4356367,0,0
"MFU","52193","612","d5","1","Merluccius productus",0,"43-2",41.39645833,-124.4356367,0,0
"MFU","52193","612","d5","1","Merluccius productus",0,"43-2",41.39645833,-124.4356367,0,0
"MFU","52193","612","d5","1","Microstomus pacificus",0,"43-2",41.39645833,-124.4356367,0,0
"MFU","52193","612","d5","1","Sardinops sagax",16957,"43-2",41.39645833,-124.4356367,0,0
"MFU","52193","612","d5","1","Scomber japonicus",0,"43-2",41.39645833,-124.4356367,0,0
"MFU","52193","612","d5","1","Sebastes entomelas",0,"43-2",41.39645833,-124.4356367,0,0
"MFU","52193","612","d5","1","Stenobrachius leucopsarus",0,"43-2",41.39645833,-124.4356367,0,0
"MFU","52193","612","d5","1","Stenobrachius leucopsarus",0,"43-2",41.39645833,-124.4356367,0,0
"MFU","52193","612","d5","1","Tactostoma macropus",0,"43-2",41.39645833,-124.4356367,0,0
"MFU","52193","612","d5","1","Tarletonbeania crenularis",0,"43-2",41.39645833,-124.4356367,0,0
"MFU","52193","612","d5","1","Tarletonbeania crenularis",0,"43-2",41.39645833,-124.4356367,0,0
"MFU","52193","612","d5","1","Thaleichthys pacificus",0,"43-2",41.39645833,-124.4356367,0,0
"MFU","52193","612","d5","1","Trachurus symmetricus",0,"43-2",41.39645833,-124.4356367,0,0
"MFU","52193","612","d5","1","Trachurus symmetricus",50769,"43-2",41.39645833,-124.4356367,0,0
"MFU","52193","617","d1","1","Clupea pallasii",0,"47-9",42.06771833,-125.1642983,500,500
"MFU","52193","617","d1","1","Engraulis mordax",0,"47-9",42.06771833,-125.1642983,500,500
"MFU","52193","617","d1","1","Leuroglossus stilbius",0,"47-9",42.06771833,-125.1642983,500,500
"MFU","52193","617","d1","1","Merluccius productus",0,"47-9",42.06771833,-125.1642983,500,500
"MFU","52193","617","d1","1","Merluccius productus",2977,"47-9",42.06771833,-125.1642983,500,500
"MFU","52193","617","d1","1","Microstomus pacificus",925,"47-9",42.06771833,-125.1642983,500,500
"MFU","52193","617","d1","1","Sardinops sagax",0,"47-9",42.06771833,-125.1642983,500,500
"MFU","52193","617","d1","1","Scomber japonicus",0,"47-9",42.06771833,-125.1642983,500,500
"MFU","52193","617","d1","1","Sebastes entomelas",0,"47-9",42.06771833,-125.1642983,500,500
"MFU","52193","617","d1","1","Stenobrachius leucopsarus",0,"47-9",42.06771833,-125.1642983,500,500
"MFU","52193","617","d1","1","Stenobrachius leucopsarus",2748,"47-9",42.06771833,-125.1642983,500,500
"MFU","52193","617","d1","1","Tactostoma macropus",0,"47-9",42.06771833,-125.1642983,500,500
"MFU","52193","617","d1","1","Tarletonbeania crenularis",0,"47-9",42.06771833,-125.1642983,500,500
"MFU","52193","617","d1","1","Tarletonbeania crenularis",0,"47-9",42.06771833,-125.1642983,500,500
"MFU","52193","617","d1","1","Thaleichthys pacificus",0,"47-9",42.06771833,-125.1642983,500,500
"MFU","52193","617","d1","1","Trachurus symmetricus",0,"47-9",42.06771833,-125.1642983,500,500
"MFU","52193","617","d1","1","Trachurus symmetricus",598,"47-9",42.06771833,-125.1642983,500,500
"MFU","52193","619","d1","1","Clupea pallasii",0,"47-9",42.06771833,-125.1642983,300,300
"MFU","52193","619","d1","1","Engraulis mordax",0,"47-9",42.06771833,-125.1642983,300,300
"MFU","52193","619","d1","1","Leuroglossus stilbius",0,"47-9",42.06771833,-125.1642983,300,300
"MFU","52193","619","d1","1","Merluccius productus",0,"47-9",42.06771833,-125.1642983,300,300
"MFU","52193","619","d1","1","Merluccius productus",4646,"47-9",42.06771833,-125.1642983,300,300
"MFU","52193","619","d1","1","Microstomus pacificus",0,"47-9",42.06771833,-125.1642983,300,300
"MFU","52193","619","d1","1","Sardinops sagax",0,"47-9",42.06771833,-125.1642983,300,300
"MFU","52193","619","d1","1","Scomber japonicus",0,"47-9",42.06771833,-125.1642983,300,300
"MFU","52193","619","d1","1","Sebastes entomelas",0,"47-9",42.06771833,-125.1642983,300,300
"MFU","52193","619","d1","1","Stenobrachius leucopsarus",0,"47-9",42.06771833,-125.1642983,300,300
"MFU","52193","619","d1","1","Stenobrachius leucopsarus",0,"47-9",42.06771833,-125.1642983,300,300
"MFU","52193","619","d1","1","Tactostoma macropus",359,"47-9",42.06771833,-125.1642983,300,300
"MFU","52193","619","d1","1","Tarletonbeania crenularis",0,"47-9",42.06771833,-125.1642983,300,300
"MFU","52193","619","d1","1","Tarletonbeania crenularis",0,"47-9",42.06771833,-125.1642983,300,300
"MFU","52193","619","d1","1","Thaleichthys pacificus",0,"47-9",42.06771833,-125.1642983,300,300
"MFU","52193","619","d1","1","Trachurus symmetricus",0,"47-9",42.06771833,-125.1642983,300,300
"MFU","52193","619","d1","1","Trachurus symmetricus",0,"47-9",42.06771833,-125.1642983,300,300
"MFU","52193","62","d1","1","Clupea pallasii",0,"26-1",38.56360833,-123.3499667,0,0
"MFU","52193","62","d1","1","Engraulis mordax",0,"26-1",38.56360833,-123.3499667,0,0
"MFU","52193","62","d1","1","Leuroglossus stilbius",0,"26-1",38.56360833,-123.3499667,0,0
"MFU","52193","62","d1","1","Merluccius productus",0,"26-1",38.56360833,-123.3499667,0,0
"MFU","52193","62","d1","1","Merluccius productus",0,"26-1",38.56360833,-123.3499667,0,0
"MFU","52193","62","d1","1","Microstomus pacificus",0,"26-1",38.56360833,-123.3499667,0,0
"MFU","52193","62","d1","1","Sardinops sagax",0,"26-1",38.56360833,-123.3499667,0,0
"MFU","52193","62","d1","1","Scomber japonicus",0,"26-1",38.56360833,-123.3499667,0,0
"MFU","52193","62","d1","1","Sebastes entomelas",0,"26-1",38.56360833,-123.3499667,0,0
"MFU","52193","62","d1","1","Stenobrachius leucopsarus",0,"26-1",38.56360833,-123.3499667,0,0
"MFU","52193","62","d1","1","Stenobrachius leucopsarus",0,"26-1",38.56360833,-123.3499667,0,0
"MFU","52193","62","d1","1","Tactostoma macropus",0,"26-1",38.56360833,-123.3499667,0,0
"MFU","52193","62","d1","1","Tarletonbeania crenularis",0,"26-1",38.56360833,-123.3499667,0,0
"MFU","52193","62","d1","1","Tarletonbeania crenularis",0,"26-1",38.56360833,-123.3499667,0,0
"MFU","52193","62","d1","1","Thaleichthys pacificus",0,"26-1",38.56360833,-123.3499667,0,0
"MFU","52193","62","d1","1","Trachurus symmetricus",0,"26-1",38.56360833,-123.3499667,0,0
"MFU","52193","62","d1","1","Trachurus symmetricus",0,"26-1",38.56360833,-123.3499667,0,0
"MFU","52193","621","d1","1","Clupea pallasii",0,"47-9",42.06771833,-125.1642983,150,150
"MFU","52193","621","d1","1","Engraulis mordax",0,"47-9",42.06771833,-125.1642983,150,150
"MFU","52193","621","d1","1","Leuroglossus stilbius",0,"47-9",42.06771833,-125.1642983,150,150
"MFU","52193","621","d1","1","Merluccius productus",8422,"47-9",42.06771833,-125.1642983,150,150
"MFU","52193","621","d1","1","Merluccius productus",102368,"47-9",42.06771833,-125.1642983,150,150
"MFU","52193","621","d1","1","Microstomus pacificus",0,"47-9",42.06771833,-125.1642983,150,150
"MFU","52193","621","d1","1","Sardinops sagax",0,"47-9",42.06771833,-125.1642983,150,150
"MFU","52193","621","d1","1","Scomber japonicus",0,"47-9",42.06771833,-125.1642983,150,150
"MFU","52193","621","d1","1","Sebastes entomelas",0,"47-9",42.06771833,-125.1642983,150,150
"MFU","52193","621","d1","1","Stenobrachius leucopsarus",0,"47-9",42.06771833,-125.1642983,150,150
"MFU","52193","621","d1","1","Stenobrachius leucopsarus",2595,"47-9",42.06771833,-125.1642983,150,150
"MFU","52193","621","d1","1","Tactostoma macropus",0,"47-9",42.06771833,-125.1642983,150,150
"MFU","52193","621","d1","1","Tarletonbeania crenularis",0,"47-9",42.06771833,-125.1642983,150,150
"MFU","52193","621","d1","1","Tarletonbeania crenularis",4099,"47-9",42.06771833,-125.1642983,150,150
"MFU","52193","621","d1","1","Thaleichthys pacificus",0,"47-9",42.06771833,-125.1642983,150,150
"MFU","52193","621","d1","1","Trachurus symmetricus",0,"47-9",42.06771833,-125.1642983,150,150
"MFU","52193","621","d1","1","Trachurus symmetricus",9290,"47-9",42.06771833,-125.1642983,150,150
"MFU","52193","625","d1","1","Clupea pallasii",0,"47-9",42.06771833,-125.1642983,50,50
"MFU","52193","625","d1","1","Engraulis mordax",0,"47-9",42.06771833,-125.1642983,50,50
"MFU","52193","625","d1","1","Leuroglossus stilbius",0,"47-9",42.06771833,-125.1642983,50,50
"MFU","52193","625","d1","1","Merluccius productus",4405,"47-9",42.06771833,-125.1642983,50,50
"MFU","52193","625","d1","1","Merluccius productus",25637,"47-9",42.06771833,-125.1642983,50,50
"MFU","52193","625","d1","1","Microstomus pacificus",0,"47-9",42.06771833,-125.1642983,50,50
"MFU","52193","625","d1","1","Sardinops sagax",5144,"47-9",42.06771833,-125.1642983,50,50
"MFU","52193","625","d1","1","Scomber japonicus",0,"47-9",42.06771833,-125.1642983,50,50
"MFU","52193","625","d1","1","Sebastes entomelas",4620,"47-9",42.06771833,-125.1642983,50,50
"MFU","52193","625","d1","1","Stenobrachius leucopsarus",0,"47-9",42.06771833,-125.1642983,50,50
"MFU","52193","625","d1","1","Stenobrachius leucopsarus",0,"47-9",42.06771833,-125.1642983,50,50
"MFU","52193","625","d1","1","Tactostoma macropus",0,"47-9",42.06771833,-125.1642983,50,50
"MFU","52193","625","d1","1","Tarletonbeania crenularis",0,"47-9",42.06771833,-125.1642983,50,50
"MFU","52193","625","d1","1","Tarletonbeania crenularis",692,"47-9",42.06771833,-125.1642983,50,50
"MFU","52193","625","d1","1","Thaleichthys pacificus",0,"47-9",42.06771833,-125.1642983,50,50
"MFU","52193","625","d1","1","Trachurus symmetricus",0,"47-9",42.06771833,-125.1642983,50,50
"MFU","52193","625","d1","1","Trachurus symmetricus",24363,"47-9",42.06771833,-125.1642983,50,50
"MFU","52193","627","d10","1","Clupea pallasii",0,"47-9",42.06771833,-125.1642983,0,0
"MFU","52193","627","d10","1","Engraulis mordax",12721,"47-9",42.06771833,-125.1642983,0,0
"MFU","52193","627","d10","1","Leuroglossus stilbius",0,"47-9",42.06771833,-125.1642983,0,0
"MFU","52193","627","d10","1","Merluccius productus",0,"47-9",42.06771833,-125.1642983,0,0
"MFU","52193","627","d10","1","Merluccius productus",1042,"47-9",42.06771833,-125.1642983,0,0
"MFU","52193","627","d10","1","Microstomus pacificus",0,"47-9",42.06771833,-125.1642983,0,0
"MFU","52193","627","d10","1","Sardinops sagax",35515,"47-9",42.06771833,-125.1642983,0,0
"MFU","52193","627","d10","1","Scomber japonicus",0,"47-9",42.06771833,-125.1642983,0,0
"MFU","52193","627","d10","1","Sebastes entomelas",0,"47-9",42.06771833,-125.1642983,0,0
"MFU","52193","627","d10","1","Stenobrachius leucopsarus",0,"47-9",42.06771833,-125.1642983,0,0
"MFU","52193","627","d10","1","Stenobrachius leucopsarus",0,"47-9",42.06771833,-125.1642983,0,0
"MFU","52193","627","d10","1","Tactostoma macropus",0,"47-9",42.06771833,-125.1642983,0,0
"MFU","52193","627","d10","1","Tarletonbeania crenularis",0,"47-9",42.06771833,-125.1642983,0,0
"MFU","52193","627","d10","1","Tarletonbeania crenularis",132,"47-9",42.06771833,-125.1642983,0,0
"MFU","52193","627","d10","1","Thaleichthys pacificus",0,"47-9",42.06771833,-125.1642983,0,0
"MFU","52193","627","d10","1","Trachurus symmetricus",0,"47-9",42.06771833,-125.1642983,0,0
"MFU","52193","627","d10","1","Trachurus symmetricus",0,"47-9",42.06771833,-125.1642983,0,0
"MFU","52193","637","d10","1","Clupea pallasii",0,"47-7",42.06740167,-125.00537,50,50
"MFU","52193","637","d10","1","Engraulis mordax",0,"47-7",42.06740167,-125.00537,50,50
"MFU","52193","637","d10","1","Leuroglossus stilbius",0,"47-7",42.06740167,-125.00537,50,50
"MFU","52193","637","d10","1","Merluccius productus",0,"47-7",42.06740167,-125.00537,50,50
"MFU","52193","637","d10","1","Merluccius productus",0,"47-7",42.06740167,-125.00537,50,50
"MFU","52193","637","d10","1","Microstomus pacificus",0,"47-7",42.06740167,-125.00537,50,50
"MFU","52193","637","d10","1","Sardinops sagax",21431,"47-7",42.06740167,-125.00537,50,50
"MFU","52193","637","d10","1","Scomber japonicus",0,"47-7",42.06740167,-125.00537,50,50
"MFU","52193","637","d10","1","Sebastes entomelas",0,"47-7",42.06740167,-125.00537,50,50
"MFU","52193","637","d10","1","Stenobrachius leucopsarus",0,"47-7",42.06740167,-125.00537,50,50
"MFU","52193","637","d10","1","Stenobrachius leucopsarus",0,"47-7",42.06740167,-125.00537,50,50
"MFU","52193","637","d10","1","Tactostoma macropus",0,"47-7",42.06740167,-125.00537,50,50
"MFU","52193","637","d10","1","Tarletonbeania crenularis",0,"47-7",42.06740167,-125.00537,50,50
"MFU","52193","637","d10","1","Tarletonbeania crenularis",0,"47-7",42.06740167,-125.00537,50,50
"MFU","52193","637","d10","1","Thaleichthys pacificus",0,"47-7",42.06740167,-125.00537,50,50
"MFU","52193","637","d10","1","Trachurus symmetricus",0,"47-7",42.06740167,-125.00537,50,50
"MFU","52193","637","d10","1","Trachurus symmetricus",0,"47-7",42.06740167,-125.00537,50,50
"MFU","52193","639","d10","1","Clupea pallasii",0,"47-7",42.06740167,-125.00537,0,0
"MFU","52193","639","d10","1","Engraulis mordax",3972,"47-7",42.06740167,-125.00537,0,0
"MFU","52193","639","d10","1","Leuroglossus stilbius",0,"47-7",42.06740167,-125.00537,0,0
"MFU","52193","639","d10","1","Merluccius productus",0,"47-7",42.06740167,-125.00537,0,0
"MFU","52193","639","d10","1","Merluccius productus",1430,"47-7",42.06740167,-125.00537,0,0
"MFU","52193","639","d10","1","Microstomus pacificus",0,"47-7",42.06740167,-125.00537,0,0
"MFU","52193","639","d10","1","Sardinops sagax",41162,"47-7",42.06740167,-125.00537,0,0
"MFU","52193","639","d10","1","Scomber japonicus",3540,"47-7",42.06740167,-125.00537,0,0
"MFU","52193","639","d10","1","Sebastes entomelas",0,"47-7",42.06740167,-125.00537,0,0
"MFU","52193","639","d10","1","Stenobrachius leucopsarus",0,"47-7",42.06740167,-125.00537,0,0
"MFU","52193","639","d10","1","Stenobrachius leucopsarus",0,"47-7",42.06740167,-125.00537,0,0
"MFU","52193","639","d10","1","Tactostoma macropus",0,"47-7",42.06740167,-125.00537,0,0
"MFU","52193","639","d10","1","Tarletonbeania crenularis",0,"47-7",42.06740167,-125.00537,0,0
"MFU","52193","639","d10","1","Tarletonbeania crenularis",1103,"47-7",42.06740167,-125.00537,0,0
"MFU","52193","639","d10","1","Thaleichthys pacificus",0,"47-7",42.06740167,-125.00537,0,0
"MFU","52193","639","d10","1","Trachurus symmetricus",0,"47-7",42.06740167,-125.00537,0,0
"MFU","52193","639","d10","1","Trachurus symmetricus",8505,"47-7",42.06740167,-125.00537,0,0
"MFU","52193","641","d1","1","Clupea pallasii",0,"47-5",42.064585,-124.7708017,500,500
"MFU","52193","641","d1","1","Engraulis mordax",0,"47-5",42.064585,-124.7708017,500,500
"MFU","52193","641","d1","1","Leuroglossus stilbius",0,"47-5",42.064585,-124.7708017,500,500
"MFU","52193","641","d1","1","Merluccius productus",0,"47-5",42.064585,-124.7708017,500,500
"MFU","52193","641","d1","1","Merluccius productus",21461,"47-5",42.064585,-124.7708017,500,500
"MFU","52193","641","d1","1","Microstomus pacificus",0,"47-5",42.064585,-124.7708017,500,500
"MFU","52193","641","d1","1","Sardinops sagax",0,"47-5",42.064585,-124.7708017,500,500
"MFU","52193","641","d1","1","Scomber japonicus",5703,"47-5",42.064585,-124.7708017,500,500
"MFU","52193","641","d1","1","Sebastes entomelas",0,"47-5",42.064585,-124.7708017,500,500
"MFU","52193","641","d1","1","Stenobrachius leucopsarus",0,"47-5",42.064585,-124.7708017,500,500
"MFU","52193","641","d1","1","Stenobrachius leucopsarus",0,"47-5",42.064585,-124.7708017,500,500
"MFU","52193","641","d1","1","Tactostoma macropus",0,"47-5",42.064585,-124.7708017,500,500
"MFU","52193","641","d1","1","Tarletonbeania crenularis",0,"47-5",42.064585,-124.7708017,500,500
"MFU","52193","641","d1","1","Tarletonbeania crenularis",0,"47-5",42.064585,-124.7708017,500,500
"MFU","52193","641","d1","1","Thaleichthys pacificus",0,"47-5",42.064585,-124.7708017,500,500
"MFU","52193","641","d1","1","Trachurus symmetricus",0,"47-5",42.064585,-124.7708017,500,500
"MFU","52193","641","d1","1","Trachurus symmetricus",0,"47-5",42.064585,-124.7708017,500,500
"MFU","52193","643","d1","1","Clupea pallasii",0,"47-5",42.064585,-124.7708017,300,300
"MFU","52193","643","d1","1","Engraulis mordax",0,"47-5",42.064585,-124.7708017,300,300
"MFU","52193","643","d1","1","Leuroglossus stilbius",0,"47-5",42.064585,-124.7708017,300,300
"MFU","52193","643","d1","1","Merluccius productus",17217,"47-5",42.064585,-124.7708017,300,300
"MFU","52193","643","d1","1","Merluccius productus",17696,"47-5",42.064585,-124.7708017,300,300
"MFU","52193","643","d1","1","Microstomus pacificus",0,"47-5",42.064585,-124.7708017,300,300
"MFU","52193","643","d1","1","Sardinops sagax",0,"47-5",42.064585,-124.7708017,300,300
"MFU","52193","643","d1","1","Scomber japonicus",0,"47-5",42.064585,-124.7708017,300,300
"MFU","52193","643","d1","1","Sebastes entomelas",0,"47-5",42.064585,-124.7708017,300,300
"MFU","52193","643","d1","1","Stenobrachius leucopsarus",0,"47-5",42.064585,-124.7708017,300,300
"MFU","52193","643","d1","1","Stenobrachius leucopsarus",17543,"47-5",42.064585,-124.7708017,300,300
"MFU","52193","643","d1","1","Tactostoma macropus",0,"47-5",42.064585,-124.7708017,300,300
"MFU","52193","643","d1","1","Tarletonbeania crenularis",19397,"47-5",42.064585,-124.7708017,300,300
"MFU","52193","643","d1","1","Tarletonbeania crenularis",36258,"47-5",42.064585,-124.7708017,300,300
"MFU","52193","643","d1","1","Thaleichthys pacificus",0,"47-5",42.064585,-124.7708017,300,300
"MFU","52193","643","d1","1","Trachurus symmetricus",0,"47-5",42.064585,-124.7708017,300,300
"MFU","52193","643","d1","1","Trachurus symmetricus",0,"47-5",42.064585,-124.7708017,300,300
"MFU","52193","645","d1","1","Clupea pallasii",0,"47-5",42.064585,-124.7708017,150,150
"MFU","52193","645","d1","1","Engraulis mordax",0,"47-5",42.064585,-124.7708017,150,150
"MFU","52193","645","d1","1","Leuroglossus stilbius",0,"47-5",42.064585,-124.7708017,150,150
"MFU","52193","645","d1","1","Merluccius productus",0,"47-5",42.064585,-124.7708017,150,150
"MFU","52193","645","d1","1","Merluccius productus",10589,"47-5",42.064585,-124.7708017,150,150
"MFU","52193","645","d1","1","Microstomus pacificus",0,"47-5",42.064585,-124.7708017,150,150
"MFU","52193","645","d1","1","Sardinops sagax",0,"47-5",42.064585,-124.7708017,150,150
"MFU","52193","645","d1","1","Scomber japonicus",0,"47-5",42.064585,-124.7708017,150,150
"MFU","52193","645","d1","1","Sebastes entomelas",0,"47-5",42.064585,-124.7708017,150,150
"MFU","52193","645","d1","1","Stenobrachius leucopsarus",0,"47-5",42.064585,-124.7708017,150,150
"MFU","52193","645","d1","1","Stenobrachius leucopsarus",1339,"47-5",42.064585,-124.7708017,150,150
"MFU","52193","645","d1","1","Tactostoma macropus",0,"47-5",42.064585,-124.7708017,150,150
"MFU","52193","645","d1","1","Tarletonbeania crenularis",0,"47-5",42.064585,-124.7708017,150,150
"MFU","52193","645","d1","1","Tarletonbeania crenularis",4740,"47-5",42.064585,-124.7708017,150,150
"MFU","52193","645","d1","1","Thaleichthys pacificus",0,"47-5",42.064585,-124.7708017,150,150
"MFU","52193","645","d1","1","Trachurus symmetricus",0,"47-5",42.064585,-124.7708017,150,150
"MFU","52193","645","d1","1","Trachurus symmetricus",0,"47-5",42.064585,-124.7708017,150,150
"MFU","52193","649","d10","1","Clupea pallasii",0,"47-5",42.064585,-124.7708017,50,50
"MFU","52193","649","d10","1","Engraulis mordax",0,"47-5",42.064585,-124.7708017,50,50
"MFU","52193","649","d10","1","Leuroglossus stilbius",0,"47-5",42.064585,-124.7708017,50,50
"MFU","52193","649","d10","1","Merluccius productus",0,"47-5",42.064585,-124.7708017,50,50
"MFU","52193","649","d10","1","Merluccius productus",0,"47-5",42.064585,-124.7708017,50,50
"MFU","52193","649","d10","1","Microstomus pacificus",0,"47-5",42.064585,-124.7708017,50,50
"MFU","52193","649","d10","1","Sardinops sagax",2065,"47-5",42.064585,-124.7708017,50,50
"MFU","52193","649","d10","1","Scomber japonicus",0,"47-5",42.064585,-124.7708017,50,50
"MFU","52193","649","d10","1","Sebastes entomelas",0,"47-5",42.064585,-124.7708017,50,50
"MFU","52193","649","d10","1","Stenobrachius leucopsarus",0,"47-5",42.064585,-124.7708017,50,50
"MFU","52193","649","d10","1","Stenobrachius leucopsarus",0,"47-5",42.064585,-124.7708017,50,50
"MFU","52193","649","d10","1","Tactostoma macropus",0,"47-5",42.064585,-124.7708017,50,50
"MFU","52193","649","d10","1","Tarletonbeania crenularis",0,"47-5",42.064585,-124.7708017,50,50
"MFU","52193","649","d10","1","Tarletonbeania crenularis",0,"47-5",42.064585,-124.7708017,50,50
"MFU","52193","649","d10","1","Thaleichthys pacificus",0,"47-5",42.064585,-124.7708017,50,50
"MFU","52193","649","d10","1","Trachurus symmetricus",0,"47-5",42.064585,-124.7708017,50,50
"MFU","52193","649","d10","1","Trachurus symmetricus",0,"47-5",42.064585,-124.7708017,50,50
"MFU","52193","651","d10","1","Clupea pallasii",0,"47-5",42.064585,-124.7708017,0,0
"MFU","52193","651","d10","1","Engraulis mordax",6822,"47-5",42.064585,-124.7708017,0,0
"MFU","52193","651","d10","1","Leuroglossus stilbius",0,"47-5",42.064585,-124.7708017,0,0
"MFU","52193","651","d10","1","Merluccius productus",0,"47-5",42.064585,-124.7708017,0,0
"MFU","52193","651","d10","1","Merluccius productus",0,"47-5",42.064585,-124.7708017,0,0
"MFU","52193","651","d10","1","Microstomus pacificus",0,"47-5",42.064585,-124.7708017,0,0
"MFU","52193","651","d10","1","Sardinops sagax",10395,"47-5",42.064585,-124.7708017,0,0
"MFU","52193","651","d10","1","Scomber japonicus",0,"47-5",42.064585,-124.7708017,0,0
"MFU","52193","651","d10","1","Sebastes entomelas",0,"47-5",42.064585,-124.7708017,0,0
"MFU","52193","651","d10","1","Stenobrachius leucopsarus",0,"47-5",42.064585,-124.7708017,0,0
"MFU","52193","651","d10","1","Stenobrachius leucopsarus",0,"47-5",42.064585,-124.7708017,0,0
"MFU","52193","651","d10","1","Tactostoma macropus",0,"47-5",42.064585,-124.7708017,0,0
"MFU","52193","651","d10","1","Tarletonbeania crenularis",0,"47-5",42.064585,-124.7708017,0,0
"MFU","52193","651","d10","1","Tarletonbeania crenularis",0,"47-5",42.064585,-124.7708017,0,0
"MFU","52193","651","d10","1","Thaleichthys pacificus",0,"47-5",42.064585,-124.7708017,0,0
"MFU","52193","651","d10","1","Trachurus symmetricus",0,"47-5",42.064585,-124.7708017,0,0
"MFU","52193","651","d10","1","Trachurus symmetricus",0,"47-5",42.064585,-124.7708017,0,0
"MFU","52193","659","d10","1","Clupea pallasii",0,"47-3",42.06485667,-124.5978567,50,50
"MFU","52193","659","d10","1","Engraulis mordax",0,"47-3",42.06485667,-124.5978567,50,50
"MFU","52193","659","d10","1","Leuroglossus stilbius",0,"47-3",42.06485667,-124.5978567,50,50
"MFU","52193","659","d10","1","Merluccius productus",0,"47-3",42.06485667,-124.5978567,50,50
"MFU","52193","659","d10","1","Merluccius productus",17234,"47-3",42.06485667,-124.5978567,50,50
"MFU","52193","659","d10","1","Microstomus pacificus",0,"47-3",42.06485667,-124.5978567,50,50
"MFU","52193","659","d10","1","Sardinops sagax",0,"47-3",42.06485667,-124.5978567,50,50
"MFU","52193","659","d10","1","Scomber japonicus",0,"47-3",42.06485667,-124.5978567,50,50
"MFU","52193","659","d10","1","Sebastes entomelas",16802,"47-3",42.06485667,-124.5978567,50,50
"MFU","52193","659","d10","1","Stenobrachius leucopsarus",0,"47-3",42.06485667,-124.5978567,50,50
"MFU","52193","659","d10","1","Stenobrachius leucopsarus",0,"47-3",42.06485667,-124.5978567,50,50
"MFU","52193","659","d10","1","Tactostoma macropus",0,"47-3",42.06485667,-124.5978567,50,50
"MFU","52193","659","d10","1","Tarletonbeania crenularis",0,"47-3",42.06485667,-124.5978567,50,50
"MFU","52193","659","d10","1","Tarletonbeania crenularis",0,"47-3",42.06485667,-124.5978567,50,50
"MFU","52193","659","d10","1","Thaleichthys pacificus",0,"47-3",42.06485667,-124.5978567,50,50
"MFU","52193","659","d10","1","Trachurus symmetricus",0,"47-3",42.06485667,-124.5978567,50,50
"MFU","52193","659","d10","1","Trachurus symmetricus",19602,"47-3",42.06485667,-124.5978567,50,50
"MFU","52193","661","d10","1","Clupea pallasii",2286,"47-3",42.06485667,-124.5978567,0,0
"MFU","52193","661","d10","1","Engraulis mordax",26752,"47-3",42.06485667,-124.5978567,0,0
"MFU","52193","661","d10","1","Leuroglossus stilbius",0,"47-3",42.06485667,-124.5978567,0,0
"MFU","52193","661","d10","1","Merluccius productus",0,"47-3",42.06485667,-124.5978567,0,0
"MFU","52193","661","d10","1","Merluccius productus",0,"47-3",42.06485667,-124.5978567,0,0
"MFU","52193","661","d10","1","Microstomus pacificus",0,"47-3",42.06485667,-124.5978567,0,0
"MFU","52193","661","d10","1","Sardinops sagax",1890,"47-3",42.06485667,-124.5978567,0,0
"MFU","52193","661","d10","1","Scomber japonicus",0,"47-3",42.06485667,-124.5978567,0,0
"MFU","52193","661","d10","1","Sebastes entomelas",0,"47-3",42.06485667,-124.5978567,0,0
"MFU","52193","661","d10","1","Stenobrachius leucopsarus",0,"47-3",42.06485667,-124.5978567,0,0
"MFU","52193","661","d10","1","Stenobrachius leucopsarus",0,"47-3",42.06485667,-124.5978567,0,0
"MFU","52193","661","d10","1","Tactostoma macropus",0,"47-3",42.06485667,-124.5978567,0,0
"MFU","52193","661","d10","1","Tarletonbeania crenularis",0,"47-3",42.06485667,-124.5978567,0,0
"MFU","52193","661","d10","1","Tarletonbeania crenularis",0,"47-3",42.06485667,-124.5978567,0,0
"MFU","52193","661","d10","1","Thaleichthys pacificus",0,"47-3",42.06485667,-124.5978567,0,0
"MFU","52193","661","d10","1","Trachurus symmetricus",0,"47-3",42.06485667,-124.5978567,0,0
"MFU","52193","661","d10","1","Trachurus symmetricus",0,"47-3",42.06485667,-124.5978567,0,0
"MFU","52193","665","d10","1","Clupea pallasii",184394,"47-2",42.06466333,-124.5103483,50,50
"MFU","52193","665","d10","1","Engraulis mordax",0,"47-2",42.06466333,-124.5103483,50,50
"MFU","52193","665","d10","1","Leuroglossus stilbius",0,"47-2",42.06466333,-124.5103483,50,50
"MFU","52193","665","d10","1","Merluccius productus",0,"47-2",42.06466333,-124.5103483,50,50
"MFU","52193","665","d10","1","Merluccius productus",11237,"47-2",42.06466333,-124.5103483,50,50
"MFU","52193","665","d10","1","Microstomus pacificus",0,"47-2",42.06466333,-124.5103483,50,50
"MFU","52193","665","d10","1","Sardinops sagax",3271,"47-2",42.06466333,-124.5103483,50,50
"MFU","52193","665","d10","1","Scomber japonicus",0,"47-2",42.06466333,-124.5103483,50,50
"MFU","52193","665","d10","1","Sebastes entomelas",0,"47-2",42.06466333,-124.5103483,50,50
"MFU","52193","665","d10","1","Stenobrachius leucopsarus",0,"47-2",42.06466333,-124.5103483,50,50
"MFU","52193","665","d10","1","Stenobrachius leucopsarus",0,"47-2",42.06466333,-124.5103483,50,50
"MFU","52193","665","d10","1","Tactostoma macropus",0,"47-2",42.06466333,-124.5103483,50,50
"MFU","52193","665","d10","1","Tarletonbeania crenularis",0,"47-2",42.06466333,-124.5103483,50,50
"MFU","52193","665","d10","1","Tarletonbeania crenularis",0,"47-2",42.06466333,-124.5103483,50,50
"MFU","52193","665","d10","1","Thaleichthys pacificus",0,"47-2",42.06466333,-124.5103483,50,50
"MFU","52193","665","d10","1","Trachurus symmetricus",0,"47-2",42.06466333,-124.5103483,50,50
"MFU","52193","665","d10","1","Trachurus symmetricus",4350,"47-2",42.06466333,-124.5103483,50,50
"MFU","52193","667","d1","1","Clupea pallasii",68076,"47-2",42.06466333,-124.5103483,0,0
"MFU","52193","667","d1","1","Engraulis mordax",157397,"47-2",42.06466333,-124.5103483,0,0
"MFU","52193","667","d1","1","Leuroglossus stilbius",0,"47-2",42.06466333,-124.5103483,0,0
"MFU","52193","667","d1","1","Merluccius productus",0,"47-2",42.06466333,-124.5103483,0,0
"MFU","52193","667","d1","1","Merluccius productus",13643,"47-2",42.06466333,-124.5103483,0,0
"MFU","52193","667","d1","1","Microstomus pacificus",0,"47-2",42.06466333,-124.5103483,0,0
"MFU","52193","667","d1","1","Sardinops sagax",44289,"47-2",42.06466333,-124.5103483,0,0
"MFU","52193","667","d1","1","Scomber japonicus",0,"47-2",42.06466333,-124.5103483,0,0
"MFU","52193","667","d1","1","Sebastes entomelas",0,"47-2",42.06466333,-124.5103483,0,0
"MFU","52193","667","d1","1","Stenobrachius leucopsarus",0,"47-2",42.06466333,-124.5103483,0,0
"MFU","52193","667","d1","1","Stenobrachius leucopsarus",0,"47-2",42.06466333,-124.5103483,0,0
"MFU","52193","667","d1","1","Tactostoma macropus",0,"47-2",42.06466333,-124.5103483,0,0
"MFU","52193","667","d1","1","Tarletonbeania crenularis",0,"47-2",42.06466333,-124.5103483,0,0
"MFU","52193","667","d1","1","Tarletonbeania crenularis",0,"47-2",42.06466333,-124.5103483,0,0
"MFU","52193","667","d1","1","Thaleichthys pacificus",0,"47-2",42.06466333,-124.5103483,0,0
"MFU","52193","667","d1","1","Trachurus symmetricus",0,"47-2",42.06466333,-124.5103483,0,0
"MFU","52193","667","d1","1","Trachurus symmetricus",0,"47-2",42.06466333,-124.5103483,0,0
"MFU","52193","680","d10","1","Clupea pallasii",0,"49-2",42.39589167,-124.7121883,50,50
"MFU","52193","680","d10","1","Engraulis mordax",0,"49-2",42.39589167,-124.7121883,50,50
"MFU","52193","680","d10","1","Leuroglossus stilbius",0,"49-2",42.39589167,-124.7121883,50,50
"MFU","52193","680","d10","1","Merluccius productus",0,"49-2",42.39589167,-124.7121883,50,50
"MFU","52193","680","d10","1","Merluccius productus",0,"49-2",42.39589167,-124.7121883,50,50
"MFU","52193","680","d10","1","Microstomus pacificus",0,"49-2",42.39589167,-124.7121883,50,50
"MFU","52193","680","d10","1","Sardinops sagax",54931,"49-2",42.39589167,-124.7121883,50,50
"MFU","52193","680","d10","1","Scomber japonicus",1913,"49-2",42.39589167,-124.7121883,50,50
"MFU","52193","680","d10","1","Sebastes entomelas",0,"49-2",42.39589167,-124.7121883,50,50
"MFU","52193","680","d10","1","Stenobrachius leucopsarus",0,"49-2",42.39589167,-124.7121883,50,50
"MFU","52193","680","d10","1","Stenobrachius leucopsarus",503,"49-2",42.39589167,-124.7121883,50,50
"MFU","52193","680","d10","1","Tactostoma macropus",0,"49-2",42.39589167,-124.7121883,50,50
"MFU","52193","680","d10","1","Tarletonbeania crenularis",0,"49-2",42.39589167,-124.7121883,50,50
"MFU","52193","680","d10","1","Tarletonbeania crenularis",0,"49-2",42.39589167,-124.7121883,50,50
"MFU","52193","680","d10","1","Thaleichthys pacificus",0,"49-2",42.39589167,-124.7121883,50,50
"MFU","52193","680","d10","1","Trachurus symmetricus",0,"49-2",42.39589167,-124.7121883,50,50
"MFU","52193","680","d10","1","Trachurus symmetricus",940,"49-2",42.39589167,-124.7121883,50,50
"MFU","52193","682","d5","1","Clupea pallasii",3396,"49-2",42.39589167,-124.7121883,0,0
"MFU","52193","682","d5","1","Engraulis mordax",3584,"49-2",42.39589167,-124.7121883,0,0
"MFU","52193","682","d5","1","Leuroglossus stilbius",0,"49-2",42.39589167,-124.7121883,0,0
"MFU","52193","682","d5","1","Merluccius productus",2235,"49-2",42.39589167,-124.7121883,0,0
"MFU","52193","682","d5","1","Merluccius productus",0,"49-2",42.39589167,-124.7121883,0,0
"MFU","52193","682","d5","1","Microstomus pacificus",0,"49-2",42.39589167,-124.7121883,0,0
"MFU","52193","682","d5","1","Sardinops sagax",15508,"49-2",42.39589167,-124.7121883,0,0
"MFU","52193","682","d5","1","Scomber japonicus",0,"49-2",42.39589167,-124.7121883,0,0
"MFU","52193","682","d5","1","Sebastes entomelas",0,"49-2",42.39589167,-124.7121883,0,0
"MFU","52193","682","d5","1","Stenobrachius leucopsarus",0,"49-2",42.39589167,-124.7121883,0,0
"MFU","52193","682","d5","1","Stenobrachius leucopsarus",0,"49-2",42.39589167,-124.7121883,0,0
"MFU","52193","682","d5","1","Tactostoma macropus",0,"49-2",42.39589167,-124.7121883,0,0
"MFU","52193","682","d5","1","Tarletonbeania crenularis",0,"49-2",42.39589167,-124.7121883,0,0
"MFU","52193","682","d5","1","Tarletonbeania crenularis",0,"49-2",42.39589167,-124.7121883,0,0
"MFU","52193","682","d5","1","Thaleichthys pacificus",0,"49-2",42.39589167,-124.7121883,0,0
"MFU","52193","682","d5","1","Trachurus symmetricus",0,"49-2",42.39589167,-124.7121883,0,0
"MFU","52193","682","d5","1","Trachurus symmetricus",9364,"49-2",42.39589167,-124.7121883,0,0
"MFU","52193","692","d10","1","Clupea pallasii",0,"49-4",42.39418167,-124.773615,50,50
"MFU","52193","692","d10","1","Engraulis mordax",0,"49-4",42.39418167,-124.773615,50,50
"MFU","52193","692","d10","1","Leuroglossus stilbius",0,"49-4",42.39418167,-124.773615,50,50
"MFU","52193","692","d10","1","Merluccius productus",0,"49-4",42.39418167,-124.773615,50,50
"MFU","52193","692","d10","1","Merluccius productus",124857,"49-4",42.39418167,-124.773615,50,50
"MFU","52193","692","d10","1","Microstomus pacificus",0,"49-4",42.39418167,-124.773615,50,50
"MFU","52193","692","d10","1","Sardinops sagax",7151,"49-4",42.39418167,-124.773615,50,50
"MFU","52193","692","d10","1","Scomber japonicus",0,"49-4",42.39418167,-124.773615,50,50
"MFU","52193","692","d10","1","Sebastes entomelas",0,"49-4",42.39418167,-124.773615,50,50
"MFU","52193","692","d10","1","Stenobrachius leucopsarus",0,"49-4",42.39418167,-124.773615,50,50
"MFU","52193","692","d10","1","Stenobrachius leucopsarus",0,"49-4",42.39418167,-124.773615,50,50
"MFU","52193","692","d10","1","Tactostoma macropus",0,"49-4",42.39418167,-124.773615,50,50
"MFU","52193","692","d10","1","Tarletonbeania crenularis",0,"49-4",42.39418167,-124.773615,50,50
"MFU","52193","692","d10","1","Tarletonbeania crenularis",0,"49-4",42.39418167,-124.773615,50,50
"MFU","52193","692","d10","1","Thaleichthys pacificus",0,"49-4",42.39418167,-124.773615,50,50
"MFU","52193","692","d10","1","Trachurus symmetricus",0,"49-4",42.39418167,-124.773615,50,50
"MFU","52193","692","d10","1","Trachurus symmetricus",0,"49-4",42.39418167,-124.773615,50,50
"MFU","52193","694","d5","1","Clupea pallasii",0,"49-4",42.39418167,-124.773615,0,0
"MFU","52193","694","d5","1","Engraulis mordax",0,"49-4",42.39418167,-124.773615,0,0
"MFU","52193","694","d5","1","Leuroglossus stilbius",0,"49-4",42.39418167,-124.773615,0,0
"MFU","52193","694","d5","1","Merluccius productus",0,"49-4",42.39418167,-124.773615,0,0
"MFU","52193","694","d5","1","Merluccius productus",0,"49-4",42.39418167,-124.773615,0,0
"MFU","52193","694","d5","1","Microstomus pacificus",0,"49-4",42.39418167,-124.773615,0,0
"MFU","52193","694","d5","1","Sardinops sagax",191892,"49-4",42.39418167,-124.773615,0,0
"MFU","52193","694","d5","1","Scomber japonicus",0,"49-4",42.39418167,-124.773615,0,0
"MFU","52193","694","d5","1","Sebastes entomelas",0,"49-4",42.39418167,-124.773615,0,0
"MFU","52193","694","d5","1","Stenobrachius leucopsarus",0,"49-4",42.39418167,-124.773615,0,0
"MFU","52193","694","d5","1","Stenobrachius leucopsarus",0,"49-4",42.39418167,-124.773615,0,0
"MFU","52193","694","d5","1","Tactostoma macropus",0,"49-4",42.39418167,-124.773615,0,0
"MFU","52193","694","d5","1","Tarletonbeania crenularis",0,"49-4",42.39418167,-124.773615,0,0
"MFU","52193","694","d5","1","Tarletonbeania crenularis",0,"49-4",42.39418167,-124.773615,0,0
"MFU","52193","694","d5","1","Thaleichthys pacificus",0,"49-4",42.39418167,-124.773615,0,0
"MFU","52193","694","d5","1","Trachurus symmetricus",0,"49-4",42.39418167,-124.773615,0,0
"MFU","52193","694","d5","1","Trachurus symmetricus",5673,"49-4",42.39418167,-124.773615,0,0
"MFU","52193","696","d1","1","Clupea pallasii",0,"49-5",42.39620167,-124.8933467,500,500
"MFU","52193","696","d1","1","Engraulis mordax",0,"49-5",42.39620167,-124.8933467,500,500
"MFU","52193","696","d1","1","Leuroglossus stilbius",0,"49-5",42.39620167,-124.8933467,500,500
"MFU","52193","696","d1","1","Merluccius productus",0,"49-5",42.39620167,-124.8933467,500,500
"MFU","52193","696","d1","1","Merluccius productus",5147,"49-5",42.39620167,-124.8933467,500,500
"MFU","52193","696","d1","1","Microstomus pacificus",0,"49-5",42.39620167,-124.8933467,500,500
"MFU","52193","696","d1","1","Sardinops sagax",0,"49-5",42.39620167,-124.8933467,500,500
"MFU","52193","696","d1","1","Scomber japonicus",0,"49-5",42.39620167,-124.8933467,500,500
"MFU","52193","696","d1","1","Sebastes entomelas",0,"49-5",42.39620167,-124.8933467,500,500
"MFU","52193","696","d1","1","Stenobrachius leucopsarus",0,"49-5",42.39620167,-124.8933467,500,500
"MFU","52193","696","d1","1","Stenobrachius leucopsarus",2750,"49-5",42.39620167,-124.8933467,500,500
"MFU","52193","696","d1","1","Tactostoma macropus",0,"49-5",42.39620167,-124.8933467,500,500
"MFU","52193","696","d1","1","Tarletonbeania crenularis",0,"49-5",42.39620167,-124.8933467,500,500
"MFU","52193","696","d1","1","Tarletonbeania crenularis",0,"49-5",42.39620167,-124.8933467,500,500
"MFU","52193","696","d1","1","Thaleichthys pacificus",0,"49-5",42.39620167,-124.8933467,500,500
"MFU","52193","696","d1","1","Trachurus symmetricus",0,"49-5",42.39620167,-124.8933467,500,500
"MFU","52193","696","d1","1","Trachurus symmetricus",0,"49-5",42.39620167,-124.8933467,500,500
"MFU","52193","698","d1","1","Clupea pallasii",0,"49-5",42.39620167,-124.8933467,300,300
"MFU","52193","698","d1","1","Engraulis mordax",0,"49-5",42.39620167,-124.8933467,300,300
"MFU","52193","698","d1","1","Leuroglossus stilbius",0,"49-5",42.39620167,-124.8933467,300,300
"MFU","52193","698","d1","1","Merluccius productus",3,"49-5",42.39620167,-124.8933467,300,300
"MFU","52193","698","d1","1","Merluccius productus",0,"49-5",42.39620167,-124.8933467,300,300
"MFU","52193","698","d1","1","Microstomus pacificus",0,"49-5",42.39620167,-124.8933467,300,300
"MFU","52193","698","d1","1","Sardinops sagax",0,"49-5",42.39620167,-124.8933467,300,300
"MFU","52193","698","d1","1","Scomber japonicus",0,"49-5",42.39620167,-124.8933467,300,300
"MFU","52193","698","d1","1","Sebastes entomelas",0,"49-5",42.39620167,-124.8933467,300,300
"MFU","52193","698","d1","1","Stenobrachius leucopsarus",0,"49-5",42.39620167,-124.8933467,300,300
"MFU","52193","698","d1","1","Stenobrachius leucopsarus",1996,"49-5",42.39620167,-124.8933467,300,300
"MFU","52193","698","d1","1","Tactostoma macropus",0,"49-5",42.39620167,-124.8933467,300,300
"MFU","52193","698","d1","1","Tarletonbeania crenularis",0,"49-5",42.39620167,-124.8933467,300,300
"MFU","52193","698","d1","1","Tarletonbeania crenularis",0,"49-5",42.39620167,-124.8933467,300,300
"MFU","52193","698","d1","1","Thaleichthys pacificus",0,"49-5",42.39620167,-124.8933467,300,300
"MFU","52193","698","d1","1","Trachurus symmetricus",0,"49-5",42.39620167,-124.8933467,300,300
"MFU","52193","698","d1","1","Trachurus symmetricus",0,"49-5",42.39620167,-124.8933467,300,300
"MFU","52193","70","d20","1","Clupea pallasii",0,"26-2",38.56174167,-123.6588383,0,0
"MFU","52193","70","d20","1","Engraulis mordax",10211,"26-2",38.56174167,-123.6588383,0,0
"MFU","52193","70","d20","1","Leuroglossus stilbius",0,"26-2",38.56174167,-123.6588383,0,0
"MFU","52193","70","d20","1","Merluccius productus",0,"26-2",38.56174167,-123.6588383,0,0
"MFU","52193","70","d20","1","Merluccius productus",0,"26-2",38.56174167,-123.6588383,0,0
"MFU","52193","70","d20","1","Microstomus pacificus",0,"26-2",38.56174167,-123.6588383,0,0
"MFU","52193","70","d20","1","Sardinops sagax",0,"26-2",38.56174167,-123.6588383,0,0
"MFU","52193","70","d20","1","Scomber japonicus",0,"26-2",38.56174167,-123.6588383,0,0
"MFU","52193","70","d20","1","Sebastes entomelas",0,"26-2",38.56174167,-123.6588383,0,0
"MFU","52193","70","d20","1","Stenobrachius leucopsarus",0,"26-2",38.56174167,-123.6588383,0,0
"MFU","52193","70","d20","1","Stenobrachius leucopsarus",0,"26-2",38.56174167,-123.6588383,0,0
"MFU","52193","70","d20","1","Tactostoma macropus",0,"26-2",38.56174167,-123.6588383,0,0
"MFU","52193","70","d20","1","Tarletonbeania crenularis",0,"26-2",38.56174167,-123.6588383,0,0
"MFU","52193","70","d20","1","Tarletonbeania crenularis",0,"26-2",38.56174167,-123.6588383,0,0
"MFU","52193","70","d20","1","Thaleichthys pacificus",0,"26-2",38.56174167,-123.6588383,0,0
"MFU","52193","70","d20","1","Trachurus symmetricus",0,"26-2",38.56174167,-123.6588383,0,0
"MFU","52193","70","d20","1","Trachurus symmetricus",509,"26-2",38.56174167,-123.6588383,0,0
"MFU","52193","700","d1","1","Clupea pallasii",0,"49-5",42.39620167,-124.8933467,150,150
"MFU","52193","700","d1","1","Engraulis mordax",0,"49-5",42.39620167,-124.8933467,150,150
"MFU","52193","700","d1","1","Leuroglossus stilbius",0,"49-5",42.39620167,-124.8933467,150,150
"MFU","52193","700","d1","1","Merluccius productus",2911,"49-5",42.39620167,-124.8933467,150,150
"MFU","52193","700","d1","1","Merluccius productus",141398,"49-5",42.39620167,-124.8933467,150,150
"MFU","52193","700","d1","1","Microstomus pacificus",1510,"49-5",42.39620167,-124.8933467,150,150
"MFU","52193","700","d1","1","Sardinops sagax",5906,"49-5",42.39620167,-124.8933467,150,150
"MFU","52193","700","d1","1","Scomber japonicus",0,"49-5",42.39620167,-124.8933467,150,150
"MFU","52193","700","d1","1","Sebastes entomelas",0,"49-5",42.39620167,-124.8933467,150,150
"MFU","52193","700","d1","1","Stenobrachius leucopsarus",0,"49-5",42.39620167,-124.8933467,150,150
"MFU","52193","700","d1","1","Stenobrachius leucopsarus",0,"49-5",42.39620167,-124.8933467,150,150
"MFU","52193","700","d1","1","Tactostoma macropus",0,"49-5",42.39620167,-124.8933467,150,150
"MFU","52193","700","d1","1","Tarletonbeania crenularis",0,"49-5",42.39620167,-124.8933467,150,150
"MFU","52193","700","d1","1","Tarletonbeania crenularis",1691,"49-5",42.39620167,-124.8933467,150,150
"MFU","52193","700","d1","1","Thaleichthys pacificus",0,"49-5",42.39620167,-124.8933467,150,150
"MFU","52193","700","d1","1","Trachurus symmetricus",0,"49-5",42.39620167,-124.8933467,150,150
"MFU","52193","700","d1","1","Trachurus symmetricus",1617,"49-5",42.39620167,-124.8933467,150,150
"MFU","52193","704","d1","1","Clupea pallasii",0,"49-5",42.39620167,-124.8933467,50,50
"MFU","52193","704","d1","1","Engraulis mordax",0,"49-5",42.39620167,-124.8933467,50,50
"MFU","52193","704","d1","1","Leuroglossus stilbius",0,"49-5",42.39620167,-124.8933467,50,50
"MFU","52193","704","d1","1","Merluccius productus",0,"49-5",42.39620167,-124.8933467,50,50
"MFU","52193","704","d1","1","Merluccius productus",0,"49-5",42.39620167,-124.8933467,50,50
"MFU","52193","704","d1","1","Microstomus pacificus",0,"49-5",42.39620167,-124.8933467,50,50
"MFU","52193","704","d1","1","Sardinops sagax",27628,"49-5",42.39620167,-124.8933467,50,50
"MFU","52193","704","d1","1","Scomber japonicus",0,"49-5",42.39620167,-124.8933467,50,50
"MFU","52193","704","d1","1","Sebastes entomelas",0,"49-5",42.39620167,-124.8933467,50,50
"MFU","52193","704","d1","1","Stenobrachius leucopsarus",0,"49-5",42.39620167,-124.8933467,50,50
"MFU","52193","704","d1","1","Stenobrachius leucopsarus",32323,"49-5",42.39620167,-124.8933467,50,50
"MFU","52193","704","d1","1","Tactostoma macropus",0,"49-5",42.39620167,-124.8933467,50,50
"MFU","52193","704","d1","1","Tarletonbeania crenularis",0,"49-5",42.39620167,-124.8933467,50,50
"MFU","52193","704","d1","1","Tarletonbeania crenularis",24053,"49-5",42.39620167,-124.8933467,50,50
"MFU","52193","704","d1","1","Thaleichthys pacificus",0,"49-5",42.39620167,-124.8933467,50,50
"MFU","52193","704","d1","1","Trachurus symmetricus",0,"49-5",42.39620167,-124.8933467,50,50
"MFU","52193","704","d1","1","Trachurus symmetricus",28822,"49-5",42.39620167,-124.8933467,50,50
"MFU","52193","706","d5","1","Clupea pallasii",0,"49-5",42.39620167,-124.8933467,0,0
"MFU","52193","706","d5","1","Engraulis mordax",0,"49-5",42.39620167,-124.8933467,0,0
"MFU","52193","706","d5","1","Leuroglossus stilbius",0,"49-5",42.39620167,-124.8933467,0,0
"MFU","52193","706","d5","1","Merluccius productus",0,"49-5",42.39620167,-124.8933467,0,0
"MFU","52193","706","d5","1","Merluccius productus",3097,"49-5",42.39620167,-124.8933467,0,0
"MFU","52193","706","d5","1","Microstomus pacificus",0,"49-5",42.39620167,-124.8933467,0,0
"MFU","52193","706","d5","1","Sardinops sagax",22518,"49-5",42.39620167,-124.8933467,0,0
"MFU","52193","706","d5","1","Scomber japonicus",0,"49-5",42.39620167,-124.8933467,0,0
"MFU","52193","706","d5","1","Sebastes entomelas",0,"49-5",42.39620167,-124.8933467,0,0
"MFU","52193","706","d5","1","Stenobrachius leucopsarus",0,"49-5",42.39620167,-124.8933467,0,0
"MFU","52193","706","d5","1","Stenobrachius leucopsarus",0,"49-5",42.39620167,-124.8933467,0,0
"MFU","52193","706","d5","1","Tactostoma macropus",0,"49-5",42.39620167,-124.8933467,0,0
"MFU","52193","706","d5","1","Tarletonbeania crenularis",0,"49-5",42.39620167,-124.8933467,0,0
"MFU","52193","706","d5","1","Tarletonbeania crenularis",4672,"49-5",42.39620167,-124.8933467,0,0
"MFU","52193","706","d5","1","Thaleichthys pacificus",0,"49-5",42.39620167,-124.8933467,0,0
"MFU","52193","706","d5","1","Trachurus symmetricus",0,"49-5",42.39620167,-124.8933467,0,0
"MFU","52193","706","d5","1","Trachurus symmetricus",18258,"49-5",42.39620167,-124.8933467,0,0
"MFU","52193","716","d10","1","Clupea pallasii",0,"49-7",42.40055,-125.1169683,50,50
"MFU","52193","716","d10","1","Engraulis mordax",0,"49-7",42.40055,-125.1169683,50,50
"MFU","52193","716","d10","1","Leuroglossus stilbius",0,"49-7",42.40055,-125.1169683,50,50
"MFU","52193","716","d10","1","Merluccius productus",0,"49-7",42.40055,-125.1169683,50,50
"MFU","52193","716","d10","1","Merluccius productus",0,"49-7",42.40055,-125.1169683,50,50
"MFU","52193","716","d10","1","Microstomus pacificus",0,"49-7",42.40055,-125.1169683,50,50
"MFU","52193","716","d10","1","Sardinops sagax",0,"49-7",42.40055,-125.1169683,50,50
"MFU","52193","716","d10","1","Scomber japonicus",0,"49-7",42.40055,-125.1169683,50,50
"MFU","52193","716","d10","1","Sebastes entomelas",34720,"49-7",42.40055,-125.1169683,50,50
"MFU","52193","716","d10","1","Stenobrachius leucopsarus",0,"49-7",42.40055,-125.1169683,50,50
"MFU","52193","716","d10","1","Stenobrachius leucopsarus",0,"49-7",42.40055,-125.1169683,50,50
"MFU","52193","716","d10","1","Tactostoma macropus",0,"49-7",42.40055,-125.1169683,50,50
"MFU","52193","716","d10","1","Tarletonbeania crenularis",0,"49-7",42.40055,-125.1169683,50,50
"MFU","52193","716","d10","1","Tarletonbeania crenularis",0,"49-7",42.40055,-125.1169683,50,50
"MFU","52193","716","d10","1","Thaleichthys pacificus",0,"49-7",42.40055,-125.1169683,50,50
"MFU","52193","716","d10","1","Trachurus symmetricus",0,"49-7",42.40055,-125.1169683,50,50
"MFU","52193","716","d10","1","Trachurus symmetricus",0,"49-7",42.40055,-125.1169683,50,50
"MFU","52193","718","d5","1","Clupea pallasii",0,"49-7",42.40055,-125.1169683,0,0
"MFU","52193","718","d5","1","Engraulis mordax",0,"49-7",42.40055,-125.1169683,0,0
"MFU","52193","718","d5","1","Leuroglossus stilbius",0,"49-7",42.40055,-125.1169683,0,0
"MFU","52193","718","d5","1","Merluccius productus",0,"49-7",42.40055,-125.1169683,0,0
"MFU","52193","718","d5","1","Merluccius productus",0,"49-7",42.40055,-125.1169683,0,0
"MFU","52193","718","d5","1","Microstomus pacificus",0,"49-7",42.40055,-125.1169683,0,0
"MFU","52193","718","d5","1","Sardinops sagax",40070,"49-7",42.40055,-125.1169683,0,0
"MFU","52193","718","d5","1","Scomber japonicus",947,"49-7",42.40055,-125.1169683,0,0
"MFU","52193","718","d5","1","Sebastes entomelas",0,"49-7",42.40055,-125.1169683,0,0
"MFU","52193","718","d5","1","Stenobrachius leucopsarus",0,"49-7",42.40055,-125.1169683,0,0
"MFU","52193","718","d5","1","Stenobrachius leucopsarus",0,"49-7",42.40055,-125.1169683,0,0
"MFU","52193","718","d5","1","Tactostoma macropus",0,"49-7",42.40055,-125.1169683,0,0
"MFU","52193","718","d5","1","Tarletonbeania crenularis",0,"49-7",42.40055,-125.1169683,0,0
"MFU","52193","718","d5","1","Tarletonbeania crenularis",875,"49-7",42.40055,-125.1169683,0,0
"MFU","52193","718","d5","1","Thaleichthys pacificus",0,"49-7",42.40055,-125.1169683,0,0
"MFU","52193","718","d5","1","Trachurus symmetricus",0,"49-7",42.40055,-125.1169683,0,0
"MFU","52193","718","d5","1","Trachurus symmetricus",6541,"49-7",42.40055,-125.1169683,0,0
"MFU","52193","72","d1","1","Clupea pallasii",0,"26-3",38.56264167,-123.9785983,500,500
"MFU","52193","72","d1","1","Engraulis mordax",0,"26-3",38.56264167,-123.9785983,500,500
"MFU","52193","72","d1","1","Leuroglossus stilbius",0,"26-3",38.56264167,-123.9785983,500,500
"MFU","52193","72","d1","1","Merluccius productus",0,"26-3",38.56264167,-123.9785983,500,500
"MFU","52193","72","d1","1","Merluccius productus",5503,"26-3",38.56264167,-123.9785983,500,500
"MFU","52193","72","d1","1","Microstomus pacificus",0,"26-3",38.56264167,-123.9785983,500,500
"MFU","52193","72","d1","1","Sardinops sagax",0,"26-3",38.56264167,-123.9785983,500,500
"MFU","52193","72","d1","1","Scomber japonicus",0,"26-3",38.56264167,-123.9785983,500,500
"MFU","52193","72","d1","1","Sebastes entomelas",0,"26-3",38.56264167,-123.9785983,500,500
"MFU","52193","72","d1","1","Stenobrachius leucopsarus",0,"26-3",38.56264167,-123.9785983,500,500
"MFU","52193","72","d1","1","Stenobrachius leucopsarus",0,"26-3",38.56264167,-123.9785983,500,500
"MFU","52193","72","d1","1","Tactostoma macropus",0,"26-3",38.56264167,-123.9785983,500,500
"MFU","52193","72","d1","1","Tarletonbeania crenularis",0,"26-3",38.56264167,-123.9785983,500,500
"MFU","52193","72","d1","1","Tarletonbeania crenularis",2359,"26-3",38.56264167,-123.9785983,500,500
"MFU","52193","72","d1","1","Thaleichthys pacificus",0,"26-3",38.56264167,-123.9785983,500,500
"MFU","52193","72","d1","1","Trachurus symmetricus",0,"26-3",38.56264167,-123.9785983,500,500
"MFU","52193","72","d1","1","Trachurus symmetricus",0,"26-3",38.56264167,-123.9785983,500,500
"MFU","52193","720","d10","1","Clupea pallasii",0,"49-9",42.73895167,-125.2012117,0,0
"MFU","52193","720","d10","1","Engraulis mordax",0,"49-9",42.73895167,-125.2012117,0,0
"MFU","52193","720","d10","1","Leuroglossus stilbius",0,"49-9",42.73895167,-125.2012117,0,0
"MFU","52193","720","d10","1","Merluccius productus",0,"49-9",42.73895167,-125.2012117,0,0
"MFU","52193","720","d10","1","Merluccius productus",5925,"49-9",42.73895167,-125.2012117,0,0
"MFU","52193","720","d10","1","Microstomus pacificus",0,"49-9",42.73895167,-125.2012117,0,0
"MFU","52193","720","d10","1","Sardinops sagax",0,"49-9",42.73895167,-125.2012117,0,0
"MFU","52193","720","d10","1","Scomber japonicus",0,"49-9",42.73895167,-125.2012117,0,0
"MFU","52193","720","d10","1","Sebastes entomelas",0,"49-9",42.73895167,-125.2012117,0,0
"MFU","52193","720","d10","1","Stenobrachius leucopsarus",0,"49-9",42.73895167,-125.2012117,0,0
"MFU","52193","720","d10","1","Stenobrachius leucopsarus",0,"49-9",42.73895167,-125.2012117,0,0
"MFU","52193","720","d10","1","Tactostoma macropus",0,"49-9",42.73895167,-125.2012117,0,0
"MFU","52193","720","d10","1","Tarletonbeania crenularis",0,"49-9",42.73895167,-125.2012117,0,0
"MFU","52193","720","d10","1","Tarletonbeania crenularis",3954,"49-9",42.73895167,-125.2012117,0,0
"MFU","52193","720","d10","1","Thaleichthys pacificus",0,"49-9",42.73895167,-125.2012117,0,0
"MFU","52193","720","d10","1","Trachurus symmetricus",0,"49-9",42.73895167,-125.2012117,0,0
"MFU","52193","720","d10","1","Trachurus symmetricus",16035,"49-9",42.73895167,-125.2012117,0,0
"MFU","52193","724","d1","1","Clupea pallasii",0,"51-9",42.73451,-125.3422767,500,500
"MFU","52193","724","d1","1","Engraulis mordax",0,"51-9",42.73451,-125.3422767,500,500
"MFU","52193","724","d1","1","Leuroglossus stilbius",0,"51-9",42.73451,-125.3422767,500,500
"MFU","52193","724","d1","1","Merluccius productus",0,"51-9",42.73451,-125.3422767,500,500
"MFU","52193","724","d1","1","Merluccius productus",85201,"51-9",42.73451,-125.3422767,500,500
"MFU","52193","724","d1","1","Microstomus pacificus",0,"51-9",42.73451,-125.3422767,500,500
"MFU","52193","724","d1","1","Sardinops sagax",0,"51-9",42.73451,-125.3422767,500,500
"MFU","52193","724","d1","1","Scomber japonicus",0,"51-9",42.73451,-125.3422767,500,500
"MFU","52193","724","d1","1","Sebastes entomelas",0,"51-9",42.73451,-125.3422767,500,500
"MFU","52193","724","d1","1","Stenobrachius leucopsarus",0,"51-9",42.73451,-125.3422767,500,500
"MFU","52193","724","d1","1","Stenobrachius leucopsarus",0,"51-9",42.73451,-125.3422767,500,500
"MFU","52193","724","d1","1","Tactostoma macropus",10918,"51-9",42.73451,-125.3422767,500,500
"MFU","52193","724","d1","1","Tarletonbeania crenularis",0,"51-9",42.73451,-125.3422767,500,500
"MFU","52193","724","d1","1","Tarletonbeania crenularis",0,"51-9",42.73451,-125.3422767,500,500
"MFU","52193","724","d1","1","Thaleichthys pacificus",0,"51-9",42.73451,-125.3422767,500,500
"MFU","52193","724","d1","1","Trachurus symmetricus",0,"51-9",42.73451,-125.3422767,500,500
"MFU","52193","724","d1","1","Trachurus symmetricus",0,"51-9",42.73451,-125.3422767,500,500
"MFU","52193","726","d1","1","Clupea pallasii",0,"51-9",42.73451,-125.3422767,300,300
"MFU","52193","726","d1","1","Engraulis mordax",0,"51-9",42.73451,-125.3422767,300,300
"MFU","52193","726","d1","1","Leuroglossus stilbius",0,"51-9",42.73451,-125.3422767,300,300
"MFU","52193","726","d1","1","Merluccius productus",0,"51-9",42.73451,-125.3422767,300,300
"MFU","52193","726","d1","1","Merluccius productus",4042,"51-9",42.73451,-125.3422767,300,300
"MFU","52193","726","d1","1","Microstomus pacificus",0,"51-9",42.73451,-125.3422767,300,300
"MFU","52193","726","d1","1","Sardinops sagax",1305,"51-9",42.73451,-125.3422767,300,300
"MFU","52193","726","d1","1","Scomber japonicus",0,"51-9",42.73451,-125.3422767,300,300
"MFU","52193","726","d1","1","Sebastes entomelas",0,"51-9",42.73451,-125.3422767,300,300
"MFU","52193","726","d1","1","Stenobrachius leucopsarus",0,"51-9",42.73451,-125.3422767,300,300
"MFU","52193","726","d1","1","Stenobrachius leucopsarus",2813,"51-9",42.73451,-125.3422767,300,300
"MFU","52193","726","d1","1","Tactostoma macropus",0,"51-9",42.73451,-125.3422767,300,300
"MFU","52193","726","d1","1","Tarletonbeania crenularis",0,"51-9",42.73451,-125.3422767,300,300
"MFU","52193","726","d1","1","Tarletonbeania crenularis",12889,"51-9",42.73451,-125.3422767,300,300
"MFU","52193","726","d1","1","Thaleichthys pacificus",0,"51-9",42.73451,-125.3422767,300,300
"MFU","52193","726","d1","1","Trachurus symmetricus",0,"51-9",42.73451,-125.3422767,300,300
"MFU","52193","726","d1","1","Trachurus symmetricus",1400,"51-9",42.73451,-125.3422767,300,300
"MFU","52193","728","d1","1","Clupea pallasii",0,"51-9",42.73451,-125.3422767,150,150
"MFU","52193","728","d1","1","Engraulis mordax",0,"51-9",42.73451,-125.3422767,150,150
"MFU","52193","728","d1","1","Leuroglossus stilbius",0,"51-9",42.73451,-125.3422767,150,150
"MFU","52193","728","d1","1","Merluccius productus",10975,"51-9",42.73451,-125.3422767,150,150
"MFU","52193","728","d1","1","Merluccius productus",0,"51-9",42.73451,-125.3422767,150,150
"MFU","52193","728","d1","1","Microstomus pacificus",0,"51-9",42.73451,-125.3422767,150,150
"MFU","52193","728","d1","1","Sardinops sagax",0,"51-9",42.73451,-125.3422767,150,150
"MFU","52193","728","d1","1","Scomber japonicus",0,"51-9",42.73451,-125.3422767,150,150
"MFU","52193","728","d1","1","Sebastes entomelas",0,"51-9",42.73451,-125.3422767,150,150
"MFU","52193","728","d1","1","Stenobrachius leucopsarus",0,"51-9",42.73451,-125.3422767,150,150
"MFU","52193","728","d1","1","Stenobrachius leucopsarus",0,"51-9",42.73451,-125.3422767,150,150
"MFU","52193","728","d1","1","Tactostoma macropus",0,"51-9",42.73451,-125.3422767,150,150
"MFU","52193","728","d1","1","Tarletonbeania crenularis",0,"51-9",42.73451,-125.3422767,150,150
"MFU","52193","728","d1","1","Tarletonbeania crenularis",19344,"51-9",42.73451,-125.3422767,150,150
"MFU","52193","728","d1","1","Thaleichthys pacificus",0,"51-9",42.73451,-125.3422767,150,150
"MFU","52193","728","d1","1","Trachurus symmetricus",0,"51-9",42.73451,-125.3422767,150,150
"MFU","52193","728","d1","1","Trachurus symmetricus",43519,"51-9",42.73451,-125.3422767,150,150
"MFU","52193","732","d1","1","Clupea pallasii",0,"51-9",42.73451,-125.3422767,50,50
"MFU","52193","732","d1","1","Engraulis mordax",0,"51-9",42.73451,-125.3422767,50,50
"MFU","52193","732","d1","1","Leuroglossus stilbius",0,"51-9",42.73451,-125.3422767,50,50
"MFU","52193","732","d1","1","Merluccius productus",0,"51-9",42.73451,-125.3422767,50,50
"MFU","52193","732","d1","1","Merluccius productus",0,"51-9",42.73451,-125.3422767,50,50
"MFU","52193","732","d1","1","Microstomus pacificus",0,"51-9",42.73451,-125.3422767,50,50
"MFU","52193","732","d1","1","Sardinops sagax",0,"51-9",42.73451,-125.3422767,50,50
"MFU","52193","732","d1","1","Scomber japonicus",0,"51-9",42.73451,-125.3422767,50,50
"MFU","52193","732","d1","1","Sebastes entomelas",0,"51-9",42.73451,-125.3422767,50,50
"MFU","52193","732","d1","1","Stenobrachius leucopsarus",0,"51-9",42.73451,-125.3422767,50,50
"MFU","52193","732","d1","1","Stenobrachius leucopsarus",0,"51-9",42.73451,-125.3422767,50,50
"MFU","52193","732","d1","1","Tactostoma macropus",0,"51-9",42.73451,-125.3422767,50,50
"MFU","52193","732","d1","1","Tarletonbeania crenularis",0,"51-9",42.73451,-125.3422767,50,50
"MFU","52193","732","d1","1","Tarletonbeania crenularis",10600,"51-9",42.73451,-125.3422767,50,50
"MFU","52193","732","d1","1","Thaleichthys pacificus",0,"51-9",42.73451,-125.3422767,50,50
"MFU","52193","732","d1","1","Trachurus symmetricus",0,"51-9",42.73451,-125.3422767,50,50
"MFU","52193","732","d1","1","Trachurus symmetricus",6563,"51-9",42.73451,-125.3422767,50,50
"MFU","52193","734","d5","1","Clupea pallasii",0,"51-9",42.73451,-125.3422767,0,0
"MFU","52193","734","d5","1","Engraulis mordax",0,"51-9",42.73451,-125.3422767,0,0
"MFU","52193","734","d5","1","Leuroglossus stilbius",0,"51-9",42.73451,-125.3422767,0,0
"MFU","52193","734","d5","1","Merluccius productus",0,"51-9",42.73451,-125.3422767,0,0
"MFU","52193","734","d5","1","Merluccius productus",20,"51-9",42.73451,-125.3422767,0,0
"MFU","52193","734","d5","1","Microstomus pacificus",0,"51-9",42.73451,-125.3422767,0,0
"MFU","52193","734","d5","1","Sardinops sagax",15788,"51-9",42.73451,-125.3422767,0,0
"MFU","52193","734","d5","1","Scomber japonicus",589369,"51-9",42.73451,-125.3422767,0,0
"MFU","52193","734","d5","1","Sebastes entomelas",0,"51-9",42.73451,-125.3422767,0,0
"MFU","52193","734","d5","1","Stenobrachius leucopsarus",0,"51-9",42.73451,-125.3422767,0,0
"MFU","52193","734","d5","1","Stenobrachius leucopsarus",0,"51-9",42.73451,-125.3422767,0,0
"MFU","52193","734","d5","1","Tactostoma macropus",0,"51-9",42.73451,-125.3422767,0,0
"MFU","52193","734","d5","1","Tarletonbeania crenularis",0,"51-9",42.73451,-125.3422767,0,0
"MFU","52193","734","d5","1","Tarletonbeania crenularis",348,"51-9",42.73451,-125.3422767,0,0
"MFU","52193","734","d5","1","Thaleichthys pacificus",0,"51-9",42.73451,-125.3422767,0,0
"MFU","52193","734","d5","1","Trachurus symmetricus",0,"51-9",42.73451,-125.3422767,0,0
"MFU","52193","734","d5","1","Trachurus symmetricus",79,"51-9",42.73451,-125.3422767,0,0
"MFU","52193","74","d1","1","Clupea pallasii",0,"26-3",38.56264167,-123.9785983,300,300
"MFU","52193","74","d1","1","Engraulis mordax",1291,"26-3",38.56264167,-123.9785983,300,300
"MFU","52193","74","d1","1","Leuroglossus stilbius",0,"26-3",38.56264167,-123.9785983,300,300
"MFU","52193","74","d1","1","Merluccius productus",0,"26-3",38.56264167,-123.9785983,300,300
"MFU","52193","74","d1","1","Merluccius productus",3947,"26-3",38.56264167,-123.9785983,300,300
"MFU","52193","74","d1","1","Microstomus pacificus",0,"26-3",38.56264167,-123.9785983,300,300
"MFU","52193","74","d1","1","Sardinops sagax",0,"26-3",38.56264167,-123.9785983,300,300
"MFU","52193","74","d1","1","Scomber japonicus",0,"26-3",38.56264167,-123.9785983,300,300
"MFU","52193","74","d1","1","Sebastes entomelas",0,"26-3",38.56264167,-123.9785983,300,300
"MFU","52193","74","d1","1","Stenobrachius leucopsarus",0,"26-3",38.56264167,-123.9785983,300,300
"MFU","52193","74","d1","1","Stenobrachius leucopsarus",417,"26-3",38.56264167,-123.9785983,300,300
"MFU","52193","74","d1","1","Tactostoma macropus",0,"26-3",38.56264167,-123.9785983,300,300
"MFU","52193","74","d1","1","Tarletonbeania crenularis",0,"26-3",38.56264167,-123.9785983,300,300
"MFU","52193","74","d1","1","Tarletonbeania crenularis",2154,"26-3",38.56264167,-123.9785983,300,300
"MFU","52193","74","d1","1","Thaleichthys pacificus",0,"26-3",38.56264167,-123.9785983,300,300
"MFU","52193","74","d1","1","Trachurus symmetricus",0,"26-3",38.56264167,-123.9785983,300,300
"MFU","52193","74","d1","1","Trachurus symmetricus",0,"26-3",38.56264167,-123.9785983,300,300
"MFU","52193","744","d1","1","Clupea pallasii",0,"51-5",42.729305,-124.883535,50,50
"MFU","52193","744","d1","1","Engraulis mordax",4747,"51-5",42.729305,-124.883535,50,50
"MFU","52193","744","d1","1","Leuroglossus stilbius",0,"51-5",42.729305,-124.883535,50,50
"MFU","52193","744","d1","1","Merluccius productus",0,"51-5",42.729305,-124.883535,50,50
"MFU","52193","744","d1","1","Merluccius productus",7916,"51-5",42.729305,-124.883535,50,50
"MFU","52193","744","d1","1","Microstomus pacificus",0,"51-5",42.729305,-124.883535,50,50
"MFU","52193","744","d1","1","Sardinops sagax",26835,"51-5",42.729305,-124.883535,50,50
"MFU","52193","744","d1","1","Scomber japonicus",18566,"51-5",42.729305,-124.883535,50,50
"MFU","52193","744","d1","1","Sebastes entomelas",0,"51-5",42.729305,-124.883535,50,50
"MFU","52193","744","d1","1","Stenobrachius leucopsarus",0,"51-5",42.729305,-124.883535,50,50
"MFU","52193","744","d1","1","Stenobrachius leucopsarus",52289,"51-5",42.729305,-124.883535,50,50
"MFU","52193","744","d1","1","Tactostoma macropus",0,"51-5",42.729305,-124.883535,50,50
"MFU","52193","744","d1","1","Tarletonbeania crenularis",0,"51-5",42.729305,-124.883535,50,50
"MFU","52193","744","d1","1","Tarletonbeania crenularis",2061,"51-5",42.729305,-124.883535,50,50
"MFU","52193","744","d1","1","Thaleichthys pacificus",0,"51-5",42.729305,-124.883535,50,50
"MFU","52193","744","d1","1","Trachurus symmetricus",0,"51-5",42.729305,-124.883535,50,50
"MFU","52193","744","d1","1","Trachurus symmetricus",19283,"51-5",42.729305,-124.883535,50,50
"MFU","52193","746","d5","1","Clupea pallasii",0,"51-5",42.729305,-124.883535,0,0
"MFU","52193","746","d5","1","Engraulis mordax",0,"51-5",42.729305,-124.883535,0,0
"MFU","52193","746","d5","1","Leuroglossus stilbius",0,"51-5",42.729305,-124.883535,0,0
"MFU","52193","746","d5","1","Merluccius productus",0,"51-5",42.729305,-124.883535,0,0
"MFU","52193","746","d5","1","Merluccius productus",0,"51-5",42.729305,-124.883535,0,0
"MFU","52193","746","d5","1","Microstomus pacificus",0,"51-5",42.729305,-124.883535,0,0
"MFU","52193","746","d5","1","Sardinops sagax",128869,"51-5",42.729305,-124.883535,0,0
"MFU","52193","746","d5","1","Scomber japonicus",3067,"51-5",42.729305,-124.883535,0,0
"MFU","52193","746","d5","1","Sebastes entomelas",0,"51-5",42.729305,-124.883535,0,0
"MFU","52193","746","d5","1","Stenobrachius leucopsarus",0,"51-5",42.729305,-124.883535,0,0
"MFU","52193","746","d5","1","Stenobrachius leucopsarus",0,"51-5",42.729305,-124.883535,0,0
"MFU","52193","746","d5","1","Tactostoma macropus",0,"51-5",42.729305,-124.883535,0,0
"MFU","52193","746","d5","1","Tarletonbeania crenularis",1329,"51-5",42.729305,-124.883535,0,0
"MFU","52193","746","d5","1","Tarletonbeania crenularis",7052,"51-5",42.729305,-124.883535,0,0
"MFU","52193","746","d5","1","Thaleichthys pacificus",0,"51-5",42.729305,-124.883535,0,0
"MFU","52193","746","d5","1","Trachurus symmetricus",0,"51-5",42.729305,-124.883535,0,0
"MFU","52193","746","d5","1","Trachurus symmetricus",14363,"51-5",42.729305,-124.883535,0,0
"MFU","52193","756","d10","1","Clupea pallasii",0,"51-4",42.72764667,-124.7689217,50,50
"MFU","52193","756","d10","1","Engraulis mordax",0,"51-4",42.72764667,-124.7689217,50,50
"MFU","52193","756","d10","1","Leuroglossus stilbius",0,"51-4",42.72764667,-124.7689217,50,50
"MFU","52193","756","d10","1","Merluccius productus",0,"51-4",42.72764667,-124.7689217,50,50
"MFU","52193","756","d10","1","Merluccius productus",5117,"51-4",42.72764667,-124.7689217,50,50
"MFU","52193","756","d10","1","Microstomus pacificus",0,"51-4",42.72764667,-124.7689217,50,50
"MFU","52193","756","d10","1","Sardinops sagax",17582,"51-4",42.72764667,-124.7689217,50,50
"MFU","52193","756","d10","1","Scomber japonicus",0,"51-4",42.72764667,-124.7689217,50,50
"MFU","52193","756","d10","1","Sebastes entomelas",0,"51-4",42.72764667,-124.7689217,50,50
"MFU","52193","756","d10","1","Stenobrachius leucopsarus",0,"51-4",42.72764667,-124.7689217,50,50
"MFU","52193","756","d10","1","Stenobrachius leucopsarus",0,"51-4",42.72764667,-124.7689217,50,50
"MFU","52193","756","d10","1","Tactostoma macropus",0,"51-4",42.72764667,-124.7689217,50,50
"MFU","52193","756","d10","1","Tarletonbeania crenularis",0,"51-4",42.72764667,-124.7689217,50,50
"MFU","52193","756","d10","1","Tarletonbeania crenularis",0,"51-4",42.72764667,-124.7689217,50,50
"MFU","52193","756","d10","1","Thaleichthys pacificus",0,"51-4",42.72764667,-124.7689217,50,50
"MFU","52193","756","d10","1","Trachurus symmetricus",0,"51-4",42.72764667,-124.7689217,50,50
"MFU","52193","756","d10","1","Trachurus symmetricus",0,"51-4",42.72764667,-124.7689217,50,50
"MFU","52193","758","d10","1","Clupea pallasii",0,"51-4",42.72764667,-124.7689217,0,0
"MFU","52193","758","d10","1","Engraulis mordax",149017,"51-4",42.72764667,-124.7689217,0,0
"MFU","52193","758","d10","1","Leuroglossus stilbius",0,"51-4",42.72764667,-124.7689217,0,0
"MFU","52193","758","d10","1","Merluccius productus",0,"51-4",42.72764667,-124.7689217,0,0
"MFU","52193","758","d10","1","Merluccius productus",574,"51-4",42.72764667,-124.7689217,0,0
"MFU","52193","758","d10","1","Microstomus pacificus",0,"51-4",42.72764667,-124.7689217,0,0
"MFU","52193","758","d10","1","Sardinops sagax",21699,"51-4",42.72764667,-124.7689217,0,0
"MFU","52193","758","d10","1","Scomber japonicus",1646,"51-4",42.72764667,-124.7689217,0,0
"MFU","52193","758","d10","1","Sebastes entomelas",0,"51-4",42.72764667,-124.7689217,0,0
"MFU","52193","758","d10","1","Stenobrachius leucopsarus",0,"51-4",42.72764667,-124.7689217,0,0
"MFU","52193","758","d10","1","Stenobrachius leucopsarus",0,"51-4",42.72764667,-124.7689217,0,0
"MFU","52193","758","d10","1","Tactostoma macropus",0,"51-4",42.72764667,-124.7689217,0,0
"MFU","52193","758","d10","1","Tarletonbeania crenularis",0,"51-4",42.72764667,-124.7689217,0,0
"MFU","52193","758","d10","1","Tarletonbeania crenularis",0,"51-4",42.72764667,-124.7689217,0,0
"MFU","52193","758","d10","1","Thaleichthys pacificus",0,"51-4",42.72764667,-124.7689217,0,0
"MFU","52193","758","d10","1","Trachurus symmetricus",0,"51-4",42.72764667,-124.7689217,0,0
"MFU","52193","758","d10","1","Trachurus symmetricus",12481,"51-4",42.72764667,-124.7689217,0,0
"MFU","52193","76","d1","1","Clupea pallasii",0,"26-3",38.56264167,-123.9785983,150,150
"MFU","52193","76","d1","1","Engraulis mordax",0,"26-3",38.56264167,-123.9785983,150,150
"MFU","52193","76","d1","1","Leuroglossus stilbius",0,"26-3",38.56264167,-123.9785983,150,150
"MFU","52193","76","d1","1","Merluccius productus",0,"26-3",38.56264167,-123.9785983,150,150
"MFU","52193","76","d1","1","Merluccius productus",105573,"26-3",38.56264167,-123.9785983,150,150
"MFU","52193","76","d1","1","Microstomus pacificus",9627,"26-3",38.56264167,-123.9785983,150,150
"MFU","52193","76","d1","1","Sardinops sagax",10487,"26-3",38.56264167,-123.9785983,150,150
"MFU","52193","76","d1","1","Scomber japonicus",5763,"26-3",38.56264167,-123.9785983,150,150
"MFU","52193","76","d1","1","Sebastes entomelas",0,"26-3",38.56264167,-123.9785983,150,150
"MFU","52193","76","d1","1","Stenobrachius leucopsarus",0,"26-3",38.56264167,-123.9785983,150,150
"MFU","52193","76","d1","1","Stenobrachius leucopsarus",0,"26-3",38.56264167,-123.9785983,150,150
"MFU","52193","76","d1","1","Tactostoma macropus",0,"26-3",38.56264167,-123.9785983,150,150
"MFU","52193","76","d1","1","Tarletonbeania crenularis",0,"26-3",38.56264167,-123.9785983,150,150
"MFU","52193","76","d1","1","Tarletonbeania crenularis",0,"26-3",38.56264167,-123.9785983,150,150
"MFU","52193","76","d1","1","Thaleichthys pacificus",0,"26-3",38.56264167,-123.9785983,150,150
"MFU","52193","76","d1","1","Trachurus symmetricus",0,"26-3",38.56264167,-123.9785983,150,150
"MFU","52193","76","d1","1","Trachurus symmetricus",13885,"26-3",38.56264167,-123.9785983,150,150
"MFU","52193","766","d1","1","Clupea pallasii",0,"51-3",42.73079167,-124.7323767,50,50
"MFU","52193","766","d1","1","Engraulis mordax",0,"51-3",42.73079167,-124.7323767,50,50
"MFU","52193","766","d1","1","Leuroglossus stilbius",0,"51-3",42.73079167,-124.7323767,50,50
"MFU","52193","766","d1","1","Merluccius productus",0,"51-3",42.73079167,-124.7323767,50,50
"MFU","52193","766","d1","1","Merluccius productus",2267,"51-3",42.73079167,-124.7323767,50,50
"MFU","52193","766","d1","1","Microstomus pacificus",0,"51-3",42.73079167,-124.7323767,50,50
"MFU","52193","766","d1","1","Sardinops sagax",0,"51-3",42.73079167,-124.7323767,50,50
"MFU","52193","766","d1","1","Scomber japonicus",0,"51-3",42.73079167,-124.7323767,50,50
"MFU","52193","766","d1","1","Sebastes entomelas",0,"51-3",42.73079167,-124.7323767,50,50
"MFU","52193","766","d1","1","Stenobrachius leucopsarus",0,"51-3",42.73079167,-124.7323767,50,50
"MFU","52193","766","d1","1","Stenobrachius leucopsarus",0,"51-3",42.73079167,-124.7323767,50,50
"MFU","52193","766","d1","1","Tactostoma macropus",0,"51-3",42.73079167,-124.7323767,50,50
"MFU","52193","766","d1","1","Tarletonbeania crenularis",0,"51-3",42.73079167,-124.7323767,50,50
"MFU","52193","766","d1","1","Tarletonbeania crenularis",0,"51-3",42.73079167,-124.7323767,50,50
"MFU","52193","766","d1","1","Thaleichthys pacificus",0,"51-3",42.73079167,-124.7323767,50,50
"MFU","52193","766","d1","1","Trachurus symmetricus",0,"51-3",42.73079167,-124.7323767,50,50
"MFU","52193","766","d1","1","Trachurus symmetricus",0,"51-3",42.73079167,-124.7323767,50,50
"MFU","52193","768","d10","1","Clupea pallasii",0,"51-3",42.73079167,-124.7323767,0,0
"MFU","52193","768","d10","1","Engraulis mordax",59690,"51-3",42.73079167,-124.7323767,0,0
"MFU","52193","768","d10","1","Leuroglossus stilbius",0,"51-3",42.73079167,-124.7323767,0,0
"MFU","52193","768","d10","1","Merluccius productus",3262,"51-3",42.73079167,-124.7323767,0,0
"MFU","52193","768","d10","1","Merluccius productus",0,"51-3",42.73079167,-124.7323767,0,0
"MFU","52193","768","d10","1","Microstomus pacificus",0,"51-3",42.73079167,-124.7323767,0,0
"MFU","52193","768","d10","1","Sardinops sagax",22804,"51-3",42.73079167,-124.7323767,0,0
"MFU","52193","768","d10","1","Scomber japonicus",0,"51-3",42.73079167,-124.7323767,0,0
"MFU","52193","768","d10","1","Sebastes entomelas",0,"51-3",42.73079167,-124.7323767,0,0
"MFU","52193","768","d10","1","Stenobrachius leucopsarus",0,"51-3",42.73079167,-124.7323767,0,0
"MFU","52193","768","d10","1","Stenobrachius leucopsarus",0,"51-3",42.73079167,-124.7323767,0,0
"MFU","52193","768","d10","1","Tactostoma macropus",0,"51-3",42.73079167,-124.7323767,0,0
"MFU","52193","768","d10","1","Tarletonbeania crenularis",0,"51-3",42.73079167,-124.7323767,0,0
"MFU","52193","768","d10","1","Tarletonbeania crenularis",0,"51-3",42.73079167,-124.7323767,0,0
"MFU","52193","768","d10","1","Thaleichthys pacificus",0,"51-3",42.73079167,-124.7323767,0,0
"MFU","52193","768","d10","1","Trachurus symmetricus",0,"51-3",42.73079167,-124.7323767,0,0
"MFU","52193","768","d10","1","Trachurus symmetricus",9239,"51-3",42.73079167,-124.7323767,0,0
"MFU","52193","774","d1","1","Clupea pallasii",1634,"51-2",42.73027,-124.6753467,50,50
"MFU","52193","774","d1","1","Engraulis mordax",0,"51-2",42.73027,-124.6753467,50,50
"MFU","52193","774","d1","1","Leuroglossus stilbius",0,"51-2",42.73027,-124.6753467,50,50
"MFU","52193","774","d1","1","Merluccius productus",0,"51-2",42.73027,-124.6753467,50,50
"MFU","52193","774","d1","1","Merluccius productus",24797,"51-2",42.73027,-124.6753467,50,50
"MFU","52193","774","d1","1","Microstomus pacificus",0,"51-2",42.73027,-124.6753467,50,50
"MFU","52193","774","d1","1","Sardinops sagax",0,"51-2",42.73027,-124.6753467,50,50
"MFU","52193","774","d1","1","Scomber japonicus",1865,"51-2",42.73027,-124.6753467,50,50
"MFU","52193","774","d1","1","Sebastes entomelas",0,"51-2",42.73027,-124.6753467,50,50
"MFU","52193","774","d1","1","Stenobrachius leucopsarus",0,"51-2",42.73027,-124.6753467,50,50
"MFU","52193","774","d1","1","Stenobrachius leucopsarus",0,"51-2",42.73027,-124.6753467,50,50
"MFU","52193","774","d1","1","Tactostoma macropus",0,"51-2",42.73027,-124.6753467,50,50
"MFU","52193","774","d1","1","Tarletonbeania crenularis",0,"51-2",42.73027,-124.6753467,50,50
"MFU","52193","774","d1","1","Tarletonbeania crenularis",3591,"51-2",42.73027,-124.6753467,50,50
"MFU","52193","774","d1","1","Thaleichthys pacificus",0,"51-2",42.73027,-124.6753467,50,50
"MFU","52193","774","d1","1","Trachurus symmetricus",0,"51-2",42.73027,-124.6753467,50,50
"MFU","52193","774","d1","1","Trachurus symmetricus",2240,"51-2",42.73027,-124.6753467,50,50
"MFU","52193","776","d10","1","Clupea pallasii",0,"51-2",42.73027,-124.6753467,0,0
"MFU","52193","776","d10","1","Engraulis mordax",23045,"51-2",42.73027,-124.6753467,0,0
"MFU","52193","776","d10","1","Leuroglossus stilbius",0,"51-2",42.73027,-124.6753467,0,0
"MFU","52193","776","d10","1","Merluccius productus",0,"51-2",42.73027,-124.6753467,0,0
"MFU","52193","776","d10","1","Merluccius productus",6339,"51-2",42.73027,-124.6753467,0,0
"MFU","52193","776","d10","1","Microstomus pacificus",0,"51-2",42.73027,-124.6753467,0,0
"MFU","52193","776","d10","1","Sardinops sagax",4674,"51-2",42.73027,-124.6753467,0,0
"MFU","52193","776","d10","1","Scomber japonicus",0,"51-2",42.73027,-124.6753467,0,0
"MFU","52193","776","d10","1","Sebastes entomelas",0,"51-2",42.73027,-124.6753467,0,0
"MFU","52193","776","d10","1","Stenobrachius leucopsarus",0,"51-2",42.73027,-124.6753467,0,0
"MFU","52193","776","d10","1","Stenobrachius leucopsarus",0,"51-2",42.73027,-124.6753467,0,0
"MFU","52193","776","d10","1","Tactostoma macropus",0,"51-2",42.73027,-124.6753467,0,0
"MFU","52193","776","d10","1","Tarletonbeania crenularis",0,"51-2",42.73027,-124.6753467,0,0
"MFU","52193","776","d10","1","Tarletonbeania crenularis",0,"51-2",42.73027,-124.6753467,0,0
"MFU","52193","776","d10","1","Thaleichthys pacificus",0,"51-2",42.73027,-124.6753467,0,0
"MFU","52193","776","d10","1","Trachurus symmetricus",0,"51-2",42.73027,-124.6753467,0,0
"MFU","52193","776","d10","1","Trachurus symmetricus",0,"51-2",42.73027,-124.6753467,0,0
"MFU","52193","783","d5","1","Clupea pallasii",0,"53-1",43.06397667,-124.480865,0,0
"MFU","52193","783","d5","1","Engraulis mordax",37461,"53-1",43.06397667,-124.480865,0,0
"MFU","52193","783","d5","1","Leuroglossus stilbius",0,"53-1",43.06397667,-124.480865,0,0
"MFU","52193","783","d5","1","Merluccius productus",0,"53-1",43.06397667,-124.480865,0,0
"MFU","52193","783","d5","1","Merluccius productus",1406,"53-1",43.06397667,-124.480865,0,0
"MFU","52193","783","d5","1","Microstomus pacificus",0,"53-1",43.06397667,-124.480865,0,0
"MFU","52193","783","d5","1","Sardinops sagax",31590,"53-1",43.06397667,-124.480865,0,0
"MFU","52193","783","d5","1","Scomber japonicus",0,"53-1",43.06397667,-124.480865,0,0
"MFU","52193","783","d5","1","Sebastes entomelas",0,"53-1",43.06397667,-124.480865,0,0
"MFU","52193","783","d5","1","Stenobrachius leucopsarus",0,"53-1",43.06397667,-124.480865,0,0
"MFU","52193","783","d5","1","Stenobrachius leucopsarus",1293,"53-1",43.06397667,-124.480865,0,0
"MFU","52193","783","d5","1","Tactostoma macropus",0,"53-1",43.06397667,-124.480865,0,0
"MFU","52193","783","d5","1","Tarletonbeania crenularis",0,"53-1",43.06397667,-124.480865,0,0
"MFU","52193","783","d5","1","Tarletonbeania crenularis",738,"53-1",43.06397667,-124.480865,0,0
"MFU","52193","783","d5","1","Thaleichthys pacificus",0,"53-1",43.06397667,-124.480865,0,0
"MFU","52193","783","d5","1","Trachurus symmetricus",0,"53-1",43.06397667,-124.480865,0,0
"MFU","52193","783","d5","1","Trachurus symmetricus",0,"53-1",43.06397667,-124.480865,0,0
"MFU","52193","789","d1","1","Clupea pallasii",0,"53-2",43.06506167,-124.666015,50,50
"MFU","52193","789","d1","1","Engraulis mordax",18150,"53-2",43.06506167,-124.666015,50,50
"MFU","52193","789","d1","1","Leuroglossus stilbius",0,"53-2",43.06506167,-124.666015,50,50
"MFU","52193","789","d1","1","Merluccius productus",162137,"53-2",43.06506167,-124.666015,50,50
"MFU","52193","789","d1","1","Merluccius productus",690797,"53-2",43.06506167,-124.666015,50,50
"MFU","52193","789","d1","1","Microstomus pacificus",0,"53-2",43.06506167,-124.666015,50,50
"MFU","52193","789","d1","1","Sardinops sagax",15886,"53-2",43.06506167,-124.666015,50,50
"MFU","52193","789","d1","1","Scomber japonicus",0,"53-2",43.06506167,-124.666015,50,50
"MFU","52193","789","d1","1","Sebastes entomelas",0,"53-2",43.06506167,-124.666015,50,50
"MFU","52193","789","d1","1","Stenobrachius leucopsarus",0,"53-2",43.06506167,-124.666015,50,50
"MFU","52193","789","d1","1","Stenobrachius leucopsarus",0,"53-2",43.06506167,-124.666015,50,50
"MFU","52193","789","d1","1","Tactostoma macropus",0,"53-2",43.06506167,-124.666015,50,50
"MFU","52193","789","d1","1","Tarletonbeania crenularis",0,"53-2",43.06506167,-124.666015,50,50
"MFU","52193","789","d1","1","Tarletonbeania crenularis",0,"53-2",43.06506167,-124.666015,50,50
"MFU","52193","789","d1","1","Thaleichthys pacificus",0,"53-2",43.06506167,-124.666015,50,50
"MFU","52193","789","d1","1","Trachurus symmetricus",0,"53-2",43.06506167,-124.666015,50,50
"MFU","52193","789","d1","1","Trachurus symmetricus",67656,"53-2",43.06506167,-124.666015,50,50
"MFU","52193","791","d10","1","Clupea pallasii",0,"53-2",43.06506167,-124.666015,0,0
"MFU","52193","791","d10","1","Engraulis mordax",0,"53-2",43.06506167,-124.666015,0,0
"MFU","52193","791","d10","1","Leuroglossus stilbius",0,"53-2",43.06506167,-124.666015,0,0
"MFU","52193","791","d10","1","Merluccius productus",0,"53-2",43.06506167,-124.666015,0,0
"MFU","52193","791","d10","1","Merluccius productus",11120,"53-2",43.06506167,-124.666015,0,0
"MFU","52193","791","d10","1","Microstomus pacificus",0,"53-2",43.06506167,-124.666015,0,0
"MFU","52193","791","d10","1","Sardinops sagax",100356,"53-2",43.06506167,-124.666015,0,0
"MFU","52193","791","d10","1","Scomber japonicus",0,"53-2",43.06506167,-124.666015,0,0
"MFU","52193","791","d10","1","Sebastes entomelas",0,"53-2",43.06506167,-124.666015,0,0
"MFU","52193","791","d10","1","Stenobrachius leucopsarus",0,"53-2",43.06506167,-124.666015,0,0
"MFU","52193","791","d10","1","Stenobrachius leucopsarus",0,"53-2",43.06506167,-124.666015,0,0
"MFU","52193","791","d10","1","Tactostoma macropus",0,"53-2",43.06506167,-124.666015,0,0
"MFU","52193","791","d10","1","Tarletonbeania crenularis",0,"53-2",43.06506167,-124.666015,0,0
"MFU","52193","791","d10","1","Tarletonbeania crenularis",0,"53-2",43.06506167,-124.666015,0,0
"MFU","52193","791","d10","1","Thaleichthys pacificus",0,"53-2",43.06506167,-124.666015,0,0
"MFU","52193","791","d10","1","Trachurus symmetricus",0,"53-2",43.06506167,-124.666015,0,0
"MFU","52193","791","d10","1","Trachurus symmetricus",0,"53-2",43.06506167,-124.666015,0,0
"MFU","52193","799","d1","1","Clupea pallasii",0,"53-3",43.0648,-124.87498,50,50
"MFU","52193","799","d1","1","Engraulis mordax",0,"53-3",43.0648,-124.87498,50,50
"MFU","52193","799","d1","1","Leuroglossus stilbius",0,"53-3",43.0648,-124.87498,50,50
"MFU","52193","799","d1","1","Merluccius productus",2257,"53-3",43.0648,-124.87498,50,50
"MFU","52193","799","d1","1","Merluccius productus",15750,"53-3",43.0648,-124.87498,50,50
"MFU","52193","799","d1","1","Microstomus pacificus",0,"53-3",43.0648,-124.87498,50,50
"MFU","52193","799","d1","1","Sardinops sagax",971,"53-3",43.0648,-124.87498,50,50
"MFU","52193","799","d1","1","Scomber japonicus",0,"53-3",43.0648,-124.87498,50,50
"MFU","52193","799","d1","1","Sebastes entomelas",0,"53-3",43.0648,-124.87498,50,50
"MFU","52193","799","d1","1","Stenobrachius leucopsarus",0,"53-3",43.0648,-124.87498,50,50
"MFU","52193","799","d1","1","Stenobrachius leucopsarus",0,"53-3",43.0648,-124.87498,50,50
"MFU","52193","799","d1","1","Tactostoma macropus",0,"53-3",43.0648,-124.87498,50,50
"MFU","52193","799","d1","1","Tarletonbeania crenularis",0,"53-3",43.0648,-124.87498,50,50
"MFU","52193","799","d1","1","Tarletonbeania crenularis",0,"53-3",43.0648,-124.87498,50,50
"MFU","52193","799","d1","1","Thaleichthys pacificus",0,"53-3",43.0648,-124.87498,50,50
"MFU","52193","799","d1","1","Trachurus symmetricus",0,"53-3",43.0648,-124.87498,50,50
"MFU","52193","799","d1","1","Trachurus symmetricus",1192,"53-3",43.0648,-124.87498,50,50
"MFU","52193","80","d1","1","Clupea pallasii",0,"26-3",38.56264167,-123.9785983,50,50
"MFU","52193","80","d1","1","Engraulis mordax",129859,"26-3",38.56264167,-123.9785983,50,50
"MFU","52193","80","d1","1","Leuroglossus stilbius",0,"26-3",38.56264167,-123.9785983,50,50
"MFU","52193","80","d1","1","Merluccius productus",0,"26-3",38.56264167,-123.9785983,50,50
"MFU","52193","80","d1","1","Merluccius productus",0,"26-3",38.56264167,-123.9785983,50,50
"MFU","52193","80","d1","1","Microstomus pacificus",0,"26-3",38.56264167,-123.9785983,50,50
"MFU","52193","80","d1","1","Sardinops sagax",18365,"26-3",38.56264167,-123.9785983,50,50
"MFU","52193","80","d1","1","Scomber japonicus",0,"26-3",38.56264167,-123.9785983,50,50
"MFU","52193","80","d1","1","Sebastes entomelas",0,"26-3",38.56264167,-123.9785983,50,50
"MFU","52193","80","d1","1","Stenobrachius leucopsarus",0,"26-3",38.56264167,-123.9785983,50,50
"MFU","52193","80","d1","1","Stenobrachius leucopsarus",0,"26-3",38.56264167,-123.9785983,50,50
"MFU","52193","80","d1","1","Tactostoma macropus",0,"26-3",38.56264167,-123.9785983,50,50
"MFU","52193","80","d1","1","Tarletonbeania crenularis",0,"26-3",38.56264167,-123.9785983,50,50
"MFU","52193","80","d1","1","Tarletonbeania crenularis",18597,"26-3",38.56264167,-123.9785983,50,50
"MFU","52193","80","d1","1","Thaleichthys pacificus",0,"26-3",38.56264167,-123.9785983,50,50
"MFU","52193","80","d1","1","Trachurus symmetricus",0,"26-3",38.56264167,-123.9785983,50,50
"MFU","52193","80","d1","1","Trachurus symmetricus",0,"26-3",38.56264167,-123.9785983,50,50
"MFU","52193","801","d5","1","Clupea pallasii",57,"53-3",43.0648,-124.87498,0,0
"MFU","52193","801","d5","1","Engraulis mordax",40,"53-3",43.0648,-124.87498,0,0
"MFU","52193","801","d5","1","Leuroglossus stilbius",0,"53-3",43.0648,-124.87498,0,0
"MFU","52193","801","d5","1","Merluccius productus",0,"53-3",43.0648,-124.87498,0,0
"MFU","52193","801","d5","1","Merluccius productus",0,"53-3",43.0648,-124.87498,0,0
"MFU","52193","801","d5","1","Microstomus pacificus",0,"53-3",43.0648,-124.87498,0,0
"MFU","52193","801","d5","1","Sardinops sagax",106,"53-3",43.0648,-124.87498,0,0
"MFU","52193","801","d5","1","Scomber japonicus",0,"53-3",43.0648,-124.87498,0,0
"MFU","52193","801","d5","1","Sebastes entomelas",29,"53-3",43.0648,-124.87498,0,0
"MFU","52193","801","d5","1","Stenobrachius leucopsarus",0,"53-3",43.0648,-124.87498,0,0
"MFU","52193","801","d5","1","Stenobrachius leucopsarus",0,"53-3",43.0648,-124.87498,0,0
"MFU","52193","801","d5","1","Tactostoma macropus",0,"53-3",43.0648,-124.87498,0,0
"MFU","52193","801","d5","1","Tarletonbeania crenularis",0,"53-3",43.0648,-124.87498,0,0
"MFU","52193","801","d5","1","Tarletonbeania crenularis",0,"53-3",43.0648,-124.87498,0,0
"MFU","52193","801","d5","1","Thaleichthys pacificus",0,"53-3",43.0648,-124.87498,0,0
"MFU","52193","801","d5","1","Trachurus symmetricus",0,"53-3",43.0648,-124.87498,0,0
"MFU","52193","801","d5","1","Trachurus symmetricus",199,"53-3",43.0648,-124.87498,0,0
"MFU","52193","803","d5","1","Clupea pallasii",0,"53-4",43.064,-124.9072133,491,500
"MFU","52193","803","d5","1","Engraulis mordax",0,"53-4",43.064,-124.9072133,491,500
"MFU","52193","803","d5","1","Leuroglossus stilbius",0,"53-4",43.064,-124.9072133,491,500
"MFU","52193","803","d5","1","Merluccius productus",0,"53-4",43.064,-124.9072133,491,500
"MFU","52193","803","d5","1","Merluccius productus",0,"53-4",43.064,-124.9072133,491,500
"MFU","52193","803","d5","1","Microstomus pacificus",0,"53-4",43.064,-124.9072133,491,500
"MFU","52193","803","d5","1","Sardinops sagax",0,"53-4",43.064,-124.9072133,491,500
"MFU","52193","803","d5","1","Scomber japonicus",0,"53-4",43.064,-124.9072133,491,500
"MFU","52193","803","d5","1","Sebastes entomelas",0,"53-4",43.064,-124.9072133,491,500
"MFU","52193","803","d5","1","Stenobrachius leucopsarus",0,"53-4",43.064,-124.9072133,491,500
"MFU","52193","803","d5","1","Stenobrachius leucopsarus",0,"53-4",43.064,-124.9072133,491,500
"MFU","52193","803","d5","1","Tactostoma macropus",0,"53-4",43.064,-124.9072133,491,500
"MFU","52193","803","d5","1","Tarletonbeania crenularis",0,"53-4",43.064,-124.9072133,491,500
"MFU","52193","803","d5","1","Tarletonbeania crenularis",0,"53-4",43.064,-124.9072133,491,500
"MFU","52193","803","d5","1","Thaleichthys pacificus",0,"53-4",43.064,-124.9072133,491,500
"MFU","52193","803","d5","1","Trachurus symmetricus",0,"53-4",43.064,-124.9072133,491,500
"MFU","52193","803","d5","1","Trachurus symmetricus",0,"53-4",43.064,-124.9072133,491,500
"MFU","52193","805","d5","1","Clupea pallasii",0,"53-4",43.064,-124.9072133,300,300
"MFU","52193","805","d5","1","Engraulis mordax",0,"53-4",43.064,-124.9072133,300,300
"MFU","52193","805","d5","1","Leuroglossus stilbius",0,"53-4",43.064,-124.9072133,300,300
"MFU","52193","805","d5","1","Merluccius productus",0,"53-4",43.064,-124.9072133,300,300
"MFU","52193","805","d5","1","Merluccius productus",57565,"53-4",43.064,-124.9072133,300,300
"MFU","52193","805","d5","1","Microstomus pacificus",0,"53-4",43.064,-124.9072133,300,300
"MFU","52193","805","d5","1","Sardinops sagax",0,"53-4",43.064,-124.9072133,300,300
"MFU","52193","805","d5","1","Scomber japonicus",0,"53-4",43.064,-124.9072133,300,300
"MFU","52193","805","d5","1","Sebastes entomelas",0,"53-4",43.064,-124.9072133,300,300
"MFU","52193","805","d5","1","Stenobrachius leucopsarus",0,"53-4",43.064,-124.9072133,300,300
"MFU","52193","805","d5","1","Stenobrachius leucopsarus",21302,"53-4",43.064,-124.9072133,300,300
"MFU","52193","805","d5","1","Tactostoma macropus",0,"53-4",43.064,-124.9072133,300,300
"MFU","52193","805","d5","1","Tarletonbeania crenularis",0,"53-4",43.064,-124.9072133,300,300
"MFU","52193","805","d5","1","Tarletonbeania crenularis",0,"53-4",43.064,-124.9072133,300,300
"MFU","52193","805","d5","1","Thaleichthys pacificus",0,"53-4",43.064,-124.9072133,300,300
"MFU","52193","805","d5","1","Trachurus symmetricus",0,"53-4",43.064,-124.9072133,300,300
"MFU","52193","805","d5","1","Trachurus symmetricus",0,"53-4",43.064,-124.9072133,300,300
"MFU","52193","808","d10","1","Clupea pallasii",0,"53-4",43.064,-124.9072133,150,150
"MFU","52193","808","d10","1","Engraulis mordax",0,"53-4",43.064,-124.9072133,150,150
"MFU","52193","808","d10","1","Leuroglossus stilbius",0,"53-4",43.064,-124.9072133,150,150
"MFU","52193","808","d10","1","Merluccius productus",0,"53-4",43.064,-124.9072133,150,150
"MFU","52193","808","d10","1","Merluccius productus",279,"53-4",43.064,-124.9072133,150,150
"MFU","52193","808","d10","1","Microstomus pacificus",0,"53-4",43.064,-124.9072133,150,150
"MFU","52193","808","d10","1","Sardinops sagax",0,"53-4",43.064,-124.9072133,150,150
"MFU","52193","808","d10","1","Scomber japonicus",0,"53-4",43.064,-124.9072133,150,150
"MFU","52193","808","d10","1","Sebastes entomelas",0,"53-4",43.064,-124.9072133,150,150
"MFU","52193","808","d10","1","Stenobrachius leucopsarus",0,"53-4",43.064,-124.9072133,150,150
"MFU","52193","808","d10","1","Stenobrachius leucopsarus",0,"53-4",43.064,-124.9072133,150,150
"MFU","52193","808","d10","1","Tactostoma macropus",0,"53-4",43.064,-124.9072133,150,150
"MFU","52193","808","d10","1","Tarletonbeania crenularis",0,"53-4",43.064,-124.9072133,150,150
"MFU","52193","808","d10","1","Tarletonbeania crenularis",0,"53-4",43.064,-124.9072133,150,150
"MFU","52193","808","d10","1","Thaleichthys pacificus",0,"53-4",43.064,-124.9072133,150,150
"MFU","52193","808","d10","1","Trachurus symmetricus",0,"53-4",43.064,-124.9072133,150,150
"MFU","52193","808","d10","1","Trachurus symmetricus",0,"53-4",43.064,-124.9072133,150,150
"MFU","52193","808","d5","1","Clupea pallasii",0,"53-4",43.064,-124.9072133,150,150
"MFU","52193","808","d5","1","Engraulis mordax",0,"53-4",43.064,-124.9072133,150,150
"MFU","52193","808","d5","1","Leuroglossus stilbius",0,"53-4",43.064,-124.9072133,150,150
"MFU","52193","808","d5","1","Merluccius productus",0,"53-4",43.064,-124.9072133,150,150
"MFU","52193","808","d5","1","Merluccius productus",10387,"53-4",43.064,-124.9072133,150,150
"MFU","52193","808","d5","1","Microstomus pacificus",0,"53-4",43.064,-124.9072133,150,150
"MFU","52193","808","d5","1","Sardinops sagax",0,"53-4",43.064,-124.9072133,150,150
"MFU","52193","808","d5","1","Scomber japonicus",0,"53-4",43.064,-124.9072133,150,150
"MFU","52193","808","d5","1","Sebastes entomelas",0,"53-4",43.064,-124.9072133,150,150
"MFU","52193","808","d5","1","Stenobrachius leucopsarus",0,"53-4",43.064,-124.9072133,150,150
"MFU","52193","808","d5","1","Stenobrachius leucopsarus",0,"53-4",43.064,-124.9072133,150,150
"MFU","52193","808","d5","1","Tactostoma macropus",0,"53-4",43.064,-124.9072133,150,150
"MFU","52193","808","d5","1","Tarletonbeania crenularis",0,"53-4",43.064,-124.9072133,150,150
"MFU","52193","808","d5","1","Tarletonbeania crenularis",381,"53-4",43.064,-124.9072133,150,150
"MFU","52193","808","d5","1","Thaleichthys pacificus",0,"53-4",43.064,-124.9072133,150,150
"MFU","52193","808","d5","1","Trachurus symmetricus",0,"53-4",43.064,-124.9072133,150,150
"MFU","52193","808","d5","1","Trachurus symmetricus",0,"53-4",43.064,-124.9072133,150,150
"MFU","52193","812","d5","1","Clupea pallasii",0,"53-4",43.064,-124.9072133,50,50
"MFU","52193","812","d5","1","Engraulis mordax",0,"53-4",43.064,-124.9072133,50,50
"MFU","52193","812","d5","1","Leuroglossus stilbius",0,"53-4",43.064,-124.9072133,50,50
"MFU","52193","812","d5","1","Merluccius productus",27665,"53-4",43.064,-124.9072133,50,50
"MFU","52193","812","d5","1","Merluccius productus",193712,"53-4",43.064,-124.9072133,50,50
"MFU","52193","812","d5","1","Microstomus pacificus",0,"53-4",43.064,-124.9072133,50,50
"MFU","52193","812","d5","1","Sardinops sagax",0,"53-4",43.064,-124.9072133,50,50
"MFU","52193","812","d5","1","Scomber japonicus",0,"53-4",43.064,-124.9072133,50,50
"MFU","52193","812","d5","1","Sebastes entomelas",0,"53-4",43.064,-124.9072133,50,50
"MFU","52193","812","d5","1","Stenobrachius leucopsarus",0,"53-4",43.064,-124.9072133,50,50
"MFU","52193","812","d5","1","Stenobrachius leucopsarus",0,"53-4",43.064,-124.9072133,50,50
"MFU","52193","812","d5","1","Tactostoma macropus",0,"53-4",43.064,-124.9072133,50,50
"MFU","52193","812","d5","1","Tarletonbeania crenularis",0,"53-4",43.064,-124.9072133,50,50
"MFU","52193","812","d5","1","Tarletonbeania crenularis",0,"53-4",43.064,-124.9072133,50,50
"MFU","52193","812","d5","1","Thaleichthys pacificus",0,"53-4",43.064,-124.9072133,50,50
"MFU","52193","812","d5","1","Trachurus symmetricus",0,"53-4",43.064,-124.9072133,50,50
"MFU","52193","812","d5","1","Trachurus symmetricus",0,"53-4",43.064,-124.9072133,50,50
"MFU","52193","813","d5","1","Clupea pallasii",7669,"53-4",43.064,-124.9072133,0,0
"MFU","52193","813","d5","1","Engraulis mordax",43726,"53-4",43.064,-124.9072133,0,0
"MFU","52193","813","d5","1","Leuroglossus stilbius",0,"53-4",43.064,-124.9072133,0,0
"MFU","52193","813","d5","1","Merluccius productus",0,"53-4",43.064,-124.9072133,0,0
"MFU","52193","813","d5","1","Merluccius productus",43,"53-4",43.064,-124.9072133,0,0
"MFU","52193","813","d5","1","Microstomus pacificus",0,"53-4",43.064,-124.9072133,0,0
"MFU","52193","813","d5","1","Sardinops sagax",22973,"53-4",43.064,-124.9072133,0,0
"MFU","52193","813","d5","1","Scomber japonicus",0,"53-4",43.064,-124.9072133,0,0
"MFU","52193","813","d5","1","Sebastes entomelas",0,"53-4",43.064,-124.9072133,0,0
"MFU","52193","813","d5","1","Stenobrachius leucopsarus",0,"53-4",43.064,-124.9072133,0,0
"MFU","52193","813","d5","1","Stenobrachius leucopsarus",2426,"53-4",43.064,-124.9072133,0,0
"MFU","52193","813","d5","1","Tactostoma macropus",0,"53-4",43.064,-124.9072133,0,0
"MFU","52193","813","d5","1","Tarletonbeania crenularis",0,"53-4",43.064,-124.9072133,0,0
"MFU","52193","813","d5","1","Tarletonbeania crenularis",0,"53-4",43.064,-124.9072133,0,0
"MFU","52193","813","d5","1","Thaleichthys pacificus",0,"53-4",43.064,-124.9072133,0,0
"MFU","52193","813","d5","1","Trachurus symmetricus",0,"53-4",43.064,-124.9072133,0,0
"MFU","52193","813","d5","1","Trachurus symmetricus",41,"53-4",43.064,-124.9072133,0,0
"MFU","52193","815","d5","1","Clupea pallasii",0,"53-5",43.06363167,-125.0192883,500,500
"MFU","52193","815","d5","1","Engraulis mordax",0,"53-5",43.06363167,-125.0192883,500,500
"MFU","52193","815","d5","1","Leuroglossus stilbius",0,"53-5",43.06363167,-125.0192883,500,500
"MFU","52193","815","d5","1","Merluccius productus",0,"53-5",43.06363167,-125.0192883,500,500
"MFU","52193","815","d5","1","Merluccius productus",0,"53-5",43.06363167,-125.0192883,500,500
"MFU","52193","815","d5","1","Microstomus pacificus",0,"53-5",43.06363167,-125.0192883,500,500
"MFU","52193","815","d5","1","Sardinops sagax",0,"53-5",43.06363167,-125.0192883,500,500
"MFU","52193","815","d5","1","Scomber japonicus",7934,"53-5",43.06363167,-125.0192883,500,500
"MFU","52193","815","d5","1","Sebastes entomelas",0,"53-5",43.06363167,-125.0192883,500,500
"MFU","52193","815","d5","1","Stenobrachius leucopsarus",0,"53-5",43.06363167,-125.0192883,500,500
"MFU","52193","815","d5","1","Stenobrachius leucopsarus",1381,"53-5",43.06363167,-125.0192883,500,500
"MFU","52193","815","d5","1","Tactostoma macropus",0,"53-5",43.06363167,-125.0192883,500,500
"MFU","52193","815","d5","1","Tarletonbeania crenularis",0,"53-5",43.06363167,-125.0192883,500,500
"MFU","52193","815","d5","1","Tarletonbeania crenularis",0,"53-5",43.06363167,-125.0192883,500,500
"MFU","52193","815","d5","1","Thaleichthys pacificus",0,"53-5",43.06363167,-125.0192883,500,500
"MFU","52193","815","d5","1","Trachurus symmetricus",0,"53-5",43.06363167,-125.0192883,500,500
"MFU","52193","815","d5","1","Trachurus symmetricus",0,"53-5",43.06363167,-125.0192883,500,500
"MFU","52193","817","d10","1","Clupea pallasii",0,"53-5",43.06363167,-125.0192883,300,300
"MFU","52193","817","d10","1","Engraulis mordax",0,"53-5",43.06363167,-125.0192883,300,300
"MFU","52193","817","d10","1","Leuroglossus stilbius",0,"53-5",43.06363167,-125.0192883,300,300
"MFU","52193","817","d10","1","Merluccius productus",0,"53-5",43.06363167,-125.0192883,300,300
"MFU","52193","817","d10","1","Merluccius productus",22282,"53-5",43.06363167,-125.0192883,300,300
"MFU","52193","817","d10","1","Microstomus pacificus",0,"53-5",43.06363167,-125.0192883,300,300
"MFU","52193","817","d10","1","Sardinops sagax",0,"53-5",43.06363167,-125.0192883,300,300
"MFU","52193","817","d10","1","Scomber japonicus",0,"53-5",43.06363167,-125.0192883,300,300
"MFU","52193","817","d10","1","Sebastes entomelas",0,"53-5",43.06363167,-125.0192883,300,300
"MFU","52193","817","d10","1","Stenobrachius leucopsarus",0,"53-5",43.06363167,-125.0192883,300,300
"MFU","52193","817","d10","1","Stenobrachius leucopsarus",0,"53-5",43.06363167,-125.0192883,300,300
"MFU","52193","817","d10","1","Tactostoma macropus",0,"53-5",43.06363167,-125.0192883,300,300
"MFU","52193","817","d10","1","Tarletonbeania crenularis",0,"53-5",43.06363167,-125.0192883,300,300
"MFU","52193","817","d10","1","Tarletonbeania crenularis",0,"53-5",43.06363167,-125.0192883,300,300
"MFU","52193","817","d10","1","Thaleichthys pacificus",0,"53-5",43.06363167,-125.0192883,300,300
"MFU","52193","817","d10","1","Trachurus symmetricus",0,"53-5",43.06363167,-125.0192883,300,300
"MFU","52193","817","d10","1","Trachurus symmetricus",0,"53-5",43.06363167,-125.0192883,300,300
"MFU","52193","819","d1","1","Clupea pallasii",0,"53-5",43.06363167,-125.0192883,150,150
"MFU","52193","819","d1","1","Engraulis mordax",0,"53-5",43.06363167,-125.0192883,150,150
"MFU","52193","819","d1","1","Leuroglossus stilbius",0,"53-5",43.06363167,-125.0192883,150,150
"MFU","52193","819","d1","1","Merluccius productus",4419,"53-5",43.06363167,-125.0192883,150,150
"MFU","52193","819","d1","1","Merluccius productus",61530,"53-5",43.06363167,-125.0192883,150,150
"MFU","52193","819","d1","1","Microstomus pacificus",0,"53-5",43.06363167,-125.0192883,150,150
"MFU","52193","819","d1","1","Sardinops sagax",0,"53-5",43.06363167,-125.0192883,150,150
"MFU","52193","819","d1","1","Scomber japonicus",0,"53-5",43.06363167,-125.0192883,150,150
"MFU","52193","819","d1","1","Sebastes entomelas",0,"53-5",43.06363167,-125.0192883,150,150
"MFU","52193","819","d1","1","Stenobrachius leucopsarus",0,"53-5",43.06363167,-125.0192883,150,150
"MFU","52193","819","d1","1","Stenobrachius leucopsarus",0,"53-5",43.06363167,-125.0192883,150,150
"MFU","52193","819","d1","1","Tactostoma macropus",0,"53-5",43.06363167,-125.0192883,150,150
"MFU","52193","819","d1","1","Tarletonbeania crenularis",0,"53-5",43.06363167,-125.0192883,150,150
"MFU","52193","819","d1","1","Tarletonbeania crenularis",0,"53-5",43.06363167,-125.0192883,150,150
"MFU","52193","819","d1","1","Thaleichthys pacificus",0,"53-5",43.06363167,-125.0192883,150,150
"MFU","52193","819","d1","1","Trachurus symmetricus",0,"53-5",43.06363167,-125.0192883,150,150
"MFU","52193","819","d1","1","Trachurus symmetricus",0,"53-5",43.06363167,-125.0192883,150,150
"MFU","52193","823","d1","1","Clupea pallasii",3356,"53-5",43.06363167,-125.0192883,50,50
"MFU","52193","823","d1","1","Engraulis mordax",0,"53-5",43.06363167,-125.0192883,50,50
"MFU","52193","823","d1","1","Leuroglossus stilbius",0,"53-5",43.06363167,-125.0192883,50,50
"MFU","52193","823","d1","1","Merluccius productus",0,"53-5",43.06363167,-125.0192883,50,50
"MFU","52193","823","d1","1","Merluccius productus",2545,"53-5",43.06363167,-125.0192883,50,50
"MFU","52193","823","d1","1","Microstomus pacificus",0,"53-5",43.06363167,-125.0192883,50,50
"MFU","52193","823","d1","1","Sardinops sagax",9741,"53-5",43.06363167,-125.0192883,50,50
"MFU","52193","823","d1","1","Scomber japonicus",2456,"53-5",43.06363167,-125.0192883,50,50
"MFU","52193","823","d1","1","Sebastes entomelas",0,"53-5",43.06363167,-125.0192883,50,50
"MFU","52193","823","d1","1","Stenobrachius leucopsarus",0,"53-5",43.06363167,-125.0192883,50,50
"MFU","52193","823","d1","1","Stenobrachius leucopsarus",1670,"53-5",43.06363167,-125.0192883,50,50
"MFU","52193","823","d1","1","Tactostoma macropus",0,"53-5",43.06363167,-125.0192883,50,50
"MFU","52193","823","d1","1","Tarletonbeania crenularis",0,"53-5",43.06363167,-125.0192883,50,50
"MFU","52193","823","d1","1","Tarletonbeania crenularis",0,"53-5",43.06363167,-125.0192883,50,50
"MFU","52193","823","d1","1","Thaleichthys pacificus",0,"53-5",43.06363167,-125.0192883,50,50
"MFU","52193","823","d1","1","Trachurus symmetricus",0,"53-5",43.06363167,-125.0192883,50,50
"MFU","52193","823","d1","1","Trachurus symmetricus",0,"53-5",43.06363167,-125.0192883,50,50
"MFU","52193","825","d10","1","Clupea pallasii",0,"53-5",43.06363167,-125.0192883,0,0
"MFU","52193","825","d10","1","Engraulis mordax",6742,"53-5",43.06363167,-125.0192883,0,0
"MFU","52193","825","d10","1","Leuroglossus stilbius",0,"53-5",43.06363167,-125.0192883,0,0
"MFU","52193","825","d10","1","Merluccius productus",0,"53-5",43.06363167,-125.0192883,0,0
"MFU","52193","825","d10","1","Merluccius productus",0,"53-5",43.06363167,-125.0192883,0,0
"MFU","52193","825","d10","1","Microstomus pacificus",0,"53-5",43.06363167,-125.0192883,0,0
"MFU","52193","825","d10","1","Sardinops sagax",4640,"53-5",43.06363167,-125.0192883,0,0
"MFU","52193","825","d10","1","Scomber japonicus",0,"53-5",43.06363167,-125.0192883,0,0
"MFU","52193","825","d10","1","Sebastes entomelas",0,"53-5",43.06363167,-125.0192883,0,0
"MFU","52193","825","d10","1","Stenobrachius leucopsarus",0,"53-5",43.06363167,-125.0192883,0,0
"MFU","52193","825","d10","1","Stenobrachius leucopsarus",0,"53-5",43.06363167,-125.0192883,0,0
"MFU","52193","825","d10","1","Tactostoma macropus",0,"53-5",43.06363167,-125.0192883,0,0
"MFU","52193","825","d10","1","Tarletonbeania crenularis",0,"53-5",43.06363167,-125.0192883,0,0
"MFU","52193","825","d10","1","Tarletonbeania crenularis",0,"53-5",43.06363167,-125.0192883,0,0
"MFU","52193","825","d10","1","Thaleichthys pacificus",0,"53-5",43.06363167,-125.0192883,0,0
"MFU","52193","825","d10","1","Trachurus symmetricus",0,"53-5",43.06363167,-125.0192883,0,0
"MFU","52193","825","d10","1","Trachurus symmetricus",0,"53-5",43.06363167,-125.0192883,0,0
"MFU","52193","835","d10","1","Clupea pallasii",0,"53-6",43.063785,-125.1312033,50,50
"MFU","52193","835","d10","1","Engraulis mordax",0,"53-6",43.063785,-125.1312033,50,50
"MFU","52193","835","d10","1","Leuroglossus stilbius",0,"53-6",43.063785,-125.1312033,50,50
"MFU","52193","835","d10","1","Merluccius productus",0,"53-6",43.063785,-125.1312033,50,50
"MFU","52193","835","d10","1","Merluccius productus",0,"53-6",43.063785,-125.1312033,50,50
"MFU","52193","835","d10","1","Microstomus pacificus",0,"53-6",43.063785,-125.1312033,50,50
"MFU","52193","835","d10","1","Sardinops sagax",1997,"53-6",43.063785,-125.1312033,50,50
"MFU","52193","835","d10","1","Scomber japonicus",0,"53-6",43.063785,-125.1312033,50,50
"MFU","52193","835","d10","1","Sebastes entomelas",0,"53-6",43.063785,-125.1312033,50,50
"MFU","52193","835","d10","1","Stenobrachius leucopsarus",0,"53-6",43.063785,-125.1312033,50,50
"MFU","52193","835","d10","1","Stenobrachius leucopsarus",0,"53-6",43.063785,-125.1312033,50,50
"MFU","52193","835","d10","1","Tactostoma macropus",0,"53-6",43.063785,-125.1312033,50,50
"MFU","52193","835","d10","1","Tarletonbeania crenularis",0,"53-6",43.063785,-125.1312033,50,50
"MFU","52193","835","d10","1","Tarletonbeania crenularis",0,"53-6",43.063785,-125.1312033,50,50
"MFU","52193","835","d10","1","Thaleichthys pacificus",0,"53-6",43.063785,-125.1312033,50,50
"MFU","52193","835","d10","1","Trachurus symmetricus",0,"53-6",43.063785,-125.1312033,50,50
"MFU","52193","835","d10","1","Trachurus symmetricus",0,"53-6",43.063785,-125.1312033,50,50
"MFU","52193","837","d5","1","Clupea pallasii",0,"53-6",43.063785,-125.1312033,0,0
"MFU","52193","837","d5","1","Engraulis mordax",50174,"53-6",43.063785,-125.1312033,0,0
"MFU","52193","837","d5","1","Leuroglossus stilbius",0,"53-6",43.063785,-125.1312033,0,0
"MFU","52193","837","d5","1","Merluccius productus",0,"53-6",43.063785,-125.1312033,0,0
"MFU","52193","837","d5","1","Merluccius productus",0,"53-6",43.063785,-125.1312033,0,0
"MFU","52193","837","d5","1","Microstomus pacificus",0,"53-6",43.063785,-125.1312033,0,0
"MFU","52193","837","d5","1","Sardinops sagax",16535,"53-6",43.063785,-125.1312033,0,0
"MFU","52193","837","d5","1","Scomber japonicus",0,"53-6",43.063785,-125.1312033,0,0
"MFU","52193","837","d5","1","Sebastes entomelas",0,"53-6",43.063785,-125.1312033,0,0
"MFU","52193","837","d5","1","Stenobrachius leucopsarus",0,"53-6",43.063785,-125.1312033,0,0
"MFU","52193","837","d5","1","Stenobrachius leucopsarus",0,"53-6",43.063785,-125.1312033,0,0
"MFU","52193","837","d5","1","Tactostoma macropus",0,"53-6",43.063785,-125.1312033,0,0
"MFU","52193","837","d5","1","Tarletonbeania crenularis",0,"53-6",43.063785,-125.1312033,0,0
"MFU","52193","837","d5","1","Tarletonbeania crenularis",238,"53-6",43.063785,-125.1312033,0,0
"MFU","52193","837","d5","1","Thaleichthys pacificus",0,"53-6",43.063785,-125.1312033,0,0
"MFU","52193","837","d5","1","Trachurus symmetricus",0,"53-6",43.063785,-125.1312033,0,0
"MFU","52193","837","d5","1","Trachurus symmetricus",774,"53-6",43.063785,-125.1312033,0,0
"MFU","52193","84","d1","1","Clupea pallasii",0,"27-8",38.72578,-124.28769,500,500
"MFU","52193","84","d1","1","Engraulis mordax",9084,"27-8",38.72578,-124.28769,500,500
"MFU","52193","84","d1","1","Leuroglossus stilbius",0,"27-8",38.72578,-124.28769,500,500
"MFU","52193","84","d1","1","Merluccius productus",0,"27-8",38.72578,-124.28769,500,500
"MFU","52193","84","d1","1","Merluccius productus",4342,"27-8",38.72578,-124.28769,500,500
"MFU","52193","84","d1","1","Microstomus pacificus",0,"27-8",38.72578,-124.28769,500,500
"MFU","52193","84","d1","1","Sardinops sagax",0,"27-8",38.72578,-124.28769,500,500
"MFU","52193","84","d1","1","Scomber japonicus",0,"27-8",38.72578,-124.28769,500,500
"MFU","52193","84","d1","1","Sebastes entomelas",0,"27-8",38.72578,-124.28769,500,500
"MFU","52193","84","d1","1","Stenobrachius leucopsarus",0,"27-8",38.72578,-124.28769,500,500
"MFU","52193","84","d1","1","Stenobrachius leucopsarus",0,"27-8",38.72578,-124.28769,500,500
"MFU","52193","84","d1","1","Tactostoma macropus",0,"27-8",38.72578,-124.28769,500,500
"MFU","52193","84","d1","1","Tarletonbeania crenularis",0,"27-8",38.72578,-124.28769,500,500
"MFU","52193","84","d1","1","Tarletonbeania crenularis",0,"27-8",38.72578,-124.28769,500,500
"MFU","52193","84","d1","1","Thaleichthys pacificus",0,"27-8",38.72578,-124.28769,500,500
"MFU","52193","84","d1","1","Trachurus symmetricus",0,"27-8",38.72578,-124.28769,500,500
"MFU","52193","84","d1","1","Trachurus symmetricus",0,"27-8",38.72578,-124.28769,500,500
"MFU","52193","847","d1","1","Clupea pallasii",42,"53-7",43.06521333,-125.248965,50,50
"MFU","52193","847","d1","1","Engraulis mordax",0,"53-7",43.06521333,-125.248965,50,50
"MFU","52193","847","d1","1","Leuroglossus stilbius",0,"53-7",43.06521333,-125.248965,50,50
"MFU","52193","847","d1","1","Merluccius productus",0,"53-7",43.06521333,-125.248965,50,50
"MFU","52193","847","d1","1","Merluccius productus",0,"53-7",43.06521333,-125.248965,50,50
"MFU","52193","847","d1","1","Microstomus pacificus",0,"53-7",43.06521333,-125.248965,50,50
"MFU","52193","847","d1","1","Sardinops sagax",58,"53-7",43.06521333,-125.248965,50,50
"MFU","52193","847","d1","1","Scomber japonicus",182,"53-7",43.06521333,-125.248965,50,50
"MFU","52193","847","d1","1","Sebastes entomelas",0,"53-7",43.06521333,-125.248965,50,50
"MFU","52193","847","d1","1","Stenobrachius leucopsarus",0,"53-7",43.06521333,-125.248965,50,50
"MFU","52193","847","d1","1","Stenobrachius leucopsarus",338,"53-7",43.06521333,-125.248965,50,50
"MFU","52193","847","d1","1","Tactostoma macropus",0,"53-7",43.06521333,-125.248965,50,50
"MFU","52193","847","d1","1","Tarletonbeania crenularis",0,"53-7",43.06521333,-125.248965,50,50
"MFU","52193","847","d1","1","Tarletonbeania crenularis",0,"53-7",43.06521333,-125.248965,50,50
"MFU","52193","847","d1","1","Thaleichthys pacificus",0,"53-7",43.06521333,-125.248965,50,50
"MFU","52193","847","d1","1","Trachurus symmetricus",0,"53-7",43.06521333,-125.248965,50,50
"MFU","52193","847","d1","1","Trachurus symmetricus",102,"53-7",43.06521333,-125.248965,50,50
"MFU","52193","847","d10","1","Clupea pallasii",51,"53-7",43.06521333,-125.248965,50,50
"MFU","52193","847","d10","1","Engraulis mordax",0,"53-7",43.06521333,-125.248965,50,50
"MFU","52193","847","d10","1","Leuroglossus stilbius",0,"53-7",43.06521333,-125.248965,50,50
"MFU","52193","847","d10","1","Merluccius productus",0,"53-7",43.06521333,-125.248965,50,50
"MFU","52193","847","d10","1","Merluccius productus",0,"53-7",43.06521333,-125.248965,50,50
"MFU","52193","847","d10","1","Microstomus pacificus",0,"53-7",43.06521333,-125.248965,50,50
"MFU","52193","847","d10","1","Sardinops sagax",139,"53-7",43.06521333,-125.248965,50,50
"MFU","52193","847","d10","1","Scomber japonicus",0,"53-7",43.06521333,-125.248965,50,50
"MFU","52193","847","d10","1","Sebastes entomelas",0,"53-7",43.06521333,-125.248965,50,50
"MFU","52193","847","d10","1","Stenobrachius leucopsarus",0,"53-7",43.06521333,-125.248965,50,50
"MFU","52193","847","d10","1","Stenobrachius leucopsarus",0,"53-7",43.06521333,-125.248965,50,50
"MFU","52193","847","d10","1","Tactostoma macropus",0,"53-7",43.06521333,-125.248965,50,50
"MFU","52193","847","d10","1","Tarletonbeania crenularis",0,"53-7",43.06521333,-125.248965,50,50
"MFU","52193","847","d10","1","Tarletonbeania crenularis",0,"53-7",43.06521333,-125.248965,50,50
"MFU","52193","847","d10","1","Thaleichthys pacificus",0,"53-7",43.06521333,-125.248965,50,50
"MFU","52193","847","d10","1","Trachurus symmetricus",0,"53-7",43.06521333,-125.248965,50,50
"MFU","52193","847","d10","1","Trachurus symmetricus",0,"53-7",43.06521333,-125.248965,50,50
"MFU","52193","849","d5","1","Clupea pallasii",360,"53-7",43.06521333,-125.248965,0,0
"MFU","52193","849","d5","1","Engraulis mordax",17299,"53-7",43.06521333,-125.248965,0,0
"MFU","52193","849","d5","1","Leuroglossus stilbius",0,"53-7",43.06521333,-125.248965,0,0
"MFU","52193","849","d5","1","Merluccius productus",0,"53-7",43.06521333,-125.248965,0,0
"MFU","52193","849","d5","1","Merluccius productus",0,"53-7",43.06521333,-125.248965,0,0
"MFU","52193","849","d5","1","Microstomus pacificus",0,"53-7",43.06521333,-125.248965,0,0
"MFU","52193","849","d5","1","Sardinops sagax",47883,"53-7",43.06521333,-125.248965,0,0
"MFU","52193","849","d5","1","Scomber japonicus",592,"53-7",43.06521333,-125.248965,0,0
"MFU","52193","849","d5","1","Sebastes entomelas",0,"53-7",43.06521333,-125.248965,0,0
"MFU","52193","849","d5","1","Stenobrachius leucopsarus",0,"53-7",43.06521333,-125.248965,0,0
"MFU","52193","849","d5","1","Stenobrachius leucopsarus",0,"53-7",43.06521333,-125.248965,0,0
"MFU","52193","849","d5","1","Tactostoma macropus",0,"53-7",43.06521333,-125.248965,0,0
"MFU","52193","849","d5","1","Tarletonbeania crenularis",0,"53-7",43.06521333,-125.248965,0,0
"MFU","52193","849","d5","1","Tarletonbeania crenularis",0,"53-7",43.06521333,-125.248965,0,0
"MFU","52193","849","d5","1","Thaleichthys pacificus",0,"53-7",43.06521333,-125.248965,0,0
"MFU","52193","849","d5","1","Trachurus symmetricus",0,"53-7",43.06521333,-125.248965,0,0
"MFU","52193","849","d5","1","Trachurus symmetricus",0,"53-7",43.06521333,-125.248965,0,0
"MFU","52193","851","d1","1","Clupea pallasii",0,"53-8",43.06469167,-125.2812817,500,500
"MFU","52193","851","d1","1","Engraulis mordax",3399,"53-8",43.06469167,-125.2812817,500,500
"MFU","52193","851","d1","1","Leuroglossus stilbius",0,"53-8",43.06469167,-125.2812817,500,500
"MFU","52193","851","d1","1","Merluccius productus",0,"53-8",43.06469167,-125.2812817,500,500
"MFU","52193","851","d1","1","Merluccius productus",7435,"53-8",43.06469167,-125.2812817,500,500
"MFU","52193","851","d1","1","Microstomus pacificus",0,"53-8",43.06469167,-125.2812817,500,500
"MFU","52193","851","d1","1","Sardinops sagax",7462,"53-8",43.06469167,-125.2812817,500,500
"MFU","52193","851","d1","1","Scomber japonicus",0,"53-8",43.06469167,-125.2812817,500,500
"MFU","52193","851","d1","1","Sebastes entomelas",0,"53-8",43.06469167,-125.2812817,500,500
"MFU","52193","851","d1","1","Stenobrachius leucopsarus",0,"53-8",43.06469167,-125.2812817,500,500
"MFU","52193","851","d1","1","Stenobrachius leucopsarus",0,"53-8",43.06469167,-125.2812817,500,500
"MFU","52193","851","d1","1","Tactostoma macropus",6917,"53-8",43.06469167,-125.2812817,500,500
"MFU","52193","851","d1","1","Tarletonbeania crenularis",0,"53-8",43.06469167,-125.2812817,500,500
"MFU","52193","851","d1","1","Tarletonbeania crenularis",0,"53-8",43.06469167,-125.2812817,500,500
"MFU","52193","851","d1","1","Thaleichthys pacificus",0,"53-8",43.06469167,-125.2812817,500,500
"MFU","52193","851","d1","1","Trachurus symmetricus",0,"53-8",43.06469167,-125.2812817,500,500
"MFU","52193","851","d1","1","Trachurus symmetricus",0,"53-8",43.06469167,-125.2812817,500,500
"MFU","52193","853","d1","1","Clupea pallasii",0,"53-8",43.06469167,-125.2812817,300,300
"MFU","52193","853","d1","1","Engraulis mordax",0,"53-8",43.06469167,-125.2812817,300,300
"MFU","52193","853","d1","1","Leuroglossus stilbius",0,"53-8",43.06469167,-125.2812817,300,300
"MFU","52193","853","d1","1","Merluccius productus",1949,"53-8",43.06469167,-125.2812817,300,300
"MFU","52193","853","d1","1","Merluccius productus",7327,"53-8",43.06469167,-125.2812817,300,300
"MFU","52193","853","d1","1","Microstomus pacificus",0,"53-8",43.06469167,-125.2812817,300,300
"MFU","52193","853","d1","1","Sardinops sagax",1186,"53-8",43.06469167,-125.2812817,300,300
"MFU","52193","853","d1","1","Scomber japonicus",1393,"53-8",43.06469167,-125.2812817,300,300
"MFU","52193","853","d1","1","Sebastes entomelas",0,"53-8",43.06469167,-125.2812817,300,300
"MFU","52193","853","d1","1","Stenobrachius leucopsarus",0,"53-8",43.06469167,-125.2812817,300,300
"MFU","52193","853","d1","1","Stenobrachius leucopsarus",1009,"53-8",43.06469167,-125.2812817,300,300
"MFU","52193","853","d1","1","Tactostoma macropus",0,"53-8",43.06469167,-125.2812817,300,300
"MFU","52193","853","d1","1","Tarletonbeania crenularis",0,"53-8",43.06469167,-125.2812817,300,300
"MFU","52193","853","d1","1","Tarletonbeania crenularis",18139,"53-8",43.06469167,-125.2812817,300,300
"MFU","52193","853","d1","1","Thaleichthys pacificus",0,"53-8",43.06469167,-125.2812817,300,300
"MFU","52193","853","d1","1","Trachurus symmetricus",0,"53-8",43.06469167,-125.2812817,300,300
"MFU","52193","853","d1","1","Trachurus symmetricus",0,"53-8",43.06469167,-125.2812817,300,300
"MFU","52193","855","d1","1","Clupea pallasii",0,"53-8",43.06469167,-125.2812817,150,150
"MFU","52193","855","d1","1","Engraulis mordax",4730,"53-8",43.06469167,-125.2812817,150,150
"MFU","52193","855","d1","1","Leuroglossus stilbius",0,"53-8",43.06469167,-125.2812817,150,150
"MFU","52193","855","d1","1","Merluccius productus",0,"53-8",43.06469167,-125.2812817,150,150
"MFU","52193","855","d1","1","Merluccius productus",0,"53-8",43.06469167,-125.2812817,150,150
"MFU","52193","855","d1","1","Microstomus pacificus",0,"53-8",43.06469167,-125.2812817,150,150
"MFU","52193","855","d1","1","Sardinops sagax",18120,"53-8",43.06469167,-125.2812817,150,150
"MFU","52193","855","d1","1","Scomber japonicus",0,"53-8",43.06469167,-125.2812817,150,150
"MFU","52193","855","d1","1","Sebastes entomelas",0,"53-8",43.06469167,-125.2812817,150,150
"MFU","52193","855","d1","1","Stenobrachius leucopsarus",0,"53-8",43.06469167,-125.2812817,150,150
"MFU","52193","855","d1","1","Stenobrachius leucopsarus",0,"53-8",43.06469167,-125.2812817,150,150
"MFU","52193","855","d1","1","Tactostoma macropus",21135,"53-8",43.06469167,-125.2812817,150,150
"MFU","52193","855","d1","1","Tarletonbeania crenularis",0,"53-8",43.06469167,-125.2812817,150,150
"MFU","52193","855","d1","1","Tarletonbeania crenularis",15614,"53-8",43.06469167,-125.2812817,150,150
"MFU","52193","855","d1","1","Thaleichthys pacificus",0,"53-8",43.06469167,-125.2812817,150,150
"MFU","52193","855","d1","1","Trachurus symmetricus",0,"53-8",43.06469167,-125.2812817,150,150
"MFU","52193","855","d1","1","Trachurus symmetricus",0,"53-8",43.06469167,-125.2812817,150,150
"MFU","52193","859","d5","1","Clupea pallasii",0,"53-8",43.06469167,-125.2812817,50,50
"MFU","52193","859","d5","1","Engraulis mordax",0,"53-8",43.06469167,-125.2812817,50,50
"MFU","52193","859","d5","1","Leuroglossus stilbius",0,"53-8",43.06469167,-125.2812817,50,50
"MFU","52193","859","d5","1","Merluccius productus",0,"53-8",43.06469167,-125.2812817,50,50
"MFU","52193","859","d5","1","Merluccius productus",441,"53-8",43.06469167,-125.2812817,50,50
"MFU","52193","859","d5","1","Microstomus pacificus",0,"53-8",43.06469167,-125.2812817,50,50
"MFU","52193","859","d5","1","Sardinops sagax",0,"53-8",43.06469167,-125.2812817,50,50
"MFU","52193","859","d5","1","Scomber japonicus",0,"53-8",43.06469167,-125.2812817,50,50
"MFU","52193","859","d5","1","Sebastes entomelas",0,"53-8",43.06469167,-125.2812817,50,50
"MFU","52193","859","d5","1","Stenobrachius leucopsarus",0,"53-8",43.06469167,-125.2812817,50,50
"MFU","52193","859","d5","1","Stenobrachius leucopsarus",0,"53-8",43.06469167,-125.2812817,50,50
"MFU","52193","859","d5","1","Tactostoma macropus",0,"53-8",43.06469167,-125.2812817,50,50
"MFU","52193","859","d5","1","Tarletonbeania crenularis",0,"53-8",43.06469167,-125.2812817,50,50
"MFU","52193","859","d5","1","Tarletonbeania crenularis",0,"53-8",43.06469167,-125.2812817,50,50
"MFU","52193","859","d5","1","Thaleichthys pacificus",0,"53-8",43.06469167,-125.2812817,50,50
"MFU","52193","859","d5","1","Trachurus symmetricus",0,"53-8",43.06469167,-125.2812817,50,50
"MFU","52193","859","d5","1","Trachurus symmetricus",0,"53-8",43.06469167,-125.2812817,50,50
"MFU","52193","86","d1","1","Clupea pallasii",0,"27-8",38.72578,-124.28769,300,300
"MFU","52193","86","d1","1","Engraulis mordax",101,"27-8",38.72578,-124.28769,300,300
"MFU","52193","86","d1","1","Leuroglossus stilbius",0,"27-8",38.72578,-124.28769,300,300
"MFU","52193","86","d1","1","Merluccius productus",198,"27-8",38.72578,-124.28769,300,300
"MFU","52193","86","d1","1","Merluccius productus",20603,"27-8",38.72578,-124.28769,300,300
"MFU","52193","86","d1","1","Microstomus pacificus",0,"27-8",38.72578,-124.28769,300,300
"MFU","52193","86","d1","1","Sardinops sagax",0,"27-8",38.72578,-124.28769,300,300
"MFU","52193","86","d1","1","Scomber japonicus",0,"27-8",38.72578,-124.28769,300,300
"MFU","52193","86","d1","1","Sebastes entomelas",0,"27-8",38.72578,-124.28769,300,300
"MFU","52193","86","d1","1","Stenobrachius leucopsarus",0,"27-8",38.72578,-124.28769,300,300
"MFU","52193","86","d1","1","Stenobrachius leucopsarus",118,"27-8",38.72578,-124.28769,300,300
"MFU","52193","86","d1","1","Tactostoma macropus",0,"27-8",38.72578,-124.28769,300,300
"MFU","52193","86","d1","1","Tarletonbeania crenularis",0,"27-8",38.72578,-124.28769,300,300
"MFU","52193","86","d1","1","Tarletonbeania crenularis",0,"27-8",38.72578,-124.28769,300,300
"MFU","52193","86","d1","1","Thaleichthys pacificus",0,"27-8",38.72578,-124.28769,300,300
"MFU","52193","86","d1","1","Trachurus symmetricus",0,"27-8",38.72578,-124.28769,300,300
"MFU","52193","86","d1","1","Trachurus symmetricus",0,"27-8",38.72578,-124.28769,300,300
"MFU","52193","861","d10","1","Clupea pallasii",0,"53-8",43.06469167,-125.2812817,0,0
"MFU","52193","861","d10","1","Engraulis mordax",32850,"53-8",43.06469167,-125.2812817,0,0
"MFU","52193","861","d10","1","Leuroglossus stilbius",0,"53-8",43.06469167,-125.2812817,0,0
"MFU","52193","861","d10","1","Merluccius productus",0,"53-8",43.06469167,-125.2812817,0,0
"MFU","52193","861","d10","1","Merluccius productus",0,"53-8",43.06469167,-125.2812817,0,0
"MFU","52193","861","d10","1","Microstomus pacificus",0,"53-8",43.06469167,-125.2812817,0,0
"MFU","52193","861","d10","1","Sardinops sagax",42123,"53-8",43.06469167,-125.2812817,0,0
"MFU","52193","861","d10","1","Scomber japonicus",3698,"53-8",43.06469167,-125.2812817,0,0
"MFU","52193","861","d10","1","Sebastes entomelas",0,"53-8",43.06469167,-125.2812817,0,0
"MFU","52193","861","d10","1","Stenobrachius leucopsarus",0,"53-8",43.06469167,-125.2812817,0,0
"MFU","52193","861","d10","1","Stenobrachius leucopsarus",0,"53-8",43.06469167,-125.2812817,0,0
"MFU","52193","861","d10","1","Tactostoma macropus",0,"53-8",43.06469167,-125.2812817,0,0
"MFU","52193","861","d10","1","Tarletonbeania crenularis",0,"53-8",43.06469167,-125.2812817,0,0
"MFU","52193","861","d10","1","Tarletonbeania crenularis",0,"53-8",43.06469167,-125.2812817,0,0
"MFU","52193","861","d10","1","Thaleichthys pacificus",0,"53-8",43.06469167,-125.2812817,0,0
"MFU","52193","861","d10","1","Trachurus symmetricus",0,"53-8",43.06469167,-125.2812817,0,0
"MFU","52193","861","d10","1","Trachurus symmetricus",2531,"53-8",43.06469167,-125.2812817,0,0
"MFU","52193","864","d1","1","Clupea pallasii",0,"55-8",43.39560333,-125.189065,500,500
"MFU","52193","864","d1","1","Engraulis mordax",0,"55-8",43.39560333,-125.189065,500,500
"MFU","52193","864","d1","1","Leuroglossus stilbius",0,"55-8",43.39560333,-125.189065,500,500
"MFU","52193","864","d1","1","Merluccius productus",0,"55-8",43.39560333,-125.189065,500,500
"MFU","52193","864","d1","1","Merluccius productus",26417,"55-8",43.39560333,-125.189065,500,500
"MFU","52193","864","d1","1","Microstomus pacificus",0,"55-8",43.39560333,-125.189065,500,500
"MFU","52193","864","d1","1","Sardinops sagax",0,"55-8",43.39560333,-125.189065,500,500
"MFU","52193","864","d1","1","Scomber japonicus",0,"55-8",43.39560333,-125.189065,500,500
"MFU","52193","864","d1","1","Sebastes entomelas",0,"55-8",43.39560333,-125.189065,500,500
"MFU","52193","864","d1","1","Stenobrachius leucopsarus",0,"55-8",43.39560333,-125.189065,500,500
"MFU","52193","864","d1","1","Stenobrachius leucopsarus",19288,"55-8",43.39560333,-125.189065,500,500
"MFU","52193","864","d1","1","Tactostoma macropus",13225,"55-8",43.39560333,-125.189065,500,500
"MFU","52193","864","d1","1","Tarletonbeania crenularis",0,"55-8",43.39560333,-125.189065,500,500
"MFU","52193","864","d1","1","Tarletonbeania crenularis",0,"55-8",43.39560333,-125.189065,500,500
"MFU","52193","864","d1","1","Thaleichthys pacificus",0,"55-8",43.39560333,-125.189065,500,500
"MFU","52193","864","d1","1","Trachurus symmetricus",0,"55-8",43.39560333,-125.189065,500,500
"MFU","52193","864","d1","1","Trachurus symmetricus",0,"55-8",43.39560333,-125.189065,500,500
"MFU","52193","866","d1","1","Clupea pallasii",0,"55-8",43.39560333,-125.189065,300,300
"MFU","52193","866","d1","1","Engraulis mordax",1861,"55-8",43.39560333,-125.189065,300,300
"MFU","52193","866","d1","1","Leuroglossus stilbius",0,"55-8",43.39560333,-125.189065,300,300
"MFU","52193","866","d1","1","Merluccius productus",1194,"55-8",43.39560333,-125.189065,300,300
"MFU","52193","866","d1","1","Merluccius productus",10700,"55-8",43.39560333,-125.189065,300,300
"MFU","52193","866","d1","1","Microstomus pacificus",0,"55-8",43.39560333,-125.189065,300,300
"MFU","52193","866","d1","1","Sardinops sagax",2089,"55-8",43.39560333,-125.189065,300,300
"MFU","52193","866","d1","1","Scomber japonicus",0,"55-8",43.39560333,-125.189065,300,300
"MFU","52193","866","d1","1","Sebastes entomelas",0,"55-8",43.39560333,-125.189065,300,300
"MFU","52193","866","d1","1","Stenobrachius leucopsarus",0,"55-8",43.39560333,-125.189065,300,300
"MFU","52193","866","d1","1","Stenobrachius leucopsarus",1745,"55-8",43.39560333,-125.189065,300,300
"MFU","52193","866","d1","1","Tactostoma macropus",4187,"55-8",43.39560333,-125.189065,300,300
"MFU","52193","866","d1","1","Tarletonbeania crenularis",0,"55-8",43.39560333,-125.189065,300,300
"MFU","52193","866","d1","1","Tarletonbeania crenularis",6428,"55-8",43.39560333,-125.189065,300,300
"MFU","52193","866","d1","1","Thaleichthys pacificus",0,"55-8",43.39560333,-125.189065,300,300
"MFU","52193","866","d1","1","Trachurus symmetricus",0,"55-8",43.39560333,-125.189065,300,300
"MFU","52193","866","d1","1","Trachurus symmetricus",0,"55-8",43.39560333,-125.189065,300,300
"MFU","52193","868","d1","1","Clupea pallasii",0,"55-8",43.39560333,-125.189065,150,150
"MFU","52193","868","d1","1","Engraulis mordax",0,"55-8",43.39560333,-125.189065,150,150
"MFU","52193","868","d1","1","Leuroglossus stilbius",0,"55-8",43.39560333,-125.189065,150,150
"MFU","52193","868","d1","1","Merluccius productus",0,"55-8",43.39560333,-125.189065,150,150
"MFU","52193","868","d1","1","Merluccius productus",3711,"55-8",43.39560333,-125.189065,150,150
"MFU","52193","868","d1","1","Microstomus pacificus",0,"55-8",43.39560333,-125.189065,150,150
"MFU","52193","868","d1","1","Sardinops sagax",852,"55-8",43.39560333,-125.189065,150,150
"MFU","52193","868","d1","1","Scomber japonicus",0,"55-8",43.39560333,-125.189065,150,150
"MFU","52193","868","d1","1","Sebastes entomelas",0,"55-8",43.39560333,-125.189065,150,150
"MFU","52193","868","d1","1","Stenobrachius leucopsarus",0,"55-8",43.39560333,-125.189065,150,150
"MFU","52193","868","d1","1","Stenobrachius leucopsarus",505,"55-8",43.39560333,-125.189065,150,150
"MFU","52193","868","d1","1","Tactostoma macropus",0,"55-8",43.39560333,-125.189065,150,150
"MFU","52193","868","d1","1","Tarletonbeania crenularis",0,"55-8",43.39560333,-125.189065,150,150
"MFU","52193","868","d1","1","Tarletonbeania crenularis",0,"55-8",43.39560333,-125.189065,150,150
"MFU","52193","868","d1","1","Thaleichthys pacificus",0,"55-8",43.39560333,-125.189065,150,150
"MFU","52193","868","d1","1","Trachurus symmetricus",0,"55-8",43.39560333,-125.189065,150,150
"MFU","52193","868","d1","1","Trachurus symmetricus",0,"55-8",43.39560333,-125.189065,150,150
"MFU","52193","872","d1","1","Clupea pallasii",0,"55-8",43.39560333,-125.189065,50,50
"MFU","52193","872","d1","1","Engraulis mordax",1604,"55-8",43.39560333,-125.189065,50,50
"MFU","52193","872","d1","1","Leuroglossus stilbius",0,"55-8",43.39560333,-125.189065,50,50
"MFU","52193","872","d1","1","Merluccius productus",16759,"55-8",43.39560333,-125.189065,50,50
"MFU","52193","872","d1","1","Merluccius productus",121220,"55-8",43.39560333,-125.189065,50,50
"MFU","52193","872","d1","1","Microstomus pacificus",0,"55-8",43.39560333,-125.189065,50,50
"MFU","52193","872","d1","1","Sardinops sagax",861,"55-8",43.39560333,-125.189065,50,50
"MFU","52193","872","d1","1","Scomber japonicus",1650,"55-8",43.39560333,-125.189065,50,50
"MFU","52193","872","d1","1","Sebastes entomelas",0,"55-8",43.39560333,-125.189065,50,50
"MFU","52193","872","d1","1","Stenobrachius leucopsarus",0,"55-8",43.39560333,-125.189065,50,50
"MFU","52193","872","d1","1","Stenobrachius leucopsarus",13534,"55-8",43.39560333,-125.189065,50,50
"MFU","52193","872","d1","1","Tactostoma macropus",0,"55-8",43.39560333,-125.189065,50,50
"MFU","52193","872","d1","1","Tarletonbeania crenularis",0,"55-8",43.39560333,-125.189065,50,50
"MFU","52193","872","d1","1","Tarletonbeania crenularis",0,"55-8",43.39560333,-125.189065,50,50
"MFU","52193","872","d1","1","Thaleichthys pacificus",20,"55-8",43.39560333,-125.189065,50,50
"MFU","52193","872","d1","1","Trachurus symmetricus",0,"55-8",43.39560333,-125.189065,50,50
"MFU","52193","872","d1","1","Trachurus symmetricus",8797,"55-8",43.39560333,-125.189065,50,50
"MFU","52193","874","d5","1","Clupea pallasii",0,"55-8",43.39560333,-125.189065,0,0
"MFU","52193","874","d5","1","Engraulis mordax",303478,"55-8",43.39560333,-125.189065,0,0
"MFU","52193","874","d5","1","Leuroglossus stilbius",0,"55-8",43.39560333,-125.189065,0,0
"MFU","52193","874","d5","1","Merluccius productus",0,"55-8",43.39560333,-125.189065,0,0
"MFU","52193","874","d5","1","Merluccius productus",0,"55-8",43.39560333,-125.189065,0,0
"MFU","52193","874","d5","1","Microstomus pacificus",0,"55-8",43.39560333,-125.189065,0,0
"MFU","52193","874","d5","1","Sardinops sagax",26548,"55-8",43.39560333,-125.189065,0,0
"MFU","52193","874","d5","1","Scomber japonicus",10395,"55-8",43.39560333,-125.189065,0,0
"MFU","52193","874","d5","1","Sebastes entomelas",0,"55-8",43.39560333,-125.189065,0,0
"MFU","52193","874","d5","1","Stenobrachius leucopsarus",0,"55-8",43.39560333,-125.189065,0,0
"MFU","52193","874","d5","1","Stenobrachius leucopsarus",0,"55-8",43.39560333,-125.189065,0,0
"MFU","52193","874","d5","1","Tactostoma macropus",1088,"55-8",43.39560333,-125.189065,0,0
"MFU","52193","874","d5","1","Tarletonbeania crenularis",0,"55-8",43.39560333,-125.189065,0,0
"MFU","52193","874","d5","1","Tarletonbeania crenularis",0,"55-8",43.39560333,-125.189065,0,0
"MFU","52193","874","d5","1","Thaleichthys pacificus",0,"55-8",43.39560333,-125.189065,0,0
"MFU","52193","874","d5","1","Trachurus symmetricus",0,"55-8",43.39560333,-125.189065,0,0
"MFU","52193","874","d5","1","Trachurus symmetricus",11381,"55-8",43.39560333,-125.189065,0,0
"MFU","52193","876","d1","1","Clupea pallasii",0,"55-7",43.39409,-125.0918917,500,500
"MFU","52193","876","d1","1","Engraulis mordax",0,"55-7",43.39409,-125.0918917,500,500
"MFU","52193","876","d1","1","Leuroglossus stilbius",0,"55-7",43.39409,-125.0918917,500,500
"MFU","52193","876","d1","1","Merluccius productus",0,"55-7",43.39409,-125.0918917,500,500
"MFU","52193","876","d1","1","Merluccius productus",2125,"55-7",43.39409,-125.0918917,500,500
"MFU","52193","876","d1","1","Microstomus pacificus",0,"55-7",43.39409,-125.0918917,500,500
"MFU","52193","876","d1","1","Sardinops sagax",0,"55-7",43.39409,-125.0918917,500,500
"MFU","52193","876","d1","1","Scomber japonicus",0,"55-7",43.39409,-125.0918917,500,500
"MFU","52193","876","d1","1","Sebastes entomelas",0,"55-7",43.39409,-125.0918917,500,500
"MFU","52193","876","d1","1","Stenobrachius leucopsarus",0,"55-7",43.39409,-125.0918917,500,500
"MFU","52193","876","d1","1","Stenobrachius leucopsarus",1255,"55-7",43.39409,-125.0918917,500,500
"MFU","52193","876","d1","1","Tactostoma macropus",3409,"55-7",43.39409,-125.0918917,500,500
"MFU","52193","876","d1","1","Tarletonbeania crenularis",0,"55-7",43.39409,-125.0918917,500,500
"MFU","52193","876","d1","1","Tarletonbeania crenularis",0,"55-7",43.39409,-125.0918917,500,500
"MFU","52193","876","d1","1","Thaleichthys pacificus",0,"55-7",43.39409,-125.0918917,500,500
"MFU","52193","876","d1","1","Trachurus symmetricus",0,"55-7",43.39409,-125.0918917,500,500
"MFU","52193","876","d1","1","Trachurus symmetricus",0,"55-7",43.39409,-125.0918917,500,500
"MFU","52193","878","d1","1","Clupea pallasii",0,"55-7",43.39409,-125.0918917,300,300
"MFU","52193","878","d1","1","Engraulis mordax",487,"55-7",43.39409,-125.0918917,300,300
"MFU","52193","878","d1","1","Leuroglossus stilbius",0,"55-7",43.39409,-125.0918917,300,300
"MFU","52193","878","d1","1","Merluccius productus",0,"55-7",43.39409,-125.0918917,300,300
"MFU","52193","878","d1","1","Merluccius productus",6607,"55-7",43.39409,-125.0918917,300,300
"MFU","52193","878","d1","1","Microstomus pacificus",0,"55-7",43.39409,-125.0918917,300,300
"MFU","52193","878","d1","1","Sardinops sagax",0,"55-7",43.39409,-125.0918917,300,300
"MFU","52193","878","d1","1","Scomber japonicus",0,"55-7",43.39409,-125.0918917,300,300
"MFU","52193","878","d1","1","Sebastes entomelas",0,"55-7",43.39409,-125.0918917,300,300
"MFU","52193","878","d1","1","Stenobrachius leucopsarus",0,"55-7",43.39409,-125.0918917,300,300
"MFU","52193","878","d1","1","Stenobrachius leucopsarus",1965,"55-7",43.39409,-125.0918917,300,300
"MFU","52193","878","d1","1","Tactostoma macropus",0,"55-7",43.39409,-125.0918917,300,300
"MFU","52193","878","d1","1","Tarletonbeania crenularis",0,"55-7",43.39409,-125.0918917,300,300
"MFU","52193","878","d1","1","Tarletonbeania crenularis",255,"55-7",43.39409,-125.0918917,300,300
"MFU","52193","878","d1","1","Thaleichthys pacificus",0,"55-7",43.39409,-125.0918917,300,300
"MFU","52193","878","d1","1","Trachurus symmetricus",0,"55-7",43.39409,-125.0918917,300,300
"MFU","52193","878","d1","1","Trachurus symmetricus",765,"55-7",43.39409,-125.0918917,300,300
"MFU","52193","88","d1","1","Clupea pallasii",0,"27-8",38.72578,-124.28769,150,150
"MFU","52193","88","d1","1","Engraulis mordax",14849,"27-8",38.72578,-124.28769,150,150
"MFU","52193","88","d1","1","Leuroglossus stilbius",0,"27-8",38.72578,-124.28769,150,150
"MFU","52193","88","d1","1","Merluccius productus",4570,"27-8",38.72578,-124.28769,150,150
"MFU","52193","88","d1","1","Merluccius productus",30749,"27-8",38.72578,-124.28769,150,150
"MFU","52193","88","d1","1","Microstomus pacificus",0,"27-8",38.72578,-124.28769,150,150
"MFU","52193","88","d1","1","Sardinops sagax",0,"27-8",38.72578,-124.28769,150,150
"MFU","52193","88","d1","1","Scomber japonicus",0,"27-8",38.72578,-124.28769,150,150
"MFU","52193","88","d1","1","Sebastes entomelas",0,"27-8",38.72578,-124.28769,150,150
"MFU","52193","88","d1","1","Stenobrachius leucopsarus",0,"27-8",38.72578,-124.28769,150,150
"MFU","52193","88","d1","1","Stenobrachius leucopsarus",4655,"27-8",38.72578,-124.28769,150,150
"MFU","52193","88","d1","1","Tactostoma macropus",0,"27-8",38.72578,-124.28769,150,150
"MFU","52193","88","d1","1","Tarletonbeania crenularis",0,"27-8",38.72578,-124.28769,150,150
"MFU","52193","88","d1","1","Tarletonbeania crenularis",10460,"27-8",38.72578,-124.28769,150,150
"MFU","52193","88","d1","1","Thaleichthys pacificus",0,"27-8",38.72578,-124.28769,150,150
"MFU","52193","88","d1","1","Trachurus symmetricus",0,"27-8",38.72578,-124.28769,150,150
"MFU","52193","88","d1","1","Trachurus symmetricus",4740,"27-8",38.72578,-124.28769,150,150
"MFU","52193","880","d1","1","Clupea pallasii",0,"55-7",43.39409,-125.0918917,150,150
"MFU","52193","880","d1","1","Engraulis mordax",0,"55-7",43.39409,-125.0918917,150,150
"MFU","52193","880","d1","1","Leuroglossus stilbius",0,"55-7",43.39409,-125.0918917,150,150
"MFU","52193","880","d1","1","Merluccius productus",0,"55-7",43.39409,-125.0918917,150,150
"MFU","52193","880","d1","1","Merluccius productus",91771,"55-7",43.39409,-125.0918917,150,150
"MFU","52193","880","d1","1","Microstomus pacificus",0,"55-7",43.39409,-125.0918917,150,150
"MFU","52193","880","d1","1","Sardinops sagax",23245,"55-7",43.39409,-125.0918917,150,150
"MFU","52193","880","d1","1","Scomber japonicus",25113,"55-7",43.39409,-125.0918917,150,150
"MFU","52193","880","d1","1","Sebastes entomelas",0,"55-7",43.39409,-125.0918917,150,150
"MFU","52193","880","d1","1","Stenobrachius leucopsarus",0,"55-7",43.39409,-125.0918917,150,150
"MFU","52193","880","d1","1","Stenobrachius leucopsarus",9331,"55-7",43.39409,-125.0918917,150,150
"MFU","52193","880","d1","1","Tactostoma macropus",0,"55-7",43.39409,-125.0918917,150,150
"MFU","52193","880","d1","1","Tarletonbeania crenularis",0,"55-7",43.39409,-125.0918917,150,150
"MFU","52193","880","d1","1","Tarletonbeania crenularis",13210,"55-7",43.39409,-125.0918917,150,150
"MFU","52193","880","d1","1","Thaleichthys pacificus",0,"55-7",43.39409,-125.0918917,150,150
"MFU","52193","880","d1","1","Trachurus symmetricus",0,"55-7",43.39409,-125.0918917,150,150
"MFU","52193","880","d1","1","Trachurus symmetricus",0,"55-7",43.39409,-125.0918917,150,150
"MFU","52193","884","d10","1","Clupea pallasii",0,"55-7",43.39409,-125.0918917,50,50
"MFU","52193","884","d10","1","Engraulis mordax",0,"55-7",43.39409,-125.0918917,50,50
"MFU","52193","884","d10","1","Leuroglossus stilbius",0,"55-7",43.39409,-125.0918917,50,50
"MFU","52193","884","d10","1","Merluccius productus",10961,"55-7",43.39409,-125.0918917,50,50
"MFU","52193","884","d10","1","Merluccius productus",59581,"55-7",43.39409,-125.0918917,50,50
"MFU","52193","884","d10","1","Microstomus pacificus",0,"55-7",43.39409,-125.0918917,50,50
"MFU","52193","884","d10","1","Sardinops sagax",3725,"55-7",43.39409,-125.0918917,50,50
"MFU","52193","884","d10","1","Scomber japonicus",0,"55-7",43.39409,-125.0918917,50,50
"MFU","52193","884","d10","1","Sebastes entomelas",0,"55-7",43.39409,-125.0918917,50,50
"MFU","52193","884","d10","1","Stenobrachius leucopsarus",0,"55-7",43.39409,-125.0918917,50,50
"MFU","52193","884","d10","1","Stenobrachius leucopsarus",0,"55-7",43.39409,-125.0918917,50,50
"MFU","52193","884","d10","1","Tactostoma macropus",0,"55-7",43.39409,-125.0918917,50,50
"MFU","52193","884","d10","1","Tarletonbeania crenularis",0,"55-7",43.39409,-125.0918917,50,50
"MFU","52193","884","d10","1","Tarletonbeania crenularis",0,"55-7",43.39409,-125.0918917,50,50
"MFU","52193","884","d10","1","Thaleichthys pacificus",0,"55-7",43.39409,-125.0918917,50,50
"MFU","52193","884","d10","1","Trachurus symmetricus",0,"55-7",43.39409,-125.0918917,50,50
"MFU","52193","884","d10","1","Trachurus symmetricus",0,"55-7",43.39409,-125.0918917,50,50
"MFU","52193","886","d1","1","Clupea pallasii",0,"55-7",43.39409,-125.0918917,0,0
"MFU","52193","886","d1","1","Engraulis mordax",1951,"55-7",43.39409,-125.0918917,0,0
"MFU","52193","886","d1","1","Leuroglossus stilbius",0,"55-7",43.39409,-125.0918917,0,0
"MFU","52193","886","d1","1","Merluccius productus",0,"55-7",43.39409,-125.0918917,0,0
"MFU","52193","886","d1","1","Merluccius productus",0,"55-7",43.39409,-125.0918917,0,0
"MFU","52193","886","d1","1","Microstomus pacificus",0,"55-7",43.39409,-125.0918917,0,0
"MFU","52193","886","d1","1","Sardinops sagax",35526,"55-7",43.39409,-125.0918917,0,0
"MFU","52193","886","d1","1","Scomber japonicus",196187,"55-7",43.39409,-125.0918917,0,0
"MFU","52193","886","d1","1","Sebastes entomelas",0,"55-7",43.39409,-125.0918917,0,0
"MFU","52193","886","d1","1","Stenobrachius leucopsarus",0,"55-7",43.39409,-125.0918917,0,0
"MFU","52193","886","d1","1","Stenobrachius leucopsarus",0,"55-7",43.39409,-125.0918917,0,0
"MFU","52193","886","d1","1","Tactostoma macropus",0,"55-7",43.39409,-125.0918917,0,0
"MFU","52193","886","d1","1","Tarletonbeania crenularis",0,"55-7",43.39409,-125.0918917,0,0
"MFU","52193","886","d1","1","Tarletonbeania crenularis",0,"55-7",43.39409,-125.0918917,0,0
"MFU","52193","886","d1","1","Thaleichthys pacificus",0,"55-7",43.39409,-125.0918917,0,0
"MFU","52193","886","d1","1","Trachurus symmetricus",0,"55-7",43.39409,-125.0918917,0,0
"MFU","52193","886","d1","1","Trachurus symmetricus",7683,"55-7",43.39409,-125.0918917,0,0
"MFU","52193","888","d1","1","Clupea pallasii",0,"55-6",43.39387667,-124.9731967,500,500
"MFU","52193","888","d1","1","Engraulis mordax",0,"55-6",43.39387667,-124.9731967,500,500
"MFU","52193","888","d1","1","Leuroglossus stilbius",0,"55-6",43.39387667,-124.9731967,500,500
"MFU","52193","888","d1","1","Merluccius productus",3137,"55-6",43.39387667,-124.9731967,500,500
"MFU","52193","888","d1","1","Merluccius productus",9918,"55-6",43.39387667,-124.9731967,500,500
"MFU","52193","888","d1","1","Microstomus pacificus",0,"55-6",43.39387667,-124.9731967,500,500
"MFU","52193","888","d1","1","Sardinops sagax",0,"55-6",43.39387667,-124.9731967,500,500
"MFU","52193","888","d1","1","Scomber japonicus",3090,"55-6",43.39387667,-124.9731967,500,500
"MFU","52193","888","d1","1","Sebastes entomelas",0,"55-6",43.39387667,-124.9731967,500,500
"MFU","52193","888","d1","1","Stenobrachius leucopsarus",0,"55-6",43.39387667,-124.9731967,500,500
"MFU","52193","888","d1","1","Stenobrachius leucopsarus",8835,"55-6",43.39387667,-124.9731967,500,500
"MFU","52193","888","d1","1","Tactostoma macropus",0,"55-6",43.39387667,-124.9731967,500,500
"MFU","52193","888","d1","1","Tarletonbeania crenularis",0,"55-6",43.39387667,-124.9731967,500,500
"MFU","52193","888","d1","1","Tarletonbeania crenularis",0,"55-6",43.39387667,-124.9731967,500,500
"MFU","52193","888","d1","1","Thaleichthys pacificus",0,"55-6",43.39387667,-124.9731967,500,500
"MFU","52193","888","d1","1","Trachurus symmetricus",0,"55-6",43.39387667,-124.9731967,500,500
"MFU","52193","888","d1","1","Trachurus symmetricus",0,"55-6",43.39387667,-124.9731967,500,500
"MFU","52193","890","d1","1","Clupea pallasii",0,"55-6",43.39387667,-124.9731967,300,300
"MFU","52193","890","d1","1","Engraulis mordax",0,"55-6",43.39387667,-124.9731967,300,300
"MFU","52193","890","d1","1","Leuroglossus stilbius",0,"55-6",43.39387667,-124.9731967,300,300
"MFU","52193","890","d1","1","Merluccius productus",5430,"55-6",43.39387667,-124.9731967,300,300
"MFU","52193","890","d1","1","Merluccius productus",23432,"55-6",43.39387667,-124.9731967,300,300
"MFU","52193","890","d1","1","Microstomus pacificus",0,"55-6",43.39387667,-124.9731967,300,300
"MFU","52193","890","d1","1","Sardinops sagax",0,"55-6",43.39387667,-124.9731967,300,300
"MFU","52193","890","d1","1","Scomber japonicus",0,"55-6",43.39387667,-124.9731967,300,300
"MFU","52193","890","d1","1","Sebastes entomelas",0,"55-6",43.39387667,-124.9731967,300,300
"MFU","52193","890","d1","1","Stenobrachius leucopsarus",0,"55-6",43.39387667,-124.9731967,300,300
"MFU","52193","890","d1","1","Stenobrachius leucopsarus",4243,"55-6",43.39387667,-124.9731967,300,300
"MFU","52193","890","d1","1","Tactostoma macropus",0,"55-6",43.39387667,-124.9731967,300,300
"MFU","52193","890","d1","1","Tarletonbeania crenularis",0,"55-6",43.39387667,-124.9731967,300,300
"MFU","52193","890","d1","1","Tarletonbeania crenularis",5906,"55-6",43.39387667,-124.9731967,300,300
"MFU","52193","890","d1","1","Thaleichthys pacificus",0,"55-6",43.39387667,-124.9731967,300,300
"MFU","52193","890","d1","1","Trachurus symmetricus",0,"55-6",43.39387667,-124.9731967,300,300
"MFU","52193","890","d1","1","Trachurus symmetricus",0,"55-6",43.39387667,-124.9731967,300,300
"MFU","52193","892","d1","1","Clupea pallasii",0,"55-6",43.39387667,-124.9731967,150,150
"MFU","52193","892","d1","1","Engraulis mordax",0,"55-6",43.39387667,-124.9731967,150,150
"MFU","52193","892","d1","1","Leuroglossus stilbius",0,"55-6",43.39387667,-124.9731967,150,150
"MFU","52193","892","d1","1","Merluccius productus",0,"55-6",43.39387667,-124.9731967,150,150
"MFU","52193","892","d1","1","Merluccius productus",0,"55-6",43.39387667,-124.9731967,150,150
"MFU","52193","892","d1","1","Microstomus pacificus",0,"55-6",43.39387667,-124.9731967,150,150
"MFU","52193","892","d1","1","Sardinops sagax",0,"55-6",43.39387667,-124.9731967,150,150
"MFU","52193","892","d1","1","Scomber japonicus",0,"55-6",43.39387667,-124.9731967,150,150
"MFU","52193","892","d1","1","Sebastes entomelas",0,"55-6",43.39387667,-124.9731967,150,150
"MFU","52193","892","d1","1","Stenobrachius leucopsarus",0,"55-6",43.39387667,-124.9731967,150,150
"MFU","52193","892","d1","1","Stenobrachius leucopsarus",0,"55-6",43.39387667,-124.9731967,150,150
"MFU","52193","892","d1","1","Tactostoma macropus",0,"55-6",43.39387667,-124.9731967,150,150
"MFU","52193","892","d1","1","Tarletonbeania crenularis",0,"55-6",43.39387667,-124.9731967,150,150
"MFU","52193","892","d1","1","Tarletonbeania crenularis",10447,"55-6",43.39387667,-124.9731967,150,150
"MFU","52193","892","d1","1","Thaleichthys pacificus",0,"55-6",43.39387667,-124.9731967,150,150
"MFU","52193","892","d1","1","Trachurus symmetricus",0,"55-6",43.39387667,-124.9731967,150,150
"MFU","52193","892","d1","1","Trachurus symmetricus",0,"55-6",43.39387667,-124.9731967,150,150
"MFU","52193","896","d1","1","Clupea pallasii",0,"55-6",43.39387667,-124.9731967,50,50
"MFU","52193","896","d1","1","Engraulis mordax",12971,"55-6",43.39387667,-124.9731967,50,50
"MFU","52193","896","d1","1","Leuroglossus stilbius",0,"55-6",43.39387667,-124.9731967,50,50
"MFU","52193","896","d1","1","Merluccius productus",10702,"55-6",43.39387667,-124.9731967,50,50
"MFU","52193","896","d1","1","Merluccius productus",43202,"55-6",43.39387667,-124.9731967,50,50
"MFU","52193","896","d1","1","Microstomus pacificus",0,"55-6",43.39387667,-124.9731967,50,50
"MFU","52193","896","d1","1","Sardinops sagax",9301,"55-6",43.39387667,-124.9731967,50,50
"MFU","52193","896","d1","1","Scomber japonicus",0,"55-6",43.39387667,-124.9731967,50,50
"MFU","52193","896","d1","1","Sebastes entomelas",0,"55-6",43.39387667,-124.9731967,50,50
"MFU","52193","896","d1","1","Stenobrachius leucopsarus",0,"55-6",43.39387667,-124.9731967,50,50
"MFU","52193","896","d1","1","Stenobrachius leucopsarus",966,"55-6",43.39387667,-124.9731967,50,50
"MFU","52193","896","d1","1","Tactostoma macropus",1923,"55-6",43.39387667,-124.9731967,50,50
"MFU","52193","896","d1","1","Tarletonbeania crenularis",0,"55-6",43.39387667,-124.9731967,50,50
"MFU","52193","896","d1","1","Tarletonbeania crenularis",0,"55-6",43.39387667,-124.9731967,50,50
"MFU","52193","896","d1","1","Thaleichthys pacificus",0,"55-6",43.39387667,-124.9731967,50,50
"MFU","52193","896","d1","1","Trachurus symmetricus",0,"55-6",43.39387667,-124.9731967,50,50
"MFU","52193","896","d1","1","Trachurus symmetricus",5186,"55-6",43.39387667,-124.9731967,50,50
"MFU","52193","898","d5","1","Clupea pallasii",0,"55-6",43.39387667,-124.9731967,0,0
"MFU","52193","898","d5","1","Engraulis mordax",24248,"55-6",43.39387667,-124.9731967,0,0
"MFU","52193","898","d5","1","Leuroglossus stilbius",0,"55-6",43.39387667,-124.9731967,0,0
"MFU","52193","898","d5","1","Merluccius productus",0,"55-6",43.39387667,-124.9731967,0,0
"MFU","52193","898","d5","1","Merluccius productus",1070,"55-6",43.39387667,-124.9731967,0,0
"MFU","52193","898","d5","1","Microstomus pacificus",0,"55-6",43.39387667,-124.9731967,0,0
"MFU","52193","898","d5","1","Sardinops sagax",54132,"55-6",43.39387667,-124.9731967,0,0
"MFU","52193","898","d5","1","Scomber japonicus",1201,"55-6",43.39387667,-124.9731967,0,0
"MFU","52193","898","d5","1","Sebastes entomelas",0,"55-6",43.39387667,-124.9731967,0,0
"MFU","52193","898","d5","1","Stenobrachius leucopsarus",0,"55-6",43.39387667,-124.9731967,0,0
"MFU","52193","898","d5","1","Stenobrachius leucopsarus",0,"55-6",43.39387667,-124.9731967,0,0
"MFU","52193","898","d5","1","Tactostoma macropus",0,"55-6",43.39387667,-124.9731967,0,0
"MFU","52193","898","d5","1","Tarletonbeania crenularis",0,"55-6",43.39387667,-124.9731967,0,0
"MFU","52193","898","d5","1","Tarletonbeania crenularis",0,"55-6",43.39387667,-124.9731967,0,0
"MFU","52193","898","d5","1","Thaleichthys pacificus",0,"55-6",43.39387667,-124.9731967,0,0
"MFU","52193","898","d5","1","Trachurus symmetricus",0,"55-6",43.39387667,-124.9731967,0,0
"MFU","52193","898","d5","1","Trachurus symmetricus",4856,"55-6",43.39387667,-124.9731967,0,0
"MFU","52193","908","d1","1","Clupea pallasii",0,"55-5",43.39695667,-124.86218,50,50
"MFU","52193","908","d1","1","Engraulis mordax",0,"55-5",43.39695667,-124.86218,50,50
"MFU","52193","908","d1","1","Leuroglossus stilbius",0,"55-5",43.39695667,-124.86218,50,50
"MFU","52193","908","d1","1","Merluccius productus",3427,"55-5",43.39695667,-124.86218,50,50
"MFU","52193","908","d1","1","Merluccius productus",38927,"55-5",43.39695667,-124.86218,50,50
"MFU","52193","908","d1","1","Microstomus pacificus",0,"55-5",43.39695667,-124.86218,50,50
"MFU","52193","908","d1","1","Sardinops sagax",3663,"55-5",43.39695667,-124.86218,50,50
"MFU","52193","908","d1","1","Scomber japonicus",1485,"55-5",43.39695667,-124.86218,50,50
"MFU","52193","908","d1","1","Sebastes entomelas",0,"55-5",43.39695667,-124.86218,50,50
"MFU","52193","908","d1","1","Stenobrachius leucopsarus",0,"55-5",43.39695667,-124.86218,50,50
"MFU","52193","908","d1","1","Stenobrachius leucopsarus",1316,"55-5",43.39695667,-124.86218,50,50
"MFU","52193","908","d1","1","Tactostoma macropus",434,"55-5",43.39695667,-124.86218,50,50
"MFU","52193","908","d1","1","Tarletonbeania crenularis",0,"55-5",43.39695667,-124.86218,50,50
"MFU","52193","908","d1","1","Tarletonbeania crenularis",262,"55-5",43.39695667,-124.86218,50,50
"MFU","52193","908","d1","1","Thaleichthys pacificus",0,"55-5",43.39695667,-124.86218,50,50
"MFU","52193","908","d1","1","Trachurus symmetricus",0,"55-5",43.39695667,-124.86218,50,50
"MFU","52193","908","d1","1","Trachurus symmetricus",0,"55-5",43.39695667,-124.86218,50,50
"MFU","52193","910","d5","1","Clupea pallasii",0,"55-5",43.39695667,-124.86218,0,0
"MFU","52193","910","d5","1","Engraulis mordax",332663,"55-5",43.39695667,-124.86218,0,0
"MFU","52193","910","d5","1","Leuroglossus stilbius",0,"55-5",43.39695667,-124.86218,0,0
"MFU","52193","910","d5","1","Merluccius productus",38,"55-5",43.39695667,-124.86218,0,0
"MFU","52193","910","d5","1","Merluccius productus",0,"55-5",43.39695667,-124.86218,0,0
"MFU","52193","910","d5","1","Microstomus pacificus",0,"55-5",43.39695667,-124.86218,0,0
"MFU","52193","910","d5","1","Sardinops sagax",73189,"55-5",43.39695667,-124.86218,0,0
"MFU","52193","910","d5","1","Scomber japonicus",146,"55-5",43.39695667,-124.86218,0,0
"MFU","52193","910","d5","1","Sebastes entomelas",0,"55-5",43.39695667,-124.86218,0,0
"MFU","52193","910","d5","1","Stenobrachius leucopsarus",0,"55-5",43.39695667,-124.86218,0,0
"MFU","52193","910","d5","1","Stenobrachius leucopsarus",0,"55-5",43.39695667,-124.86218,0,0
"MFU","52193","910","d5","1","Tactostoma macropus",0,"55-5",43.39695667,-124.86218,0,0
"MFU","52193","910","d5","1","Tarletonbeania crenularis",0,"55-5",43.39695667,-124.86218,0,0
"MFU","52193","910","d5","1","Tarletonbeania crenularis",0,"55-5",43.39695667,-124.86218,0,0
"MFU","52193","910","d5","1","Thaleichthys pacificus",0,"55-5",43.39695667,-124.86218,0,0
"MFU","52193","910","d5","1","Trachurus symmetricus",0,"55-5",43.39695667,-124.86218,0,0
"MFU","52193","910","d5","1","Trachurus symmetricus",120,"55-5",43.39695667,-124.86218,0,0
"MFU","52193","920","d1","1","Clupea pallasii",0,"55-4",43.396895,-124.74811,50,50
"MFU","52193","920","d1","1","Engraulis mordax",23786,"55-4",43.396895,-124.74811,50,50
"MFU","52193","920","d1","1","Leuroglossus stilbius",0,"55-4",43.396895,-124.74811,50,50
"MFU","52193","920","d1","1","Merluccius productus",22085,"55-4",43.396895,-124.74811,50,50
"MFU","52193","920","d1","1","Merluccius productus",50412,"55-4",43.396895,-124.74811,50,50
"MFU","52193","920","d1","1","Microstomus pacificus",0,"55-4",43.396895,-124.74811,50,50
"MFU","52193","920","d1","1","Sardinops sagax",15664,"55-4",43.396895,-124.74811,50,50
"MFU","52193","920","d1","1","Scomber japonicus",28468,"55-4",43.396895,-124.74811,50,50
"MFU","52193","920","d1","1","Sebastes entomelas",0,"55-4",43.396895,-124.74811,50,50
"MFU","52193","920","d1","1","Stenobrachius leucopsarus",0,"55-4",43.396895,-124.74811,50,50
"MFU","52193","920","d1","1","Stenobrachius leucopsarus",58707,"55-4",43.396895,-124.74811,50,50
"MFU","52193","920","d1","1","Tactostoma macropus",0,"55-4",43.396895,-124.74811,50,50
"MFU","52193","920","d1","1","Tarletonbeania crenularis",0,"55-4",43.396895,-124.74811,50,50
"MFU","52193","920","d1","1","Tarletonbeania crenularis",0,"55-4",43.396895,-124.74811,50,50
"MFU","52193","920","d1","1","Thaleichthys pacificus",0,"55-4",43.396895,-124.74811,50,50
"MFU","52193","920","d1","1","Trachurus symmetricus",0,"55-4",43.396895,-124.74811,50,50
"MFU","52193","920","d1","1","Trachurus symmetricus",46670,"55-4",43.396895,-124.74811,50,50
"MFU","52193","922","d5","1","Clupea pallasii",0,"55-4",43.396895,-124.74811,0,0
"MFU","52193","922","d5","1","Engraulis mordax",4421,"55-4",43.396895,-124.74811,0,0
"MFU","52193","922","d5","1","Leuroglossus stilbius",0,"55-4",43.396895,-124.74811,0,0
"MFU","52193","922","d5","1","Merluccius productus",0,"55-4",43.396895,-124.74811,0,0
"MFU","52193","922","d5","1","Merluccius productus",0,"55-4",43.396895,-124.74811,0,0
"MFU","52193","922","d5","1","Microstomus pacificus",0,"55-4",43.396895,-124.74811,0,0
"MFU","52193","922","d5","1","Sardinops sagax",1543,"55-4",43.396895,-124.74811,0,0
"MFU","52193","922","d5","1","Scomber japonicus",125,"55-4",43.396895,-124.74811,0,0
"MFU","52193","922","d5","1","Sebastes entomelas",0,"55-4",43.396895,-124.74811,0,0
"MFU","52193","922","d5","1","Stenobrachius leucopsarus",0,"55-4",43.396895,-124.74811,0,0
"MFU","52193","922","d5","1","Stenobrachius leucopsarus",0,"55-4",43.396895,-124.74811,0,0
"MFU","52193","922","d5","1","Tactostoma macropus",0,"55-4",43.396895,-124.74811,0,0
"MFU","52193","922","d5","1","Tarletonbeania crenularis",0,"55-4",43.396895,-124.74811,0,0
"MFU","52193","922","d5","1","Tarletonbeania crenularis",0,"55-4",43.396895,-124.74811,0,0
"MFU","52193","922","d5","1","Thaleichthys pacificus",0,"55-4",43.396895,-124.74811,0,0
"MFU","52193","922","d5","1","Trachurus symmetricus",0,"55-4",43.396895,-124.74811,0,0
"MFU","52193","922","d5","1","Trachurus symmetricus",244,"55-4",43.396895,-124.74811,0,0
"MFU","52193","93","d10","1","Clupea pallasii",0,"27-8",38.72578,-124.28769,50,50
"MFU","52193","93","d10","1","Engraulis mordax",0,"27-8",38.72578,-124.28769,50,50
"MFU","52193","93","d10","1","Leuroglossus stilbius",0,"27-8",38.72578,-124.28769,50,50
"MFU","52193","93","d10","1","Merluccius productus",7436,"27-8",38.72578,-124.28769,50,50
"MFU","52193","93","d10","1","Merluccius productus",0,"27-8",38.72578,-124.28769,50,50
"MFU","52193","93","d10","1","Microstomus pacificus",0,"27-8",38.72578,-124.28769,50,50
"MFU","52193","93","d10","1","Sardinops sagax",31402,"27-8",38.72578,-124.28769,50,50
"MFU","52193","93","d10","1","Scomber japonicus",0,"27-8",38.72578,-124.28769,50,50
"MFU","52193","93","d10","1","Sebastes entomelas",0,"27-8",38.72578,-124.28769,50,50
"MFU","52193","93","d10","1","Stenobrachius leucopsarus",0,"27-8",38.72578,-124.28769,50,50
"MFU","52193","93","d10","1","Stenobrachius leucopsarus",0,"27-8",38.72578,-124.28769,50,50
"MFU","52193","93","d10","1","Tactostoma macropus",0,"27-8",38.72578,-124.28769,50,50
"MFU","52193","93","d10","1","Tarletonbeania crenularis",0,"27-8",38.72578,-124.28769,50,50
"MFU","52193","93","d10","1","Tarletonbeania crenularis",1819,"27-8",38.72578,-124.28769,50,50
"MFU","52193","93","d10","1","Thaleichthys pacificus",0,"27-8",38.72578,-124.28769,50,50
"MFU","52193","93","d10","1","Trachurus symmetricus",0,"27-8",38.72578,-124.28769,50,50
"MFU","52193","93","d10","1","Trachurus symmetricus",33247,"27-8",38.72578,-124.28769,50,50
"MFU","52193","930","d1","1","Clupea pallasii",0,"55-3",43.39629167,-124.6735467,50,50
"MFU","52193","930","d1","1","Engraulis mordax",881,"55-3",43.39629167,-124.6735467,50,50
"MFU","52193","930","d1","1","Leuroglossus stilbius",0,"55-3",43.39629167,-124.6735467,50,50
"MFU","52193","930","d1","1","Merluccius productus",0,"55-3",43.39629167,-124.6735467,50,50
"MFU","52193","930","d1","1","Merluccius productus",8779,"55-3",43.39629167,-124.6735467,50,50
"MFU","52193","930","d1","1","Microstomus pacificus",0,"55-3",43.39629167,-124.6735467,50,50
"MFU","52193","930","d1","1","Sardinops sagax",4065,"55-3",43.39629167,-124.6735467,50,50
"MFU","52193","930","d1","1","Scomber japonicus",4541,"55-3",43.39629167,-124.6735467,50,50
"MFU","52193","930","d1","1","Sebastes entomelas",0,"55-3",43.39629167,-124.6735467,50,50
"MFU","52193","930","d1","1","Stenobrachius leucopsarus",0,"55-3",43.39629167,-124.6735467,50,50
"MFU","52193","930","d1","1","Stenobrachius leucopsarus",0,"55-3",43.39629167,-124.6735467,50,50
"MFU","52193","930","d1","1","Tactostoma macropus",0,"55-3",43.39629167,-124.6735467,50,50
"MFU","52193","930","d1","1","Tarletonbeania crenularis",0,"55-3",43.39629167,-124.6735467,50,50
"MFU","52193","930","d1","1","Tarletonbeania crenularis",699,"55-3",43.39629167,-124.6735467,50,50
"MFU","52193","930","d1","1","Thaleichthys pacificus",0,"55-3",43.39629167,-124.6735467,50,50
"MFU","52193","930","d1","1","Trachurus symmetricus",0,"55-3",43.39629167,-124.6735467,50,50
"MFU","52193","930","d1","1","Trachurus symmetricus",1491,"55-3",43.39629167,-124.6735467,50,50
"MFU","52193","932","d10","1","Clupea pallasii",2968,"55-3",43.39629167,-124.6735467,0,0
"MFU","52193","932","d10","1","Engraulis mordax",30071,"55-3",43.39629167,-124.6735467,0,0
"MFU","52193","932","d10","1","Leuroglossus stilbius",0,"55-3",43.39629167,-124.6735467,0,0
"MFU","52193","932","d10","1","Merluccius productus",0,"55-3",43.39629167,-124.6735467,0,0
"MFU","52193","932","d10","1","Merluccius productus",0,"55-3",43.39629167,-124.6735467,0,0
"MFU","52193","932","d10","1","Microstomus pacificus",0,"55-3",43.39629167,-124.6735467,0,0
"MFU","52193","932","d10","1","Sardinops sagax",20251,"55-3",43.39629167,-124.6735467,0,0
"MFU","52193","932","d10","1","Scomber japonicus",12892,"55-3",43.39629167,-124.6735467,0,0
"MFU","52193","932","d10","1","Sebastes entomelas",0,"55-3",43.39629167,-124.6735467,0,0
"MFU","52193","932","d10","1","Stenobrachius leucopsarus",0,"55-3",43.39629167,-124.6735467,0,0
"MFU","52193","932","d10","1","Stenobrachius leucopsarus",0,"55-3",43.39629167,-124.6735467,0,0
"MFU","52193","932","d10","1","Tactostoma macropus",0,"55-3",43.39629167,-124.6735467,0,0
"MFU","52193","932","d10","1","Tarletonbeania crenularis",0,"55-3",43.39629167,-124.6735467,0,0
"MFU","52193","932","d10","1","Tarletonbeania crenularis",0,"55-3",43.39629167,-124.6735467,0,0
"MFU","52193","932","d10","1","Thaleichthys pacificus",0,"55-3",43.39629167,-124.6735467,0,0
"MFU","52193","932","d10","1","Trachurus symmetricus",0,"55-3",43.39629167,-124.6735467,0,0
"MFU","52193","932","d10","1","Trachurus symmetricus",209,"55-3",43.39629167,-124.6735467,0,0
"MFU","52193","938","d1","1","Clupea pallasii",0,"55-2",43.39611833,-124.5924817,50,50
"MFU","52193","938","d1","1","Engraulis mordax",0,"55-2",43.39611833,-124.5924817,50,50
"MFU","52193","938","d1","1","Leuroglossus stilbius",0,"55-2",43.39611833,-124.5924817,50,50
"MFU","52193","938","d1","1","Merluccius productus",0,"55-2",43.39611833,-124.5924817,50,50
"MFU","52193","938","d1","1","Merluccius productus",0,"55-2",43.39611833,-124.5924817,50,50
"MFU","52193","938","d1","1","Microstomus pacificus",0,"55-2",43.39611833,-124.5924817,50,50
"MFU","52193","938","d1","1","Sardinops sagax",0,"55-2",43.39611833,-124.5924817,50,50
"MFU","52193","938","d1","1","Scomber japonicus",0,"55-2",43.39611833,-124.5924817,50,50
"MFU","52193","938","d1","1","Sebastes entomelas",0,"55-2",43.39611833,-124.5924817,50,50
"MFU","52193","938","d1","1","Stenobrachius leucopsarus",0,"55-2",43.39611833,-124.5924817,50,50
"MFU","52193","938","d1","1","Stenobrachius leucopsarus",0,"55-2",43.39611833,-124.5924817,50,50
"MFU","52193","938","d1","1","Tactostoma macropus",0,"55-2",43.39611833,-124.5924817,50,50
"MFU","52193","938","d1","1","Tarletonbeania crenularis",0,"55-2",43.39611833,-124.5924817,50,50
"MFU","52193","938","d1","1","Tarletonbeania crenularis",6020,"55-2",43.39611833,-124.5924817,50,50
"MFU","52193","938","d1","1","Thaleichthys pacificus",0,"55-2",43.39611833,-124.5924817,50,50
"MFU","52193","938","d1","1","Trachurus symmetricus",0,"55-2",43.39611833,-124.5924817,50,50
"MFU","52193","938","d1","1","Trachurus symmetricus",0,"55-2",43.39611833,-124.5924817,50,50
"MFU","52193","94","d10","1","Clupea pallasii",0,"27-8",38.72578,-124.28769,0,0
"MFU","52193","94","d10","1","Engraulis mordax",1690,"27-8",38.72578,-124.28769,0,0
"MFU","52193","94","d10","1","Leuroglossus stilbius",0,"27-8",38.72578,-124.28769,0,0
"MFU","52193","94","d10","1","Merluccius productus",0,"27-8",38.72578,-124.28769,0,0
"MFU","52193","94","d10","1","Merluccius productus",0,"27-8",38.72578,-124.28769,0,0
"MFU","52193","94","d10","1","Microstomus pacificus",0,"27-8",38.72578,-124.28769,0,0
"MFU","52193","94","d10","1","Sardinops sagax",104777,"27-8",38.72578,-124.28769,0,0
"MFU","52193","94","d10","1","Scomber japonicus",0,"27-8",38.72578,-124.28769,0,0
"MFU","52193","94","d10","1","Sebastes entomelas",0,"27-8",38.72578,-124.28769,0,0
"MFU","52193","94","d10","1","Stenobrachius leucopsarus",0,"27-8",38.72578,-124.28769,0,0
"MFU","52193","94","d10","1","Stenobrachius leucopsarus",0,"27-8",38.72578,-124.28769,0,0
"MFU","52193","94","d10","1","Tactostoma macropus",0,"27-8",38.72578,-124.28769,0,0
"MFU","52193","94","d10","1","Tarletonbeania crenularis",0,"27-8",38.72578,-124.28769,0,0
"MFU","52193","94","d10","1","Tarletonbeania crenularis",0,"27-8",38.72578,-124.28769,0,0
"MFU","52193","94","d10","1","Thaleichthys pacificus",0,"27-8",38.72578,-124.28769,0,0
"MFU","52193","94","d10","1","Trachurus symmetricus",0,"27-8",38.72578,-124.28769,0,0
"MFU","52193","94","d10","1","Trachurus symmetricus",0,"27-8",38.72578,-124.28769,0,0
"MFU","52193","940","d10","1","Clupea pallasii",2145,"55-2",43.39611833,-124.5924817,0,0
"MFU","52193","940","d10","1","Engraulis mordax",15058,"55-2",43.39611833,-124.5924817,0,0
"MFU","52193","940","d10","1","Leuroglossus stilbius",0,"55-2",43.39611833,-124.5924817,0,0
"MFU","52193","940","d10","1","Merluccius productus",0,"55-2",43.39611833,-124.5924817,0,0
"MFU","52193","940","d10","1","Merluccius productus",0,"55-2",43.39611833,-124.5924817,0,0
"MFU","52193","940","d10","1","Microstomus pacificus",0,"55-2",43.39611833,-124.5924817,0,0
"MFU","52193","940","d10","1","Sardinops sagax",50566,"55-2",43.39611833,-124.5924817,0,0
"MFU","52193","940","d10","1","Scomber japonicus",0,"55-2",43.39611833,-124.5924817,0,0
"MFU","52193","940","d10","1","Sebastes entomelas",0,"55-2",43.39611833,-124.5924817,0,0
"MFU","52193","940","d10","1","Stenobrachius leucopsarus",0,"55-2",43.39611833,-124.5924817,0,0
"MFU","52193","940","d10","1","Stenobrachius leucopsarus",0,"55-2",43.39611833,-124.5924817,0,0
"MFU","52193","940","d10","1","Tactostoma macropus",0,"55-2",43.39611833,-124.5924817,0,0
"MFU","52193","940","d10","1","Tarletonbeania crenularis",0,"55-2",43.39611833,-124.5924817,0,0
"MFU","52193","940","d10","1","Tarletonbeania crenularis",0,"55-2",43.39611833,-124.5924817,0,0
"MFU","52193","940","d10","1","Thaleichthys pacificus",0,"55-2",43.39611833,-124.5924817,0,0
"MFU","52193","940","d10","1","Trachurus symmetricus",0,"55-2",43.39611833,-124.5924817,0,0
"MFU","52193","940","d10","1","Trachurus symmetricus",0,"55-2",43.39611833,-124.5924817,0,0
"MFU","52193","946","d10","1","Clupea pallasii",0,"55-1",43.39698167,-124.38632,0,0
"MFU","52193","946","d10","1","Engraulis mordax",10202,"55-1",43.39698167,-124.38632,0,0
"MFU","52193","946","d10","1","Leuroglossus stilbius",0,"55-1",43.39698167,-124.38632,0,0
"MFU","52193","946","d10","1","Merluccius productus",0,"55-1",43.39698167,-124.38632,0,0
"MFU","52193","946","d10","1","Merluccius productus",0,"55-1",43.39698167,-124.38632,0,0
"MFU","52193","946","d10","1","Microstomus pacificus",0,"55-1",43.39698167,-124.38632,0,0
"MFU","52193","946","d10","1","Sardinops sagax",0,"55-1",43.39698167,-124.38632,0,0
"MFU","52193","946","d10","1","Scomber japonicus",0,"55-1",43.39698167,-124.38632,0,0
"MFU","52193","946","d10","1","Sebastes entomelas",0,"55-1",43.39698167,-124.38632,0,0
"MFU","52193","946","d10","1","Stenobrachius leucopsarus",0,"55-1",43.39698167,-124.38632,0,0
"MFU","52193","946","d10","1","Stenobrachius leucopsarus",0,"55-1",43.39698167,-124.38632,0,0
"MFU","52193","946","d10","1","Tactostoma macropus",0,"55-1",43.39698167,-124.38632,0,0
"MFU","52193","946","d10","1","Tarletonbeania crenularis",0,"55-1",43.39698167,-124.38632,0,0
"MFU","52193","946","d10","1","Tarletonbeania crenularis",0,"55-1",43.39698167,-124.38632,0,0
"MFU","52193","946","d10","1","Thaleichthys pacificus",0,"55-1",43.39698167,-124.38632,0,0
"MFU","52193","946","d10","1","Trachurus symmetricus",0,"55-1",43.39698167,-124.38632,0,0
"MFU","52193","946","d10","1","Trachurus symmetricus",0,"55-1",43.39698167,-124.38632,0,0
"MFU","52193","953","d5","1","Clupea pallasii",949,"58-1",43.89625167,-124.2162717,0,0
"MFU","52193","953","d5","1","Engraulis mordax",529,"58-1",43.89625167,-124.2162717,0,0
"MFU","52193","953","d5","1","Leuroglossus stilbius",0,"58-1",43.89625167,-124.2162717,0,0
"MFU","52193","953","d5","1","Merluccius productus",0,"58-1",43.89625167,-124.2162717,0,0
"MFU","52193","953","d5","1","Merluccius productus",0,"58-1",43.89625167,-124.2162717,0,0
"MFU","52193","953","d5","1","Microstomus pacificus",0,"58-1",43.89625167,-124.2162717,0,0
"MFU","52193","953","d5","1","Sardinops sagax",33345,"58-1",43.89625167,-124.2162717,0,0
"MFU","52193","953","d5","1","Scomber japonicus",276,"58-1",43.89625167,-124.2162717,0,0
"MFU","52193","953","d5","1","Sebastes entomelas",0,"58-1",43.89625167,-124.2162717,0,0
"MFU","52193","953","d5","1","Stenobrachius leucopsarus",0,"58-1",43.89625167,-124.2162717,0,0
"MFU","52193","953","d5","1","Stenobrachius leucopsarus",0,"58-1",43.89625167,-124.2162717,0,0
"MFU","52193","953","d5","1","Tactostoma macropus",0,"58-1",43.89625167,-124.2162717,0,0
"MFU","52193","953","d5","1","Tarletonbeania crenularis",0,"58-1",43.89625167,-124.2162717,0,0
"MFU","52193","953","d5","1","Tarletonbeania crenularis",0,"58-1",43.89625167,-124.2162717,0,0
"MFU","52193","953","d5","1","Thaleichthys pacificus",0,"58-1",43.89625167,-124.2162717,0,0
"MFU","52193","953","d5","1","Trachurus symmetricus",0,"58-1",43.89625167,-124.2162717,0,0
"MFU","52193","953","d5","1","Trachurus symmetricus",0,"58-1",43.89625167,-124.2162717,0,0
"MFU","52193","960","d1","1","Clupea pallasii",3922,"58-2",43.89705667,-124.5599183,50,50
"MFU","52193","960","d1","1","Engraulis mordax",0,"58-2",43.89705667,-124.5599183,50,50
"MFU","52193","960","d1","1","Leuroglossus stilbius",0,"58-2",43.89705667,-124.5599183,50,50
"MFU","52193","960","d1","1","Merluccius productus",0,"58-2",43.89705667,-124.5599183,50,50
"MFU","52193","960","d1","1","Merluccius productus",9198,"58-2",43.89705667,-124.5599183,50,50
"MFU","52193","960","d1","1","Microstomus pacificus",0,"58-2",43.89705667,-124.5599183,50,50
"MFU","52193","960","d1","1","Sardinops sagax",0,"58-2",43.89705667,-124.5599183,50,50
"MFU","52193","960","d1","1","Scomber japonicus",0,"58-2",43.89705667,-124.5599183,50,50
"MFU","52193","960","d1","1","Sebastes entomelas",3097,"58-2",43.89705667,-124.5599183,50,50
"MFU","52193","960","d1","1","Stenobrachius leucopsarus",0,"58-2",43.89705667,-124.5599183,50,50
"MFU","52193","960","d1","1","Stenobrachius leucopsarus",0,"58-2",43.89705667,-124.5599183,50,50
"MFU","52193","960","d1","1","Tactostoma macropus",0,"58-2",43.89705667,-124.5599183,50,50
"MFU","52193","960","d1","1","Tarletonbeania crenularis",0,"58-2",43.89705667,-124.5599183,50,50
"MFU","52193","960","d1","1","Tarletonbeania crenularis",0,"58-2",43.89705667,-124.5599183,50,50
"MFU","52193","960","d1","1","Thaleichthys pacificus",0,"58-2",43.89705667,-124.5599183,50,50
"MFU","52193","960","d1","1","Trachurus symmetricus",0,"58-2",43.89705667,-124.5599183,50,50
"MFU","52193","960","d1","1","Trachurus symmetricus",1601,"58-2",43.89705667,-124.5599183,50,50
"MFU","52193","962","d5","1","Clupea pallasii",1518,"58-2",43.89705667,-124.5599183,0,0
"MFU","52193","962","d5","1","Engraulis mordax",2696,"58-2",43.89705667,-124.5599183,0,0
"MFU","52193","962","d5","1","Leuroglossus stilbius",0,"58-2",43.89705667,-124.5599183,0,0
"MFU","52193","962","d5","1","Merluccius productus",0,"58-2",43.89705667,-124.5599183,0,0
"MFU","52193","962","d5","1","Merluccius productus",4600,"58-2",43.89705667,-124.5599183,0,0
"MFU","52193","962","d5","1","Microstomus pacificus",0,"58-2",43.89705667,-124.5599183,0,0
"MFU","52193","962","d5","1","Sardinops sagax",655601,"58-2",43.89705667,-124.5599183,0,0
"MFU","52193","962","d5","1","Scomber japonicus",1262,"58-2",43.89705667,-124.5599183,0,0
"MFU","52193","962","d5","1","Sebastes entomelas",0,"58-2",43.89705667,-124.5599183,0,0
"MFU","52193","962","d5","1","Stenobrachius leucopsarus",0,"58-2",43.89705667,-124.5599183,0,0
"MFU","52193","962","d5","1","Stenobrachius leucopsarus",0,"58-2",43.89705667,-124.5599183,0,0
"MFU","52193","962","d5","1","Tactostoma macropus",0,"58-2",43.89705667,-124.5599183,0,0
"MFU","52193","962","d5","1","Tarletonbeania crenularis",0,"58-2",43.89705667,-124.5599183,0,0
"MFU","52193","962","d5","1","Tarletonbeania crenularis",0,"58-2",43.89705667,-124.5599183,0,0
"MFU","52193","962","d5","1","Thaleichthys pacificus",0,"58-2",43.89705667,-124.5599183,0,0
"MFU","52193","962","d5","1","Trachurus symmetricus",0,"58-2",43.89705667,-124.5599183,0,0
"MFU","52193","962","d5","1","Trachurus symmetricus",11646,"58-2",43.89705667,-124.5599183,0,0
"MFU","52193","964","d1","1","Clupea pallasii",0,"58-5",43.89658667,-125.002045,500,500
"MFU","52193","964","d1","1","Engraulis mordax",0,"58-5",43.89658667,-125.002045,500,500
"MFU","52193","964","d1","1","Leuroglossus stilbius",0,"58-5",43.89658667,-125.002045,500,500
"MFU","52193","964","d1","1","Merluccius productus",0,"58-5",43.89658667,-125.002045,500,500
"MFU","52193","964","d1","1","Merluccius productus",47626,"58-5",43.89658667,-125.002045,500,500
"MFU","52193","964","d1","1","Microstomus pacificus",0,"58-5",43.89658667,-125.002045,500,500
"MFU","52193","964","d1","1","Sardinops sagax",0,"58-5",43.89658667,-125.002045,500,500
"MFU","52193","964","d1","1","Scomber japonicus",0,"58-5",43.89658667,-125.002045,500,500
"MFU","52193","964","d1","1","Sebastes entomelas",0,"58-5",43.89658667,-125.002045,500,500
"MFU","52193","964","d1","1","Stenobrachius leucopsarus",0,"58-5",43.89658667,-125.002045,500,500
"MFU","52193","964","d1","1","Stenobrachius leucopsarus",40007,"58-5",43.89658667,-125.002045,500,500
"MFU","52193","964","d1","1","Tactostoma macropus",0,"58-5",43.89658667,-125.002045,500,500
"MFU","52193","964","d1","1","Tarletonbeania crenularis",0,"58-5",43.89658667,-125.002045,500,500
"MFU","52193","964","d1","1","Tarletonbeania crenularis",20605,"58-5",43.89658667,-125.002045,500,500
"MFU","52193","964","d1","1","Thaleichthys pacificus",0,"58-5",43.89658667,-125.002045,500,500
"MFU","52193","964","d1","1","Trachurus symmetricus",0,"58-5",43.89658667,-125.002045,500,500
"MFU","52193","964","d1","1","Trachurus symmetricus",0,"58-5",43.89658667,-125.002045,500,500
"MFU","52193","966","d1","1","Clupea pallasii",0,"58-5",43.89658667,-125.002045,300,300
"MFU","52193","966","d1","1","Engraulis mordax",0,"58-5",43.89658667,-125.002045,300,300
"MFU","52193","966","d1","1","Leuroglossus stilbius",0,"58-5",43.89658667,-125.002045,300,300
"MFU","52193","966","d1","1","Merluccius productus",6381,"58-5",43.89658667,-125.002045,300,300
"MFU","52193","966","d1","1","Merluccius productus",63020,"58-5",43.89658667,-125.002045,300,300
"MFU","52193","966","d1","1","Microstomus pacificus",0,"58-5",43.89658667,-125.002045,300,300
"MFU","52193","966","d1","1","Sardinops sagax",0,"58-5",43.89658667,-125.002045,300,300
"MFU","52193","966","d1","1","Scomber japonicus",0,"58-5",43.89658667,-125.002045,300,300
"MFU","52193","966","d1","1","Sebastes entomelas",0,"58-5",43.89658667,-125.002045,300,300
"MFU","52193","966","d1","1","Stenobrachius leucopsarus",0,"58-5",43.89658667,-125.002045,300,300
"MFU","52193","966","d1","1","Stenobrachius leucopsarus",2051,"58-5",43.89658667,-125.002045,300,300
"MFU","52193","966","d1","1","Tactostoma macropus",0,"58-5",43.89658667,-125.002045,300,300
"MFU","52193","966","d1","1","Tarletonbeania crenularis",0,"58-5",43.89658667,-125.002045,300,300
"MFU","52193","966","d1","1","Tarletonbeania crenularis",4647,"58-5",43.89658667,-125.002045,300,300
"MFU","52193","966","d1","1","Thaleichthys pacificus",0,"58-5",43.89658667,-125.002045,300,300
"MFU","52193","966","d1","1","Trachurus symmetricus",0,"58-5",43.89658667,-125.002045,300,300
"MFU","52193","966","d1","1","Trachurus symmetricus",0,"58-5",43.89658667,-125.002045,300,300
"MFU","52193","968","d1","1","Clupea pallasii",0,"58-5",43.89658667,-125.002045,150,150
"MFU","52193","968","d1","1","Engraulis mordax",0,"58-5",43.89658667,-125.002045,150,150
"MFU","52193","968","d1","1","Leuroglossus stilbius",0,"58-5",43.89658667,-125.002045,150,150
"MFU","52193","968","d1","1","Merluccius productus",0,"58-5",43.89658667,-125.002045,150,150
"MFU","52193","968","d1","1","Merluccius productus",1465,"58-5",43.89658667,-125.002045,150,150
"MFU","52193","968","d1","1","Microstomus pacificus",0,"58-5",43.89658667,-125.002045,150,150
"MFU","52193","968","d1","1","Sardinops sagax",1436,"58-5",43.89658667,-125.002045,150,150
"MFU","52193","968","d1","1","Scomber japonicus",2038,"58-5",43.89658667,-125.002045,150,150
"MFU","52193","968","d1","1","Sebastes entomelas",0,"58-5",43.89658667,-125.002045,150,150
"MFU","52193","968","d1","1","Stenobrachius leucopsarus",0,"58-5",43.89658667,-125.002045,150,150
"MFU","52193","968","d1","1","Stenobrachius leucopsarus",0,"58-5",43.89658667,-125.002045,150,150
"MFU","52193","968","d1","1","Tactostoma macropus",0,"58-5",43.89658667,-125.002045,150,150
"MFU","52193","968","d1","1","Tarletonbeania crenularis",0,"58-5",43.89658667,-125.002045,150,150
"MFU","52193","968","d1","1","Tarletonbeania crenularis",1843,"58-5",43.89658667,-125.002045,150,150
"MFU","52193","968","d1","1","Thaleichthys pacificus",0,"58-5",43.89658667,-125.002045,150,150
"MFU","52193","968","d1","1","Trachurus symmetricus",0,"58-5",43.89658667,-125.002045,150,150
"MFU","52193","968","d1","1","Trachurus symmetricus",1458,"58-5",43.89658667,-125.002045,150,150
"MFU","52193","972","d1","1","Clupea pallasii",24419,"58-5",43.89658667,-125.002045,50,50
"MFU","52193","972","d1","1","Engraulis mordax",0,"58-5",43.89658667,-125.002045,50,50
"MFU","52193","972","d1","1","Leuroglossus stilbius",0,"58-5",43.89658667,-125.002045,50,50
"MFU","52193","972","d1","1","Merluccius productus",637,"58-5",43.89658667,-125.002045,50,50
"MFU","52193","972","d1","1","Merluccius productus",4251,"58-5",43.89658667,-125.002045,50,50
"MFU","52193","972","d1","1","Microstomus pacificus",0,"58-5",43.89658667,-125.002045,50,50
"MFU","52193","972","d1","1","Sardinops sagax",1151,"58-5",43.89658667,-125.002045,50,50
"MFU","52193","972","d1","1","Scomber japonicus",0,"58-5",43.89658667,-125.002045,50,50
"MFU","52193","972","d1","1","Sebastes entomelas",11501,"58-5",43.89658667,-125.002045,50,50
"MFU","52193","972","d1","1","Stenobrachius leucopsarus",0,"58-5",43.89658667,-125.002045,50,50
"MFU","52193","972","d1","1","Stenobrachius leucopsarus",0,"58-5",43.89658667,-125.002045,50,50
"MFU","52193","972","d1","1","Tactostoma macropus",0,"58-5",43.89658667,-125.002045,50,50
"MFU","52193","972","d1","1","Tarletonbeania crenularis",0,"58-5",43.89658667,-125.002045,50,50
"MFU","52193","972","d1","1","Tarletonbeania crenularis",0,"58-5",43.89658667,-125.002045,50,50
"MFU","52193","972","d1","1","Thaleichthys pacificus",0,"58-5",43.89658667,-125.002045,50,50
"MFU","52193","972","d1","1","Trachurus symmetricus",0,"58-5",43.89658667,-125.002045,50,50
"MFU","52193","972","d1","1","Trachurus symmetricus",0,"58-5",43.89658667,-125.002045,50,50
"MFU","52193","974","d5","1","Clupea pallasii",2004,"58-5",43.89658667,-125.002045,0,0
"MFU","52193","974","d5","1","Engraulis mordax",3673,"58-5",43.89658667,-125.002045,0,0
"MFU","52193","974","d5","1","Leuroglossus stilbius",0,"58-5",43.89658667,-125.002045,0,0
"MFU","52193","974","d5","1","Merluccius productus",741,"58-5",43.89658667,-125.002045,0,0
"MFU","52193","974","d5","1","Merluccius productus",0,"58-5",43.89658667,-125.002045,0,0
"MFU","52193","974","d5","1","Microstomus pacificus",0,"58-5",43.89658667,-125.002045,0,0
"MFU","52193","974","d5","1","Sardinops sagax",199695,"58-5",43.89658667,-125.002045,0,0
"MFU","52193","974","d5","1","Scomber japonicus",3436,"58-5",43.89658667,-125.002045,0,0
"MFU","52193","974","d5","1","Sebastes entomelas",0,"58-5",43.89658667,-125.002045,0,0
"MFU","52193","974","d5","1","Stenobrachius leucopsarus",0,"58-5",43.89658667,-125.002045,0,0
"MFU","52193","974","d5","1","Stenobrachius leucopsarus",0,"58-5",43.89658667,-125.002045,0,0
"MFU","52193","974","d5","1","Tactostoma macropus",0,"58-5",43.89658667,-125.002045,0,0
"MFU","52193","974","d5","1","Tarletonbeania crenularis",0,"58-5",43.89658667,-125.002045,0,0
"MFU","52193","974","d5","1","Tarletonbeania crenularis",0,"58-5",43.89658667,-125.002045,0,0
"MFU","52193","974","d5","1","Thaleichthys pacificus",0,"58-5",43.89658667,-125.002045,0,0
"MFU","52193","974","d5","1","Trachurus symmetricus",0,"58-5",43.89658667,-125.002045,0,0
"MFU","52193","974","d5","1","Trachurus symmetricus",5845,"58-5",43.89658667,-125.002045,0,0
"MFU","52193","977","d1","1","Clupea pallasii",0,"60-4",44.23039833,-125.1583233,500,500
"MFU","52193","977","d1","1","Engraulis mordax",0,"60-4",44.23039833,-125.1583233,500,500
"MFU","52193","977","d1","1","Leuroglossus stilbius",0,"60-4",44.23039833,-125.1583233,500,500
"MFU","52193","977","d1","1","Merluccius productus",0,"60-4",44.23039833,-125.1583233,500,500
"MFU","52193","977","d1","1","Merluccius productus",25956,"60-4",44.23039833,-125.1583233,500,500
"MFU","52193","977","d1","1","Microstomus pacificus",0,"60-4",44.23039833,-125.1583233,500,500
"MFU","52193","977","d1","1","Sardinops sagax",0,"60-4",44.23039833,-125.1583233,500,500
"MFU","52193","977","d1","1","Scomber japonicus",3996,"60-4",44.23039833,-125.1583233,500,500
"MFU","52193","977","d1","1","Sebastes entomelas",0,"60-4",44.23039833,-125.1583233,500,500
"MFU","52193","977","d1","1","Stenobrachius leucopsarus",0,"60-4",44.23039833,-125.1583233,500,500
"MFU","52193","977","d1","1","Stenobrachius leucopsarus",3047,"60-4",44.23039833,-125.1583233,500,500
"MFU","52193","977","d1","1","Tactostoma macropus",0,"60-4",44.23039833,-125.1583233,500,500
"MFU","52193","977","d1","1","Tarletonbeania crenularis",0,"60-4",44.23039833,-125.1583233,500,500
"MFU","52193","977","d1","1","Tarletonbeania crenularis",0,"60-4",44.23039833,-125.1583233,500,500
"MFU","52193","977","d1","1","Thaleichthys pacificus",0,"60-4",44.23039833,-125.1583233,500,500
"MFU","52193","977","d1","1","Trachurus symmetricus",0,"60-4",44.23039833,-125.1583233,500,500
"MFU","52193","977","d1","1","Trachurus symmetricus",4054,"60-4",44.23039833,-125.1583233,500,500
"MFU","52193","979","d1","1","Clupea pallasii",0,"60-4",44.23039833,-125.1583233,300,300
"MFU","52193","979","d1","1","Engraulis mordax",0,"60-4",44.23039833,-125.1583233,300,300
"MFU","52193","979","d1","1","Leuroglossus stilbius",0,"60-4",44.23039833,-125.1583233,300,300
"MFU","52193","979","d1","1","Merluccius productus",7181,"60-4",44.23039833,-125.1583233,300,300
"MFU","52193","979","d1","1","Merluccius productus",15291,"60-4",44.23039833,-125.1583233,300,300
"MFU","52193","979","d1","1","Microstomus pacificus",0,"60-4",44.23039833,-125.1583233,300,300
"MFU","52193","979","d1","1","Sardinops sagax",0,"60-4",44.23039833,-125.1583233,300,300
"MFU","52193","979","d1","1","Scomber japonicus",577,"60-4",44.23039833,-125.1583233,300,300
"MFU","52193","979","d1","1","Sebastes entomelas",0,"60-4",44.23039833,-125.1583233,300,300
"MFU","52193","979","d1","1","Stenobrachius leucopsarus",0,"60-4",44.23039833,-125.1583233,300,300
"MFU","52193","979","d1","1","Stenobrachius leucopsarus",0,"60-4",44.23039833,-125.1583233,300,300
"MFU","52193","979","d1","1","Tactostoma macropus",0,"60-4",44.23039833,-125.1583233,300,300
"MFU","52193","979","d1","1","Tarletonbeania crenularis",0,"60-4",44.23039833,-125.1583233,300,300
"MFU","52193","979","d1","1","Tarletonbeania crenularis",13208,"60-4",44.23039833,-125.1583233,300,300
"MFU","52193","979","d1","1","Thaleichthys pacificus",0,"60-4",44.23039833,-125.1583233,300,300
"MFU","52193","979","d1","1","Trachurus symmetricus",0,"60-4",44.23039833,-125.1583233,300,300
"MFU","52193","979","d1","1","Trachurus symmetricus",1043,"60-4",44.23039833,-125.1583233,300,300
"MFU","52193","981","d1","1","Clupea pallasii",0,"60-4",44.23039833,-125.1583233,150,150
"MFU","52193","981","d1","1","Engraulis mordax",3034,"60-4",44.23039833,-125.1583233,150,150
"MFU","52193","981","d1","1","Leuroglossus stilbius",0,"60-4",44.23039833,-125.1583233,150,150
"MFU","52193","981","d1","1","Merluccius productus",14790,"60-4",44.23039833,-125.1583233,150,150
"MFU","52193","981","d1","1","Merluccius productus",16959,"60-4",44.23039833,-125.1583233,150,150
"MFU","52193","981","d1","1","Microstomus pacificus",0,"60-4",44.23039833,-125.1583233,150,150
"MFU","52193","981","d1","1","Sardinops sagax",21872,"60-4",44.23039833,-125.1583233,150,150
"MFU","52193","981","d1","1","Scomber japonicus",10744,"60-4",44.23039833,-125.1583233,150,150
"MFU","52193","981","d1","1","Sebastes entomelas",0,"60-4",44.23039833,-125.1583233,150,150
"MFU","52193","981","d1","1","Stenobrachius leucopsarus",0,"60-4",44.23039833,-125.1583233,150,150
"MFU","52193","981","d1","1","Stenobrachius leucopsarus",0,"60-4",44.23039833,-125.1583233,150,150
"MFU","52193","981","d1","1","Tactostoma macropus",0,"60-4",44.23039833,-125.1583233,150,150
"MFU","52193","981","d1","1","Tarletonbeania crenularis",0,"60-4",44.23039833,-125.1583233,150,150
"MFU","52193","981","d1","1","Tarletonbeania crenularis",94833,"60-4",44.23039833,-125.1583233,150,150
"MFU","52193","981","d1","1","Thaleichthys pacificus",0,"60-4",44.23039833,-125.1583233,150,150
"MFU","52193","981","d1","1","Trachurus symmetricus",0,"60-4",44.23039833,-125.1583233,150,150
"MFU","52193","981","d1","1","Trachurus symmetricus",13558,"60-4",44.23039833,-125.1583233,150,150
"MFU","52193","985","d1","1","Clupea pallasii",0,"60-4",44.23039833,-125.1583233,50,50
"MFU","52193","985","d1","1","Engraulis mordax",379,"60-4",44.23039833,-125.1583233,50,50
"MFU","52193","985","d1","1","Leuroglossus stilbius",0,"60-4",44.23039833,-125.1583233,50,50
"MFU","52193","985","d1","1","Merluccius productus",3633,"60-4",44.23039833,-125.1583233,50,50
"MFU","52193","985","d1","1","Merluccius productus",16587,"60-4",44.23039833,-125.1583233,50,50
"MFU","52193","985","d1","1","Microstomus pacificus",0,"60-4",44.23039833,-125.1583233,50,50
"MFU","52193","985","d1","1","Sardinops sagax",1728,"60-4",44.23039833,-125.1583233,50,50
"MFU","52193","985","d1","1","Scomber japonicus",6198,"60-4",44.23039833,-125.1583233,50,50
"MFU","52193","985","d1","1","Sebastes entomelas",397,"60-4",44.23039833,-125.1583233,50,50
"MFU","52193","985","d1","1","Stenobrachius leucopsarus",0,"60-4",44.23039833,-125.1583233,50,50
"MFU","52193","985","d1","1","Stenobrachius leucopsarus",0,"60-4",44.23039833,-125.1583233,50,50
"MFU","52193","985","d1","1","Tactostoma macropus",443,"60-4",44.23039833,-125.1583233,50,50
"MFU","52193","985","d1","1","Tarletonbeania crenularis",0,"60-4",44.23039833,-125.1583233,50,50
"MFU","52193","985","d1","1","Tarletonbeania crenularis",1529,"60-4",44.23039833,-125.1583233,50,50
"MFU","52193","985","d1","1","Thaleichthys pacificus",0,"60-4",44.23039833,-125.1583233,50,50
"MFU","52193","985","d1","1","Trachurus symmetricus",0,"60-4",44.23039833,-125.1583233,50,50
"MFU","52193","985","d1","1","Trachurus symmetricus",2239,"60-4",44.23039833,-125.1583233,50,50
"MFU","52193","985","d10","1","Clupea pallasii",0,"60-4",44.23039833,-125.1583233,50,50
"MFU","52193","985","d10","1","Engraulis mordax",0,"60-4",44.23039833,-125.1583233,50,50
"MFU","52193","985","d10","1","Leuroglossus stilbius",0,"60-4",44.23039833,-125.1583233,50,50
"MFU","52193","985","d10","1","Merluccius productus",5845,"60-4",44.23039833,-125.1583233,50,50
"MFU","52193","985","d10","1","Merluccius productus",42861,"60-4",44.23039833,-125.1583233,50,50
"MFU","52193","985","d10","1","Microstomus pacificus",0,"60-4",44.23039833,-125.1583233,50,50
"MFU","52193","985","d10","1","Sardinops sagax",0,"60-4",44.23039833,-125.1583233,50,50
"MFU","52193","985","d10","1","Scomber japonicus",6731,"60-4",44.23039833,-125.1583233,50,50
"MFU","52193","985","d10","1","Sebastes entomelas",0,"60-4",44.23039833,-125.1583233,50,50
"MFU","52193","985","d10","1","Stenobrachius leucopsarus",0,"60-4",44.23039833,-125.1583233,50,50
"MFU","52193","985","d10","1","Stenobrachius leucopsarus",0,"60-4",44.23039833,-125.1583233,50,50
"MFU","52193","985","d10","1","Tactostoma macropus",0,"60-4",44.23039833,-125.1583233,50,50
"MFU","52193","985","d10","1","Tarletonbeania crenularis",0,"60-4",44.23039833,-125.1583233,50,50
"MFU","52193","985","d10","1","Tarletonbeania crenularis",0,"60-4",44.23039833,-125.1583233,50,50
"MFU","52193","985","d10","1","Thaleichthys pacificus",0,"60-4",44.23039833,-125.1583233,50,50
"MFU","52193","985","d10","1","Trachurus symmetricus",0,"60-4",44.23039833,-125.1583233,50,50
"MFU","52193","985","d10","1","Trachurus symmetricus",0,"60-4",44.23039833,-125.1583233,50,50
"MFU","52193","987","d10","1","Clupea pallasii",0,"60-4",44.23039833,-125.1583233,0,0
"MFU","52193","987","d10","1","Engraulis mordax",31182,"60-4",44.23039833,-125.1583233,0,0
"MFU","52193","987","d10","1","Leuroglossus stilbius",0,"60-4",44.23039833,-125.1583233,0,0
"MFU","52193","987","d10","1","Merluccius productus",0,"60-4",44.23039833,-125.1583233,0,0
"MFU","52193","987","d10","1","Merluccius productus",1197,"60-4",44.23039833,-125.1583233,0,0
"MFU","52193","987","d10","1","Microstomus pacificus",0,"60-4",44.23039833,-125.1583233,0,0
"MFU","52193","987","d10","1","Sardinops sagax",1598,"60-4",44.23039833,-125.1583233,0,0
"MFU","52193","987","d10","1","Scomber japonicus",1658,"60-4",44.23039833,-125.1583233,0,0
"MFU","52193","987","d10","1","Sebastes entomelas",0,"60-4",44.23039833,-125.1583233,0,0
"MFU","52193","987","d10","1","Stenobrachius leucopsarus",0,"60-4",44.23039833,-125.1583233,0,0
"MFU","52193","987","d10","1","Stenobrachius leucopsarus",0,"60-4",44.23039833,-125.1583233,0,0
"MFU","52193","987","d10","1","Tactostoma macropus",0,"60-4",44.23039833,-125.1583233,0,0
"MFU","52193","987","d10","1","Tarletonbeania crenularis",0,"60-4",44.23039833,-125.1583233,0,0
"MFU","52193","987","d10","1","Tarletonbeania crenularis",0,"60-4",44.23039833,-125.1583233,0,0
"MFU","52193","987","d10","1","Thaleichthys pacificus",0,"60-4",44.23039833,-125.1583233,0,0
"MFU","52193","987","d10","1","Trachurus symmetricus",0,"60-4",44.23039833,-125.1583233,0,0
"MFU","52193","987","d10","1","Trachurus symmetricus",3542,"60-4",44.23039833,-125.1583233,0,0
"MFU","52193","991","d1","1","Clupea pallasii",4111,"60-3",44.22894667,-124.8861783,50,50
"MFU","52193","991","d1","1","Engraulis mordax",1086,"60-3",44.22894667,-124.8861783,50,50
"MFU","52193","991","d1","1","Leuroglossus stilbius",0,"60-3",44.22894667,-124.8861783,50,50
"MFU","52193","991","d1","1","Merluccius productus",1357,"60-3",44.22894667,-124.8861783,50,50
"MFU","52193","991","d1","1","Merluccius productus",18343,"60-3",44.22894667,-124.8861783,50,50
"MFU","52193","991","d1","1","Microstomus pacificus",0,"60-3",44.22894667,-124.8861783,50,50
"MFU","52193","991","d1","1","Sardinops sagax",0,"60-3",44.22894667,-124.8861783,50,50
"MFU","52193","991","d1","1","Scomber japonicus",255,"60-3",44.22894667,-124.8861783,50,50
"MFU","52193","991","d1","1","Sebastes entomelas",1692,"60-3",44.22894667,-124.8861783,50,50
"MFU","52193","991","d1","1","Stenobrachius leucopsarus",0,"60-3",44.22894667,-124.8861783,50,50
"MFU","52193","991","d1","1","Stenobrachius leucopsarus",0,"60-3",44.22894667,-124.8861783,50,50
"MFU","52193","991","d1","1","Tactostoma macropus",0,"60-3",44.22894667,-124.8861783,50,50
"MFU","52193","991","d1","1","Tarletonbeania crenularis",0,"60-3",44.22894667,-124.8861783,50,50
"MFU","52193","991","d1","1","Tarletonbeania crenularis",0,"60-3",44.22894667,-124.8861783,50,50
"MFU","52193","991","d1","1","Thaleichthys pacificus",0,"60-3",44.22894667,-124.8861783,50,50
"MFU","52193","991","d1","1","Trachurus symmetricus",0,"60-3",44.22894667,-124.8861783,50,50
"MFU","52193","991","d1","1","Trachurus symmetricus",0,"60-3",44.22894667,-124.8861783,50,50
"MFU","52193","993","d5","1","Clupea pallasii",144,"60-3",44.22894667,-124.8861783,0,0
"MFU","52193","993","d5","1","Engraulis mordax",7946,"60-3",44.22894667,-124.8861783,0,0
"MFU","52193","993","d5","1","Leuroglossus stilbius",0,"60-3",44.22894667,-124.8861783,0,0
"MFU","52193","993","d5","1","Merluccius productus",251,"60-3",44.22894667,-124.8861783,0,0
"MFU","52193","993","d5","1","Merluccius productus",2018,"60-3",44.22894667,-124.8861783,0,0
"MFU","52193","993","d5","1","Microstomus pacificus",0,"60-3",44.22894667,-124.8861783,0,0
"MFU","52193","993","d5","1","Sardinops sagax",99,"60-3",44.22894667,-124.8861783,0,0
"MFU","52193","993","d5","1","Scomber japonicus",0,"60-3",44.22894667,-124.8861783,0,0
"MFU","52193","993","d5","1","Sebastes entomelas",0,"60-3",44.22894667,-124.8861783,0,0
"MFU","52193","993","d5","1","Stenobrachius leucopsarus",0,"60-3",44.22894667,-124.8861783,0,0
"MFU","52193","993","d5","1","Stenobrachius leucopsarus",0,"60-3",44.22894667,-124.8861783,0,0
"MFU","52193","993","d5","1","Tactostoma macropus",0,"60-3",44.22894667,-124.8861783,0,0
"MFU","52193","993","d5","1","Tarletonbeania crenularis",0,"60-3",44.22894667,-124.8861783,0,0
"MFU","52193","993","d5","1","Tarletonbeania crenularis",457561,"60-3",44.22894667,-124.8861783,0,0
"MFU","52193","993","d5","1","Thaleichthys pacificus",0,"60-3",44.22894667,-124.8861783,0,0
"MFU","52193","993","d5","1","Trachurus symmetricus",0,"60-3",44.22894667,-124.8861783,0,0
"MFU","52193","993","d5","1","Trachurus symmetricus",3383,"60-3",44.22894667,-124.8861783,0,0
"MFU","52193","997","d1","1","Clupea pallasii",3701,"60-2",44.23054833,-124.5392983,50,50
"MFU","52193","997","d1","1","Engraulis mordax",0,"60-2",44.23054833,-124.5392983,50,50
"MFU","52193","997","d1","1","Leuroglossus stilbius",0,"60-2",44.23054833,-124.5392983,50,50
"MFU","52193","997","d1","1","Merluccius productus",0,"60-2",44.23054833,-124.5392983,50,50
"MFU","52193","997","d1","1","Merluccius productus",1136,"60-2",44.23054833,-124.5392983,50,50
"MFU","52193","997","d1","1","Microstomus pacificus",0,"60-2",44.23054833,-124.5392983,50,50
"MFU","52193","997","d1","1","Sardinops sagax",0,"60-2",44.23054833,-124.5392983,50,50
"MFU","52193","997","d1","1","Scomber japonicus",1107,"60-2",44.23054833,-124.5392983,50,50
"MFU","52193","997","d1","1","Sebastes entomelas",0,"60-2",44.23054833,-124.5392983,50,50
"MFU","52193","997","d1","1","Stenobrachius leucopsarus",0,"60-2",44.23054833,-124.5392983,50,50
"MFU","52193","997","d1","1","Stenobrachius leucopsarus",0,"60-2",44.23054833,-124.5392983,50,50
"MFU","52193","997","d1","1","Tactostoma macropus",0,"60-2",44.23054833,-124.5392983,50,50
"MFU","52193","997","d1","1","Tarletonbeania crenularis",0,"60-2",44.23054833,-124.5392983,50,50
"MFU","52193","997","d1","1","Tarletonbeania crenularis",0,"60-2",44.23054833,-124.5392983,50,50
"MFU","52193","997","d1","1","Thaleichthys pacificus",0,"60-2",44.23054833,-124.5392983,50,50
"MFU","52193","997","d1","1","Trachurus symmetricus",0,"60-2",44.23054833,-124.5392983,50,50
"MFU","52193","997","d1","1","Trachurus symmetricus",0,"60-2",44.23054833,-124.5392983,50,50
